Transaction ID,Date,Product ID,Product Name,Product Type,Quantity Sold,Unit Price,Total Sales Amount,Customer ID,Customer Age,Customer Gender,Customer Location,Payment Method,Discount Applied
T3331,01-01-2018,P005,Vitamin D3 Supplement,Supplement,4,12,48,C3331,22,Male,Denver,Cash,10%
T2459,02-01-2018,P030,Heart Health Supplement,Supplement,4,35,140,C2459,22,Male,Seattle,Debit Card,0%
T3116,02-01-2018,P043,Pain Relief Patch,Medicine,5,7,35,C3116,59,Male,San Francisco,Debit Card,10%
T2716,03-01-2018,P032,Caffeine Pills,Supplement,4,5,20,C2716,23,Female,Chicago,Cash,10%
T4583,04-01-2018,P007,Diabetic Test Strips,Medical Equipment,4,50,200,C4583,50,Female,Boston,Cash,5%
T3853,04-01-2018,P021,Hand Sanitizer,Hygiene,4,3,12,C3853,59,Male,Miami,Debit Card,15%
T4266,04-01-2018,P049,Antifungal Powder,Medicine,4,10,40,C4266,29,Female,Seattle,Mobile Payment,5%
T2331,04-01-2018,P038,Liver Health Supplement,Supplement,1,20,20,C2331,61,Female,Los Angeles,Debit Card,5%
T1982,05-01-2018,P036,Tea Tree Oil,Skincare,4,12,48,C1982,55,Female,Miami,Mobile Payment,5%
T3729,05-01-2018,P042,Green Tea Capsules,Supplement,4,10,40,C3729,20,Female,Boston,Credit Card,15%
T0823,05-01-2018,P015,Protein Powder,Nutrition,3,25,75,C0823,19,Male,Los Angeles,Mobile Payment,10%
T2753,06-01-2018,P019,Aloe Vera Gel,Skincare,4,8,32,C2753,54,Male,Los Angeles,Debit Card,5%
T0478,06-01-2018,P040,Hair Conditioner,Haircare,4,13,52,C0478,51,Female,Chicago,Cash,15%
T4999,06-01-2018,P024,Collagen Powder,Supplement,3,30,90,C4999,23,Male,San Francisco,Debit Card,15%
T2571,06-01-2018,P010,Lip Balm,Skincare,5,7,35,C2571,33,Male,Denver,Credit Card,5%
T1937,07-01-2018,P029,Zinc Supplement,Supplement,1,10,10,C1937,64,Male,Los Angeles,Cash,15%
T3030,07-01-2018,P012,Organic Face Wash,Skincare,2,10,20,C3030,37,Female,Boston,Cash,5%
T0664,07-01-2018,P031,Hydration Powder,Nutrition,1,7,7,C0664,54,Male,New York,Debit Card,15%
T4446,07-01-2018,P032,Caffeine Pills,Supplement,1,5,5,C4446,63,Female,Houston,Debit Card,0%
T4823,09-01-2018,P049,Antifungal Powder,Medicine,3,10,30,C4823,46,Female,Boston,Cash,5%
T3346,09-01-2018,P016,Energy Drink,Beverage,1,5,5,C3346,35,Female,Houston,Credit Card,10%
T1432,11-01-2018,P029,Zinc Supplement,Supplement,2,10,20,C1432,28,Female,Miami,Mobile Payment,5%
T4933,11-01-2018,P008,Fish Oil Capsules,Supplement,5,18,90,C4933,40,Female,San Francisco,Mobile Payment,15%
T0407,11-01-2018,P029,Zinc Supplement,Supplement,4,10,40,C0407,60,Female,Denver,Cash,5%
T3344,12-01-2018,P037,Natural Deodorant,Hygiene,5,9,45,C3344,31,Female,Houston,Mobile Payment,15%
T1430,12-01-2018,P010,Lip Balm,Skincare,3,7,21,C1430,32,Female,Miami,Credit Card,5%
T3855,12-01-2018,P010,Lip Balm,Skincare,1,7,7,C3855,59,Male,Boston,Debit Card,5%
T3736,12-01-2018,P002,Multivitamin Tablet,Supplement,4,15,60,C3736,56,Female,Denver,Mobile Payment,10%
T2435,12-01-2018,P023,Acne Treatment Gel,Skincare,4,16,64,C2435,22,Female,Miami,Debit Card,5%
T3805,12-01-2018,P046,Sunblock Cream,Skincare,4,20,80,C3805,55,Male,Seattle,Mobile Payment,15%
T2227,12-01-2018,P043,Pain Relief Patch,Medicine,3,7,21,C2227,48,Male,Seattle,Debit Card,10%
T0272,13-01-2018,P048,Hydrocortisone Cream,Medicine,5,5,25,C0272,52,Male,Denver,Cash,0%
T4095,14-01-2018,P009,Antibacterial Handwash,Hygiene,5,5,25,C4095,41,Female,Boston,Cash,5%
T2063,15-01-2018,P023,Acne Treatment Gel,Skincare,3,16,48,C2063,37,Female,Chicago,Mobile Payment,10%
T2861,15-01-2018,P029,Zinc Supplement,Supplement,3,10,30,C2861,37,Female,Los Angeles,Debit Card,10%
T4367,15-01-2018,P028,Omega-3 Capsules,Supplement,4,22,88,C4367,31,Female,Houston,Mobile Payment,15%
T3320,16-01-2018,P017,Anti-Dandruff Shampoo,Haircare,5,14,70,C3320,28,Male,Boston,Credit Card,10%
T2138,17-01-2018,P024,Collagen Powder,Supplement,4,30,120,C2138,44,Male,Denver,Debit Card,15%
T3577,18-01-2018,P008,Fish Oil Capsules,Supplement,5,18,90,C3577,33,Female,San Francisco,Credit Card,5%
T4993,18-01-2018,P017,Anti-Dandruff Shampoo,Haircare,1,14,14,C4993,51,Female,Chicago,Mobile Payment,10%
T3881,18-01-2018,P038,Liver Health Supplement,Supplement,5,20,100,C3881,32,Male,Houston,Credit Card,5%
T2384,19-01-2018,P049,Antifungal Powder,Medicine,1,10,10,C2384,47,Female,New York,Credit Card,5%
T4439,21-01-2018,P042,Green Tea Capsules,Supplement,4,10,40,C4439,57,Male,Chicago,Credit Card,10%
T3272,22-01-2018,P002,Multivitamin Tablet,Supplement,4,15,60,C3272,21,Female,San Francisco,Credit Card,10%
T3691,23-01-2018,P024,Collagen Powder,Supplement,5,30,150,C3691,51,Male,Houston,Debit Card,15%
T1399,23-01-2018,P040,Hair Conditioner,Haircare,3,13,39,C1399,23,Female,Houston,Mobile Payment,5%
T3552,23-01-2018,P036,Tea Tree Oil,Skincare,3,12,36,C3552,29,Female,Denver,Debit Card,10%
T1234,24-01-2018,P025,Eye Drops,Medicine,3,12,36,C1234,46,Male,Los Angeles,Cash,0%
T0880,24-01-2018,P004,Anti-Allergy Cream,Skincare,4,25,100,C0880,51,Male,Los Angeles,Credit Card,0%
T2738,25-01-2018,P001,Pain Relief Capsule,Medicine,4,10,40,C2738,54,Female,San Francisco,Mobile Payment,0%
T4617,25-01-2018,P033,Foot Cream,Skincare,2,15,30,C4617,27,Female,Denver,Cash,15%
T2318,25-01-2018,P022,Toothpaste,Hygiene,2,4,8,C2318,47,Male,New York,Debit Card,0%
T4914,25-01-2018,P050,Ear Drops,Medicine,5,6,30,C4914,54,Male,San Francisco,Debit Card,15%
T0803,27-01-2018,P003,Cold Syrup,Medicine,1,8,8,C0803,48,Female,Los Angeles,Cash,5%
T1810,27-01-2018,P011,Herbal Shampoo,Haircare,2,12,24,C1810,43,Female,San Francisco,Cash,0%
T0568,28-01-2018,P017,Anti-Dandruff Shampoo,Haircare,5,14,70,C0568,59,Female,Chicago,Cash,0%
T0646,29-01-2018,P040,Hair Conditioner,Haircare,3,13,39,C0646,32,Female,Chicago,Mobile Payment,10%
T4909,30-01-2018,P012,Organic Face Wash,Skincare,3,10,30,C4909,18,Female,Denver,Mobile Payment,0%
T3415,31-01-2018,P017,Anti-Dandruff Shampoo,Haircare,5,14,70,C3415,40,Female,Denver,Cash,5%
T1304,31-01-2018,P023,Acne Treatment Gel,Skincare,4,16,64,C1304,51,Female,Chicago,Debit Card,10%
T2549,01-02-2018,P042,Green Tea Capsules,Supplement,3,10,30,C2549,35,Male,Boston,Mobile Payment,10%
T2393,01-02-2018,P006,Cough Drops,Medicine,4,2.5,10,C2393,51,Male,Seattle,Credit Card,10%
T4235,02-02-2018,P022,Toothpaste,Hygiene,1,4,4,C4235,63,Female,Houston,Debit Card,10%
T2932,04-02-2018,P024,Collagen Powder,Supplement,4,30,120,C2932,25,Male,Chicago,Credit Card,10%
T1423,04-02-2018,P022,Toothpaste,Hygiene,3,4,12,C1423,35,Male,New York,Credit Card,10%
T3589,05-02-2018,P004,Anti-Allergy Cream,Skincare,3,25,75,C3589,35,Female,Denver,Credit Card,15%
T2577,05-02-2018,P029,Zinc Supplement,Supplement,2,10,20,C2577,45,Female,Houston,Debit Card,15%
T2462,05-02-2018,P041,Digestive Enzymes,Supplement,1,18,18,C2462,50,Male,Miami,Mobile Payment,15%
T4712,05-02-2018,P034,Hair Growth Serum,Haircare,1,28,28,C4712,22,Male,New York,Cash,0%
T0335,06-02-2018,P001,Pain Relief Capsule,Medicine,4,10,40,C0335,65,Male,San Francisco,Mobile Payment,0%
T3074,07-02-2018,P016,Energy Drink,Beverage,2,5,10,C3074,50,Female,San Francisco,Credit Card,5%
T3526,07-02-2018,P037,Natural Deodorant,Hygiene,2,9,18,C3526,38,Female,San Francisco,Debit Card,0%
T3694,07-02-2018,P009,Antibacterial Handwash,Hygiene,1,5,5,C3694,35,Male,New York,Credit Card,15%
T1235,08-02-2018,P001,Pain Relief Capsule,Medicine,3,10,30,C1235,62,Male,Boston,Debit Card,10%
T1648,09-02-2018,P031,Hydration Powder,Nutrition,3,7,21,C1648,46,Male,Denver,Debit Card,10%
T1187,10-02-2018,P030,Heart Health Supplement,Supplement,5,35,175,C1187,27,Male,Chicago,Credit Card,15%
T2262,10-02-2018,P045,Vitamin C Serum,Skincare,4,25,100,C2262,21,Male,Boston,Debit Card,10%
T1351,10-02-2018,P007,Diabetic Test Strips,Medical Equipment,5,50,250,C1351,61,Female,Boston,Mobile Payment,15%
T2797,10-02-2018,P012,Organic Face Wash,Skincare,4,10,40,C2797,57,Female,Seattle,Debit Card,5%
T2578,10-02-2018,P008,Fish Oil Capsules,Supplement,1,18,18,C2578,38,Male,San Francisco,Mobile Payment,15%
T1737,11-02-2018,P041,Digestive Enzymes,Supplement,3,18,54,C1737,39,Male,New York,Cash,10%
T3425,12-02-2018,P002,Multivitamin Tablet,Supplement,2,15,30,C3425,21,Male,Los Angeles,Debit Card,15%
T0369,12-02-2018,P013,Probiotic Supplement,Supplement,3,20,60,C0369,44,Male,Houston,Debit Card,0%
T3960,12-02-2018,P017,Anti-Dandruff Shampoo,Haircare,4,14,56,C3960,23,Male,Denver,Cash,15%
T4765,13-02-2018,P049,Antifungal Powder,Medicine,1,10,10,C4765,31,Female,Chicago,Mobile Payment,0%
T1969,13-02-2018,P010,Lip Balm,Skincare,5,7,35,C1969,41,Male,Denver,Cash,15%
T4191,14-02-2018,P015,Protein Powder,Nutrition,1,25,25,C4191,45,Female,Boston,Debit Card,5%
T1183,14-02-2018,P049,Antifungal Powder,Medicine,5,10,50,C1183,56,Male,Houston,Debit Card,10%
T3055,14-02-2018,P035,Anti-Wrinkle Cream,Skincare,4,45,180,C3055,62,Female,San Francisco,Debit Card,5%
T3114,15-02-2018,P001,Pain Relief Capsule,Medicine,2,10,20,C3114,46,Male,Houston,Credit Card,10%
T3580,15-02-2018,P037,Natural Deodorant,Hygiene,4,9,36,C3580,28,Male,Boston,Credit Card,10%
T0201,16-02-2018,P035,Anti-Wrinkle Cream,Skincare,1,45,45,C0201,49,Male,Houston,Debit Card,5%
T4427,16-02-2018,P020,Elderberry Syrup,Medicine,4,22,88,C4427,54,Male,Miami,Cash,15%
T2356,16-02-2018,P007,Diabetic Test Strips,Medical Equipment,3,50,150,C2356,20,Male,Houston,Debit Card,5%
T0359,16-02-2018,P042,Green Tea Capsules,Supplement,2,10,20,C0359,35,Female,San Francisco,Credit Card,15%
T0009,17-02-2018,P003,Cold Syrup,Medicine,5,8,40,C0009,18,Male,San Francisco,Mobile Payment,10%
T1763,18-02-2018,P028,Omega-3 Capsules,Supplement,2,22,44,C1763,46,Male,Boston,Mobile Payment,0%
T4070,18-02-2018,P032,Caffeine Pills,Supplement,2,5,10,C4070,19,Male,San Francisco,Mobile Payment,5%
T0265,20-02-2018,P033,Foot Cream,Skincare,2,15,30,C0265,51,Male,Boston,Cash,10%
T4720,21-02-2018,P013,Probiotic Supplement,Supplement,5,20,100,C4720,28,Male,Denver,Mobile Payment,15%
T1792,21-02-2018,P004,Anti-Allergy Cream,Skincare,3,25,75,C1792,21,Female,Seattle,Credit Card,0%
T3183,22-02-2018,P015,Protein Powder,Nutrition,2,25,50,C3183,36,Male,Los Angeles,Mobile Payment,15%
T2717,22-02-2018,P034,Hair Growth Serum,Haircare,1,28,28,C2717,26,Female,San Francisco,Cash,10%
T2612,23-02-2018,P027,All-Purpose Ointment,Medicine,2,6,12,C2612,52,Male,Los Angeles,Mobile Payment,10%
T3934,23-02-2018,P011,Herbal Shampoo,Haircare,2,12,24,C3934,55,Female,Chicago,Cash,5%
T2466,25-02-2018,P043,Pain Relief Patch,Medicine,3,7,21,C2466,41,Female,New York,Debit Card,10%
T2638,26-02-2018,P035,Anti-Wrinkle Cream,Skincare,3,45,135,C2638,63,Male,Miami,Debit Card,5%
T1657,26-02-2018,P010,Lip Balm,Skincare,3,7,21,C1657,54,Female,Seattle,Credit Card,15%
T3098,26-02-2018,P040,Hair Conditioner,Haircare,4,13,52,C3098,57,Female,Seattle,Mobile Payment,10%
T3341,27-02-2018,P041,Digestive Enzymes,Supplement,3,18,54,C3341,49,Male,Denver,Credit Card,10%
T4940,27-02-2018,P001,Pain Relief Capsule,Medicine,1,10,10,C4940,44,Female,New York,Debit Card,5%
T2670,27-02-2018,P018,Moisturizing Lotion,Skincare,5,18,90,C2670,29,Male,Los Angeles,Mobile Payment,10%
T1567,27-02-2018,P019,Aloe Vera Gel,Skincare,2,8,16,C1567,57,Male,Denver,Debit Card,0%
T3324,28-02-2018,P019,Aloe Vera Gel,Skincare,4,8,32,C3324,40,Female,New York,Mobile Payment,0%
T0302,01-03-2018,P019,Aloe Vera Gel,Skincare,2,8,16,C0302,64,Male,Los Angeles,Mobile Payment,0%
T0361,01-03-2018,P029,Zinc Supplement,Supplement,4,10,40,C0361,43,Male,Miami,Debit Card,5%
T3165,02-03-2018,P003,Cold Syrup,Medicine,4,8,32,C3165,26,Male,Chicago,Debit Card,5%
T4214,02-03-2018,P029,Zinc Supplement,Supplement,1,10,10,C4214,57,Male,Miami,Cash,15%
T4433,04-03-2018,P022,Toothpaste,Hygiene,4,4,16,C4433,55,Male,Chicago,Cash,15%
T2683,04-03-2018,P038,Liver Health Supplement,Supplement,1,20,20,C2683,55,Female,Denver,Debit Card,15%
T4307,04-03-2018,P046,Sunblock Cream,Skincare,2,20,40,C4307,44,Male,Los Angeles,Debit Card,15%
T4498,04-03-2018,P048,Hydrocortisone Cream,Medicine,3,5,15,C4498,43,Male,Denver,Mobile Payment,10%
T4692,04-03-2018,P002,Multivitamin Tablet,Supplement,3,15,45,C4692,26,Male,Seattle,Debit Card,5%
T4066,04-03-2018,P038,Liver Health Supplement,Supplement,5,20,100,C4066,55,Female,Los Angeles,Credit Card,10%
T2295,05-03-2018,P031,Hydration Powder,Nutrition,3,7,21,C2295,32,Male,Miami,Debit Card,5%
T3390,07-03-2018,P041,Digestive Enzymes,Supplement,5,18,90,C3390,18,Female,Boston,Credit Card,0%
T3440,07-03-2018,P003,Cold Syrup,Medicine,2,8,16,C3440,62,Male,Seattle,Cash,5%
T1975,07-03-2018,P029,Zinc Supplement,Supplement,1,10,10,C1975,59,Female,Denver,Mobile Payment,5%
T4232,08-03-2018,P008,Fish Oil Capsules,Supplement,4,18,72,C4232,31,Female,Chicago,Mobile Payment,15%
T3818,08-03-2018,P023,Acne Treatment Gel,Skincare,1,16,16,C3818,32,Female,Los Angeles,Debit Card,10%
T0522,09-03-2018,P002,Multivitamin Tablet,Supplement,2,15,30,C0522,27,Female,Miami,Mobile Payment,5%
T0271,10-03-2018,P010,Lip Balm,Skincare,2,7,14,C0271,39,Female,San Francisco,Credit Card,10%
T2093,10-03-2018,P002,Multivitamin Tablet,Supplement,5,15,75,C2093,60,Male,Denver,Debit Card,5%
T1930,10-03-2018,P013,Probiotic Supplement,Supplement,3,20,60,C1930,20,Female,Seattle,Mobile Payment,5%
T3232,10-03-2018,P031,Hydration Powder,Nutrition,3,7,21,C3232,60,Female,Houston,Mobile Payment,0%
T0732,11-03-2018,P015,Protein Powder,Nutrition,1,25,25,C0732,18,Female,New York,Credit Card,0%
T1126,11-03-2018,P044,Joint Health Tablets,Supplement,4,32,128,C1126,19,Female,Seattle,Debit Card,0%
T3923,12-03-2018,P043,Pain Relief Patch,Medicine,2,7,14,C3923,57,Female,Miami,Debit Card,15%
T0606,12-03-2018,P043,Pain Relief Patch,Medicine,5,7,35,C0606,40,Male,Denver,Mobile Payment,5%
T4934,12-03-2018,P043,Pain Relief Patch,Medicine,5,7,35,C4934,50,Female,Miami,Cash,0%
T3877,13-03-2018,P024,Collagen Powder,Supplement,2,30,60,C3877,59,Female,Boston,Mobile Payment,0%
T1858,13-03-2018,P050,Ear Drops,Medicine,1,6,6,C1858,19,Female,Houston,Credit Card,15%
T2387,15-03-2018,P027,All-Purpose Ointment,Medicine,2,6,12,C2387,45,Male,Seattle,Cash,0%
T4917,15-03-2018,P003,Cold Syrup,Medicine,5,8,40,C4917,49,Male,Chicago,Cash,0%
T0380,15-03-2018,P013,Probiotic Supplement,Supplement,3,20,60,C0380,62,Female,Boston,Cash,5%
T2908,16-03-2018,P012,Organic Face Wash,Skincare,4,10,40,C2908,51,Female,San Francisco,Mobile Payment,10%
T4779,17-03-2018,P016,Energy Drink,Beverage,1,5,5,C4779,26,Male,Seattle,Debit Card,15%
T1418,17-03-2018,P004,Anti-Allergy Cream,Skincare,1,25,25,C1418,61,Male,New York,Debit Card,15%
T0988,18-03-2018,P050,Ear Drops,Medicine,2,6,12,C0988,53,Female,Denver,Mobile Payment,0%
T1028,18-03-2018,P011,Herbal Shampoo,Haircare,4,12,48,C1028,21,Male,San Francisco,Credit Card,5%
T0233,18-03-2018,P030,Heart Health Supplement,Supplement,1,35,35,C0233,21,Female,Denver,Mobile Payment,5%
T0667,18-03-2018,P004,Anti-Allergy Cream,Skincare,4,25,100,C0667,43,Female,Miami,Mobile Payment,5%
T2377,19-03-2018,P028,Omega-3 Capsules,Supplement,1,22,22,C2377,19,Male,Chicago,Mobile Payment,15%
T3480,19-03-2018,P024,Collagen Powder,Supplement,5,30,150,C3480,30,Male,Houston,Mobile Payment,0%
T3286,20-03-2018,P045,Vitamin C Serum,Skincare,1,25,25,C3286,41,Female,Seattle,Debit Card,5%
T0077,20-03-2018,P026,Muscle Relaxant Cream,Medicine,3,25,75,C0077,46,Male,Denver,Mobile Payment,5%
T0356,20-03-2018,P008,Fish Oil Capsules,Supplement,3,18,54,C0356,65,Male,Denver,Mobile Payment,0%
T3394,21-03-2018,P018,Moisturizing Lotion,Skincare,3,18,54,C3394,31,Male,Chicago,Credit Card,0%
T1299,21-03-2018,P036,Tea Tree Oil,Skincare,5,12,60,C1299,23,Female,Boston,Cash,15%
T1385,21-03-2018,P046,Sunblock Cream,Skincare,3,20,60,C1385,58,Female,Houston,Debit Card,0%
T4139,22-03-2018,P012,Organic Face Wash,Skincare,2,10,20,C4139,60,Male,Houston,Debit Card,0%
T4025,22-03-2018,P016,Energy Drink,Beverage,1,5,5,C4025,51,Female,Chicago,Debit Card,10%
T3547,22-03-2018,P008,Fish Oil Capsules,Supplement,5,18,90,C3547,31,Male,Chicago,Mobile Payment,15%
T1519,23-03-2018,P011,Herbal Shampoo,Haircare,5,12,60,C1519,38,Female,New York,Cash,10%
T0191,25-03-2018,P046,Sunblock Cream,Skincare,5,20,100,C0191,38,Female,Los Angeles,Credit Card,10%
T0959,26-03-2018,P010,Lip Balm,Skincare,3,7,21,C0959,51,Female,New York,Debit Card,5%
T1807,26-03-2018,P030,Heart Health Supplement,Supplement,1,35,35,C1807,23,Male,Chicago,Mobile Payment,10%
T0774,26-03-2018,P039,Nasal Spray,Medicine,4,8,32,C0774,19,Male,San Francisco,Cash,10%
T3455,27-03-2018,P007,Diabetic Test Strips,Medical Equipment,4,50,200,C3455,46,Male,Denver,Credit Card,15%
T2734,27-03-2018,P034,Hair Growth Serum,Haircare,5,28,140,C2734,47,Female,Houston,Mobile Payment,0%
T0707,27-03-2018,P041,Digestive Enzymes,Supplement,2,18,36,C0707,33,Male,Miami,Credit Card,10%
T4664,28-03-2018,P007,Diabetic Test Strips,Medical Equipment,2,50,100,C4664,56,Male,Boston,Debit Card,0%
T2343,29-03-2018,P009,Antibacterial Handwash,Hygiene,2,5,10,C2343,50,Female,Seattle,Mobile Payment,10%
T3424,29-03-2018,P011,Herbal Shampoo,Haircare,4,12,48,C3424,45,Female,New York,Cash,0%
T0835,29-03-2018,P007,Diabetic Test Strips,Medical Equipment,2,50,100,C0835,18,Male,Chicago,Cash,0%
T0340,30-03-2018,P023,Acne Treatment Gel,Skincare,5,16,80,C0340,27,Female,San Francisco,Debit Card,0%
T4573,30-03-2018,P008,Fish Oil Capsules,Supplement,3,18,54,C4573,34,Male,Denver,Mobile Payment,0%
T3125,30-03-2018,P022,Toothpaste,Hygiene,5,4,20,C3125,41,Female,Denver,Cash,5%
T2851,31-03-2018,P025,Eye Drops,Medicine,4,12,48,C2851,29,Male,Chicago,Mobile Payment,0%
T0800,31-03-2018,P016,Energy Drink,Beverage,2,5,10,C0800,43,Male,Miami,Cash,5%
T2409,31-03-2018,P015,Protein Powder,Nutrition,4,25,100,C2409,63,Female,Chicago,Mobile Payment,0%
T3759,31-03-2018,P022,Toothpaste,Hygiene,2,4,8,C3759,48,Male,San Francisco,Cash,0%
T2755,01-04-2018,P012,Organic Face Wash,Skincare,3,10,30,C2755,28,Male,Denver,Cash,15%
T0171,01-04-2018,P027,All-Purpose Ointment,Medicine,2,6,12,C0171,21,Female,New York,Credit Card,0%
T3490,02-04-2018,P035,Anti-Wrinkle Cream,Skincare,1,45,45,C3490,19,Male,Houston,Credit Card,5%
T0524,03-04-2018,P025,Eye Drops,Medicine,1,12,12,C0524,24,Female,Los Angeles,Debit Card,0%
T2381,04-04-2018,P005,Vitamin D3 Supplement,Supplement,1,12,12,C2381,21,Female,Houston,Credit Card,10%
T2107,04-04-2018,P013,Probiotic Supplement,Supplement,3,20,60,C2107,49,Male,Boston,Mobile Payment,5%
T0322,05-04-2018,P044,Joint Health Tablets,Supplement,5,32,160,C0322,32,Female,Seattle,Debit Card,15%
T0740,05-04-2018,P045,Vitamin C Serum,Skincare,2,25,50,C0740,37,Male,Los Angeles,Mobile Payment,10%
T0283,06-04-2018,P021,Hand Sanitizer,Hygiene,2,3,6,C0283,52,Female,Boston,Mobile Payment,5%
T0703,06-04-2018,P046,Sunblock Cream,Skincare,4,20,80,C0703,57,Female,Seattle,Credit Card,15%
T2112,06-04-2018,P047,Coconut Oil,Haircare,1,12,12,C2112,58,Male,Houston,Credit Card,10%
T0074,07-04-2018,P047,Coconut Oil,Haircare,4,12,48,C0074,38,Male,New York,Debit Card,15%
T2618,07-04-2018,P018,Moisturizing Lotion,Skincare,2,18,36,C2618,64,Female,Miami,Debit Card,10%
T0442,07-04-2018,P034,Hair Growth Serum,Haircare,2,28,56,C0442,54,Male,Miami,Mobile Payment,10%
T4875,08-04-2018,P041,Digestive Enzymes,Supplement,1,18,18,C4875,60,Female,Los Angeles,Mobile Payment,0%
T3731,09-04-2018,P015,Protein Powder,Nutrition,3,25,75,C3731,42,Male,Denver,Credit Card,15%
T2046,09-04-2018,P028,Omega-3 Capsules,Supplement,1,22,22,C2046,33,Female,Los Angeles,Credit Card,5%
T3268,09-04-2018,P003,Cold Syrup,Medicine,5,8,40,C3268,21,Female,Miami,Mobile Payment,0%
T0730,09-04-2018,P035,Anti-Wrinkle Cream,Skincare,5,45,225,C0730,56,Female,Boston,Debit Card,10%
T3604,10-04-2018,P009,Antibacterial Handwash,Hygiene,4,5,20,C3604,26,Male,Miami,Credit Card,0%
T0839,11-04-2018,P039,Nasal Spray,Medicine,4,8,32,C0839,40,Female,Miami,Debit Card,0%
T4715,12-04-2018,P047,Coconut Oil,Haircare,2,12,24,C4715,32,Male,Seattle,Credit Card,15%
T4998,12-04-2018,P045,Vitamin C Serum,Skincare,1,25,25,C4998,54,Female,Boston,Mobile Payment,0%
T3959,12-04-2018,P009,Antibacterial Handwash,Hygiene,2,5,10,C3959,23,Female,Denver,Cash,0%
T1528,12-04-2018,P006,Cough Drops,Medicine,2,2.5,5,C1528,47,Female,Boston,Debit Card,10%
T3199,13-04-2018,P043,Pain Relief Patch,Medicine,2,7,14,C3199,32,Female,New York,Debit Card,5%
T3873,13-04-2018,P022,Toothpaste,Hygiene,5,4,20,C3873,46,Male,Miami,Credit Card,5%
T1968,13-04-2018,P042,Green Tea Capsules,Supplement,3,10,30,C1968,24,Female,San Francisco,Credit Card,5%
T3328,14-04-2018,P049,Antifungal Powder,Medicine,4,10,40,C3328,51,Female,San Francisco,Mobile Payment,0%
T3352,15-04-2018,P034,Hair Growth Serum,Haircare,4,28,112,C3352,51,Male,Seattle,Credit Card,10%
T1395,15-04-2018,P003,Cold Syrup,Medicine,1,8,8,C1395,65,Female,Houston,Cash,10%
T3492,15-04-2018,P046,Sunblock Cream,Skincare,4,20,80,C3492,44,Male,Houston,Debit Card,15%
T0413,16-04-2018,P028,Omega-3 Capsules,Supplement,4,22,88,C0413,43,Female,Miami,Cash,10%
T1745,16-04-2018,P018,Moisturizing Lotion,Skincare,2,18,36,C1745,57,Male,Boston,Credit Card,0%
T3718,17-04-2018,P004,Anti-Allergy Cream,Skincare,2,25,50,C3718,46,Female,Boston,Debit Card,0%
T0228,18-04-2018,P036,Tea Tree Oil,Skincare,1,12,12,C0228,22,Male,Miami,Mobile Payment,10%
T0466,18-04-2018,P044,Joint Health Tablets,Supplement,1,32,32,C0466,24,Male,Denver,Debit Card,5%
T1563,18-04-2018,P032,Caffeine Pills,Supplement,5,5,25,C1563,42,Male,Chicago,Debit Card,5%
T1151,18-04-2018,P038,Liver Health Supplement,Supplement,5,20,100,C1151,20,Male,San Francisco,Debit Card,10%
T3602,18-04-2018,P005,Vitamin D3 Supplement,Supplement,1,12,12,C3602,32,Female,Miami,Credit Card,5%
T4741,18-04-2018,P043,Pain Relief Patch,Medicine,3,7,21,C4741,64,Male,Boston,Credit Card,0%
T1361,19-04-2018,P044,Joint Health Tablets,Supplement,2,32,64,C1361,65,Male,Houston,Debit Card,5%
T4649,19-04-2018,P048,Hydrocortisone Cream,Medicine,1,5,5,C4649,37,Female,Houston,Cash,5%
T3437,20-04-2018,P017,Anti-Dandruff Shampoo,Haircare,3,14,42,C3437,53,Female,Seattle,Debit Card,10%
T0059,20-04-2018,P013,Probiotic Supplement,Supplement,4,20,80,C0059,54,Female,Los Angeles,Cash,0%
T2125,22-04-2018,P031,Hydration Powder,Nutrition,1,7,7,C2125,64,Male,Seattle,Credit Card,10%
T3585,22-04-2018,P028,Omega-3 Capsules,Supplement,3,22,66,C3585,63,Female,Chicago,Mobile Payment,5%
T3335,24-04-2018,P034,Hair Growth Serum,Haircare,4,28,112,C3335,41,Male,Boston,Credit Card,10%
T2259,24-04-2018,P049,Antifungal Powder,Medicine,2,10,20,C2259,52,Male,Boston,Mobile Payment,0%
T4689,24-04-2018,P038,Liver Health Supplement,Supplement,3,20,60,C4689,35,Male,Los Angeles,Cash,0%
T1617,25-04-2018,P014,Calcium Tablets,Supplement,4,15,60,C1617,56,Male,Seattle,Mobile Payment,10%
T2728,25-04-2018,P003,Cold Syrup,Medicine,1,8,8,C2728,39,Female,San Francisco,Mobile Payment,15%
T1659,25-04-2018,P049,Antifungal Powder,Medicine,5,10,50,C1659,44,Female,New York,Mobile Payment,15%
T2922,25-04-2018,P030,Heart Health Supplement,Supplement,2,35,70,C2922,60,Male,San Francisco,Credit Card,5%
T3234,26-04-2018,P046,Sunblock Cream,Skincare,4,20,80,C3234,27,Male,San Francisco,Mobile Payment,0%
T2937,26-04-2018,P030,Heart Health Supplement,Supplement,3,35,105,C2937,65,Female,Denver,Mobile Payment,10%
T4125,26-04-2018,P026,Muscle Relaxant Cream,Medicine,3,25,75,C4125,36,Male,Houston,Cash,10%
T1973,27-04-2018,P039,Nasal Spray,Medicine,4,8,32,C1973,33,Male,Boston,Credit Card,5%
T2154,27-04-2018,P014,Calcium Tablets,Supplement,1,15,15,C2154,25,Female,Boston,Credit Card,15%
T0455,27-04-2018,P016,Energy Drink,Beverage,5,5,25,C0455,43,Male,Miami,Credit Card,10%
T1735,28-04-2018,P011,Herbal Shampoo,Haircare,3,12,36,C1735,57,Female,Chicago,Debit Card,5%
T1905,28-04-2018,P023,Acne Treatment Gel,Skincare,3,16,48,C1905,54,Male,Los Angeles,Cash,10%
T2505,28-04-2018,P043,Pain Relief Patch,Medicine,5,7,35,C2505,55,Male,Boston,Credit Card,15%
T0590,30-04-2018,P016,Energy Drink,Beverage,4,5,20,C0590,44,Female,Houston,Mobile Payment,15%
T1847,01-05-2018,P014,Calcium Tablets,Supplement,1,15,15,C1847,45,Female,Los Angeles,Credit Card,0%
T3951,01-05-2018,P034,Hair Growth Serum,Haircare,4,28,112,C3951,49,Male,Boston,Debit Card,15%
T2864,02-05-2018,P034,Hair Growth Serum,Haircare,5,28,140,C2864,28,Female,Chicago,Credit Card,0%
T2722,03-05-2018,P003,Cold Syrup,Medicine,2,8,16,C2722,21,Female,Los Angeles,Debit Card,10%
T0448,03-05-2018,P009,Antibacterial Handwash,Hygiene,5,5,25,C0448,23,Male,Chicago,Mobile Payment,10%
T2473,03-05-2018,P048,Hydrocortisone Cream,Medicine,2,5,10,C2473,64,Male,Houston,Cash,10%
T1133,03-05-2018,P015,Protein Powder,Nutrition,1,25,25,C1133,29,Female,San Francisco,Credit Card,15%
T4286,04-05-2018,P008,Fish Oil Capsules,Supplement,2,18,36,C4286,21,Female,Boston,Mobile Payment,5%
T3707,04-05-2018,P039,Nasal Spray,Medicine,1,8,8,C3707,48,Female,Miami,Cash,0%
T2575,05-05-2018,P030,Heart Health Supplement,Supplement,1,35,35,C2575,41,Female,San Francisco,Mobile Payment,15%
T4258,05-05-2018,P040,Hair Conditioner,Haircare,4,13,52,C4258,62,Female,Boston,Credit Card,10%
T2541,05-05-2018,P042,Green Tea Capsules,Supplement,3,10,30,C2541,32,Male,Chicago,Cash,15%
T2628,05-05-2018,P002,Multivitamin Tablet,Supplement,1,15,15,C2628,33,Female,Boston,Credit Card,0%
T1846,05-05-2018,P022,Toothpaste,Hygiene,4,4,16,C1846,37,Male,Seattle,Mobile Payment,0%
T1002,07-05-2018,P007,Diabetic Test Strips,Medical Equipment,3,50,150,C1002,41,Female,San Francisco,Mobile Payment,15%
T0770,08-05-2018,P014,Calcium Tablets,Supplement,4,15,60,C0770,31,Female,Houston,Cash,10%
T4380,08-05-2018,P003,Cold Syrup,Medicine,3,8,24,C4380,42,Female,Houston,Mobile Payment,0%
T0008,08-05-2018,P033,Foot Cream,Skincare,1,15,15,C0008,32,Female,New York,Credit Card,5%
T3315,08-05-2018,P024,Collagen Powder,Supplement,4,30,120,C3315,38,Female,Miami,Credit Card,15%
T1172,08-05-2018,P040,Hair Conditioner,Haircare,5,13,65,C1172,48,Female,Boston,Debit Card,0%
T3972,09-05-2018,P038,Liver Health Supplement,Supplement,5,20,100,C3972,30,Female,Chicago,Credit Card,10%
T2176,09-05-2018,P037,Natural Deodorant,Hygiene,5,9,45,C2176,64,Female,Seattle,Mobile Payment,10%
T2159,09-05-2018,P031,Hydration Powder,Nutrition,2,7,14,C2159,22,Female,Boston,Credit Card,10%
T0422,09-05-2018,P027,All-Purpose Ointment,Medicine,4,6,24,C0422,40,Male,New York,Credit Card,15%
T4276,10-05-2018,P047,Coconut Oil,Haircare,4,12,48,C4276,35,Female,Chicago,Mobile Payment,0%
T0898,10-05-2018,P012,Organic Face Wash,Skincare,1,10,10,C0898,44,Male,Miami,Credit Card,10%
T1759,10-05-2018,P031,Hydration Powder,Nutrition,4,7,28,C1759,28,Female,Denver,Mobile Payment,0%
T2810,10-05-2018,P032,Caffeine Pills,Supplement,1,5,5,C2810,39,Male,Boston,Mobile Payment,10%
T2506,10-05-2018,P045,Vitamin C Serum,Skincare,3,25,75,C2506,35,Male,Boston,Mobile Payment,15%
T1097,11-05-2018,P029,Zinc Supplement,Supplement,5,10,50,C1097,51,Male,Miami,Cash,5%
T4574,11-05-2018,P043,Pain Relief Patch,Medicine,4,7,28,C4574,65,Female,Denver,Debit Card,15%
T2796,12-05-2018,P047,Coconut Oil,Haircare,1,12,12,C2796,63,Female,New York,Cash,10%
T4590,12-05-2018,P009,Antibacterial Handwash,Hygiene,3,5,15,C4590,28,Female,Boston,Cash,0%
T3961,13-05-2018,P017,Anti-Dandruff Shampoo,Haircare,3,14,42,C3961,58,Male,Seattle,Credit Card,5%
T3685,14-05-2018,P014,Calcium Tablets,Supplement,1,15,15,C3685,18,Female,New York,Mobile Payment,10%
T3124,14-05-2018,P048,Hydrocortisone Cream,Medicine,4,5,20,C3124,33,Male,Houston,Cash,15%
T2219,14-05-2018,P022,Toothpaste,Hygiene,1,4,4,C2219,53,Male,New York,Credit Card,10%
T2477,14-05-2018,P026,Muscle Relaxant Cream,Medicine,4,25,100,C2477,34,Male,Boston,Cash,5%
T0918,15-05-2018,P027,All-Purpose Ointment,Medicine,4,6,24,C0918,27,Male,Miami,Credit Card,0%
T4966,15-05-2018,P035,Anti-Wrinkle Cream,Skincare,5,45,225,C4966,24,Male,Houston,Credit Card,5%
T1265,15-05-2018,P012,Organic Face Wash,Skincare,4,10,40,C1265,33,Male,San Francisco,Cash,15%
T4627,15-05-2018,P007,Diabetic Test Strips,Medical Equipment,2,50,100,C4627,57,Female,Denver,Mobile Payment,5%
T3185,16-05-2018,P027,All-Purpose Ointment,Medicine,3,6,18,C3185,33,Female,Seattle,Cash,10%
T4656,16-05-2018,P031,Hydration Powder,Nutrition,5,7,35,C4656,34,Male,Boston,Mobile Payment,10%
T1870,16-05-2018,P041,Digestive Enzymes,Supplement,5,18,90,C1870,56,Male,Houston,Credit Card,15%
T3597,16-05-2018,P019,Aloe Vera Gel,Skincare,2,8,16,C3597,26,Male,Seattle,Cash,0%
T1961,17-05-2018,P006,Cough Drops,Medicine,5,2.5,12.5,C1961,62,Female,San Francisco,Credit Card,10%
T0128,17-05-2018,P039,Nasal Spray,Medicine,5,8,40,C0128,28,Female,Seattle,Mobile Payment,0%
T1908,17-05-2018,P046,Sunblock Cream,Skincare,1,20,20,C1908,65,Female,Los Angeles,Debit Card,5%
T3816,19-05-2018,P004,Anti-Allergy Cream,Skincare,3,25,75,C3816,52,Male,New York,Credit Card,5%
T4778,19-05-2018,P043,Pain Relief Patch,Medicine,2,7,14,C4778,22,Male,Houston,Credit Card,0%
T2552,20-05-2018,P001,Pain Relief Capsule,Medicine,1,10,10,C2552,38,Male,Denver,Credit Card,0%
T0374,20-05-2018,P024,Collagen Powder,Supplement,4,30,120,C0374,19,Female,Miami,Debit Card,5%
T4486,21-05-2018,P011,Herbal Shampoo,Haircare,2,12,24,C4486,23,Female,Boston,Mobile Payment,0%
T2847,22-05-2018,P046,Sunblock Cream,Skincare,4,20,80,C2847,59,Female,Miami,Cash,10%
T2644,22-05-2018,P021,Hand Sanitizer,Hygiene,1,3,3,C2644,28,Male,Miami,Credit Card,5%
T3400,22-05-2018,P043,Pain Relief Patch,Medicine,4,7,28,C3400,45,Female,New York,Cash,0%
T1481,23-05-2018,P030,Heart Health Supplement,Supplement,2,35,70,C1481,54,Male,Chicago,Debit Card,5%
T1301,26-05-2018,P045,Vitamin C Serum,Skincare,3,25,75,C1301,33,Female,Houston,Debit Card,5%
T2120,27-05-2018,P017,Anti-Dandruff Shampoo,Haircare,2,14,28,C2120,59,Female,Boston,Mobile Payment,0%
T1177,27-05-2018,P043,Pain Relief Patch,Medicine,1,7,7,C1177,42,Male,Houston,Mobile Payment,5%
T0258,27-05-2018,P032,Caffeine Pills,Supplement,2,5,10,C0258,56,Female,Denver,Debit Card,15%
T0044,27-05-2018,P015,Protein Powder,Nutrition,4,25,100,C0044,44,Female,San Francisco,Credit Card,5%
T2624,27-05-2018,P017,Anti-Dandruff Shampoo,Haircare,4,14,56,C2624,25,Female,Houston,Debit Card,5%
T3673,28-05-2018,P008,Fish Oil Capsules,Supplement,4,18,72,C3673,28,Male,Chicago,Credit Card,15%
T0840,28-05-2018,P031,Hydration Powder,Nutrition,5,7,35,C0840,38,Female,Seattle,Debit Card,10%
T4600,28-05-2018,P007,Diabetic Test Strips,Medical Equipment,3,50,150,C4600,53,Female,San Francisco,Credit Card,0%
T1182,29-05-2018,P017,Anti-Dandruff Shampoo,Haircare,2,14,28,C1182,44,Male,Miami,Debit Card,0%
T2217,29-05-2018,P033,Foot Cream,Skincare,1,15,15,C2217,25,Female,Boston,Debit Card,10%
T3139,29-05-2018,P022,Toothpaste,Hygiene,2,4,8,C3139,35,Female,Boston,Mobile Payment,0%
T0384,29-05-2018,P050,Ear Drops,Medicine,5,6,30,C0384,51,Male,Seattle,Cash,5%
T3510,29-05-2018,P044,Joint Health Tablets,Supplement,3,32,96,C3510,30,Male,Denver,Credit Card,0%
T1192,30-05-2018,P048,Hydrocortisone Cream,Medicine,4,5,20,C1192,40,Male,Boston,Credit Card,5%
T1247,30-05-2018,P032,Caffeine Pills,Supplement,5,5,25,C1247,65,Male,New York,Debit Card,5%
T2253,30-05-2018,P047,Coconut Oil,Haircare,5,12,60,C2253,64,Female,Los Angeles,Mobile Payment,0%
T1152,30-05-2018,P045,Vitamin C Serum,Skincare,3,25,75,C1152,34,Male,Los Angeles,Cash,10%
T0248,01-06-2018,P045,Vitamin C Serum,Skincare,4,25,100,C0248,32,Male,Boston,Debit Card,10%
T1358,01-06-2018,P011,Herbal Shampoo,Haircare,1,12,12,C1358,40,Male,Boston,Mobile Payment,5%
T1569,01-06-2018,P041,Digestive Enzymes,Supplement,4,18,72,C1569,63,Male,San Francisco,Debit Card,10%
T4758,02-06-2018,P024,Collagen Powder,Supplement,1,30,30,C4758,23,Female,New York,Debit Card,10%
T4769,02-06-2018,P035,Anti-Wrinkle Cream,Skincare,1,45,45,C4769,38,Male,Los Angeles,Cash,10%
T3206,03-06-2018,P050,Ear Drops,Medicine,3,6,18,C3206,29,Female,New York,Credit Card,15%
T3560,03-06-2018,P020,Elderberry Syrup,Medicine,5,22,110,C3560,37,Female,Denver,Cash,10%
T1224,04-06-2018,P011,Herbal Shampoo,Haircare,5,12,60,C1224,58,Male,Boston,Mobile Payment,15%
T4412,06-06-2018,P007,Diabetic Test Strips,Medical Equipment,4,50,200,C4412,63,Female,Chicago,Mobile Payment,10%
T4223,06-06-2018,P039,Nasal Spray,Medicine,2,8,16,C4223,54,Female,San Francisco,Debit Card,15%
T4162,07-06-2018,P040,Hair Conditioner,Haircare,3,13,39,C4162,36,Female,Houston,Debit Card,10%
T1579,07-06-2018,P033,Foot Cream,Skincare,3,15,45,C1579,36,Female,Los Angeles,Debit Card,5%
T3171,07-06-2018,P033,Foot Cream,Skincare,4,15,60,C3171,31,Male,Los Angeles,Cash,0%
T3288,08-06-2018,P033,Foot Cream,Skincare,5,15,75,C3288,39,Female,Seattle,Mobile Payment,15%
T3650,08-06-2018,P045,Vitamin C Serum,Skincare,1,25,25,C3650,47,Female,San Francisco,Cash,0%
T1244,09-06-2018,P010,Lip Balm,Skincare,4,7,28,C1244,60,Male,San Francisco,Cash,5%
T3195,09-06-2018,P031,Hydration Powder,Nutrition,1,7,7,C3195,59,Male,Seattle,Cash,0%
T0790,09-06-2018,P001,Pain Relief Capsule,Medicine,5,10,50,C0790,33,Female,Miami,Cash,15%
T4192,10-06-2018,P043,Pain Relief Patch,Medicine,1,7,7,C4192,35,Male,Los Angeles,Mobile Payment,0%
T0506,11-06-2018,P007,Diabetic Test Strips,Medical Equipment,1,50,50,C0506,44,Male,Chicago,Cash,10%
T4640,11-06-2018,P044,Joint Health Tablets,Supplement,4,32,128,C4640,18,Male,Miami,Debit Card,10%
T4019,11-06-2018,P018,Moisturizing Lotion,Skincare,1,18,18,C4019,59,Female,Miami,Debit Card,15%
T1160,11-06-2018,P019,Aloe Vera Gel,Skincare,3,8,24,C1160,30,Male,Houston,Debit Card,15%
T2580,12-06-2018,P034,Hair Growth Serum,Haircare,3,28,84,C2580,23,Female,Houston,Cash,0%
T3869,13-06-2018,P036,Tea Tree Oil,Skincare,3,12,36,C3869,41,Female,Seattle,Cash,5%
T2365,13-06-2018,P041,Digestive Enzymes,Supplement,3,18,54,C2365,40,Female,Los Angeles,Debit Card,10%
T3872,14-06-2018,P047,Coconut Oil,Haircare,1,12,12,C3872,36,Female,San Francisco,Debit Card,5%
T1103,14-06-2018,P036,Tea Tree Oil,Skincare,1,12,12,C1103,55,Male,Los Angeles,Cash,0%
T4349,15-06-2018,P050,Ear Drops,Medicine,4,6,24,C4349,50,Male,Denver,Cash,15%
T1176,16-06-2018,P049,Antifungal Powder,Medicine,1,10,10,C1176,23,Male,Miami,Credit Card,0%
T1933,16-06-2018,P015,Protein Powder,Nutrition,3,25,75,C1933,22,Female,Miami,Credit Card,15%
T0215,16-06-2018,P049,Antifungal Powder,Medicine,2,10,20,C0215,58,Male,Boston,Credit Card,10%
T2865,16-06-2018,P002,Multivitamin Tablet,Supplement,3,15,45,C2865,47,Male,Los Angeles,Credit Card,15%
T0650,17-06-2018,P042,Green Tea Capsules,Supplement,5,10,50,C0650,58,Female,Miami,Mobile Payment,5%
T2423,17-06-2018,P044,Joint Health Tablets,Supplement,2,32,64,C2423,32,Female,Los Angeles,Mobile Payment,10%
T4505,17-06-2018,P034,Hair Growth Serum,Haircare,2,28,56,C4505,33,Female,San Francisco,Credit Card,15%
T1662,17-06-2018,P048,Hydrocortisone Cream,Medicine,2,5,10,C1662,57,Female,Seattle,Credit Card,15%
T4193,17-06-2018,P042,Green Tea Capsules,Supplement,2,10,20,C4193,26,Female,Miami,Cash,5%
T4658,17-06-2018,P024,Collagen Powder,Supplement,4,30,120,C4658,26,Male,New York,Debit Card,5%
T4661,19-06-2018,P008,Fish Oil Capsules,Supplement,5,18,90,C4661,36,Male,Houston,Debit Card,5%
T4271,20-06-2018,P015,Protein Powder,Nutrition,4,25,100,C4271,28,Female,Seattle,Cash,0%
T3062,20-06-2018,P035,Anti-Wrinkle Cream,Skincare,4,45,180,C3062,63,Male,Chicago,Debit Card,10%
T0913,20-06-2018,P007,Diabetic Test Strips,Medical Equipment,2,50,100,C0913,48,Female,Chicago,Cash,0%
T4222,20-06-2018,P046,Sunblock Cream,Skincare,4,20,80,C4222,48,Female,Houston,Credit Card,0%
T4561,21-06-2018,P012,Organic Face Wash,Skincare,2,10,20,C4561,24,Female,Seattle,Debit Card,5%
T3556,23-06-2018,P012,Organic Face Wash,Skincare,1,10,10,C3556,19,Male,San Francisco,Debit Card,5%
T4593,24-06-2018,P017,Anti-Dandruff Shampoo,Haircare,2,14,28,C4593,34,Male,San Francisco,Mobile Payment,5%
T2724,25-06-2018,P022,Toothpaste,Hygiene,3,4,12,C2724,30,Female,Miami,Debit Card,15%
T4736,26-06-2018,P025,Eye Drops,Medicine,1,12,12,C4736,57,Male,Seattle,Debit Card,5%
T2155,26-06-2018,P007,Diabetic Test Strips,Medical Equipment,3,50,150,C2155,18,Male,Chicago,Debit Card,15%
T0741,27-06-2018,P011,Herbal Shampoo,Haircare,3,12,36,C0741,59,Male,Seattle,Cash,15%
T2844,28-06-2018,P026,Muscle Relaxant Cream,Medicine,3,25,75,C2844,42,Female,Seattle,Credit Card,5%
T0691,28-06-2018,P040,Hair Conditioner,Haircare,5,13,65,C0691,29,Male,Miami,Cash,15%
T3003,28-06-2018,P044,Joint Health Tablets,Supplement,4,32,128,C3003,42,Male,Boston,Mobile Payment,0%
T4082,28-06-2018,P048,Hydrocortisone Cream,Medicine,1,5,5,C4082,19,Male,Boston,Credit Card,10%
T4815,28-06-2018,P041,Digestive Enzymes,Supplement,5,18,90,C4815,27,Female,Houston,Cash,10%
T0904,29-06-2018,P025,Eye Drops,Medicine,1,12,12,C0904,57,Male,Seattle,Cash,5%
T4757,29-06-2018,P048,Hydrocortisone Cream,Medicine,4,5,20,C4757,47,Female,Houston,Credit Card,0%
T3088,29-06-2018,P020,Elderberry Syrup,Medicine,5,22,110,C3088,38,Female,New York,Debit Card,15%
T4047,29-06-2018,P041,Digestive Enzymes,Supplement,3,18,54,C4047,20,Male,Houston,Mobile Payment,5%
T4718,30-06-2018,P034,Hair Growth Serum,Haircare,2,28,56,C4718,23,Male,Chicago,Cash,15%
T1363,30-06-2018,P002,Multivitamin Tablet,Supplement,1,15,15,C1363,43,Male,Chicago,Debit Card,5%
T4342,01-07-2018,P006,Cough Drops,Medicine,5,2.5,12.5,C4342,28,Female,San Francisco,Debit Card,15%
T2678,01-07-2018,P023,Acne Treatment Gel,Skincare,5,16,80,C2678,54,Male,Los Angeles,Credit Card,0%
T0869,01-07-2018,P012,Organic Face Wash,Skincare,4,10,40,C0869,50,Female,Denver,Cash,0%
T2357,01-07-2018,P036,Tea Tree Oil,Skincare,1,12,12,C2357,34,Female,Chicago,Mobile Payment,15%
T3295,02-07-2018,P028,Omega-3 Capsules,Supplement,5,22,110,C3295,61,Female,Chicago,Mobile Payment,15%
T1597,02-07-2018,P019,Aloe Vera Gel,Skincare,5,8,40,C1597,28,Male,Boston,Debit Card,10%
T3027,03-07-2018,P043,Pain Relief Patch,Medicine,1,7,7,C3027,42,Male,Los Angeles,Cash,10%
T3921,03-07-2018,P036,Tea Tree Oil,Skincare,2,12,24,C3921,37,Male,Denver,Mobile Payment,0%
T0656,04-07-2018,P014,Calcium Tablets,Supplement,5,15,75,C0656,44,Female,Chicago,Cash,10%
T4361,05-07-2018,P048,Hydrocortisone Cream,Medicine,3,5,15,C4361,48,Female,Boston,Cash,10%
T0282,05-07-2018,P030,Heart Health Supplement,Supplement,3,35,105,C0282,56,Male,San Francisco,Credit Card,5%
T3160,06-07-2018,P034,Hair Growth Serum,Haircare,2,28,56,C3160,19,Male,San Francisco,Credit Card,0%
T4501,07-07-2018,P026,Muscle Relaxant Cream,Medicine,5,25,125,C4501,64,Male,New York,Mobile Payment,10%
T1374,07-07-2018,P023,Acne Treatment Gel,Skincare,5,16,80,C1374,52,Male,Denver,Debit Card,15%
T3986,07-07-2018,P003,Cold Syrup,Medicine,3,8,24,C3986,52,Male,Chicago,Cash,5%
T1089,08-07-2018,P010,Lip Balm,Skincare,4,7,28,C1089,32,Male,Los Angeles,Credit Card,0%
T1864,09-07-2018,P002,Multivitamin Tablet,Supplement,5,15,75,C1864,61,Female,Seattle,Mobile Payment,15%
T4049,09-07-2018,P047,Coconut Oil,Haircare,1,12,12,C4049,24,Female,Houston,Mobile Payment,15%
T0944,10-07-2018,P015,Protein Powder,Nutrition,2,25,50,C0944,39,Male,Houston,Cash,10%
T2386,10-07-2018,P012,Organic Face Wash,Skincare,4,10,40,C2386,56,Male,Houston,Debit Card,5%
T4723,11-07-2018,P003,Cold Syrup,Medicine,2,8,16,C4723,46,Male,Chicago,Debit Card,10%
T1762,11-07-2018,P045,Vitamin C Serum,Skincare,2,25,50,C1762,32,Male,Boston,Mobile Payment,5%
T1843,12-07-2018,P036,Tea Tree Oil,Skincare,3,12,36,C1843,46,Female,Chicago,Mobile Payment,10%
T3426,12-07-2018,P009,Antibacterial Handwash,Hygiene,4,5,20,C3426,30,Male,Chicago,Credit Card,5%
T3203,13-07-2018,P028,Omega-3 Capsules,Supplement,3,22,66,C3203,49,Female,Miami,Mobile Payment,0%
T0286,13-07-2018,P013,Probiotic Supplement,Supplement,2,20,40,C0286,49,Female,Los Angeles,Credit Card,10%
T4894,14-07-2018,P028,Omega-3 Capsules,Supplement,2,22,44,C4894,30,Female,Chicago,Mobile Payment,5%
T1370,14-07-2018,P041,Digestive Enzymes,Supplement,4,18,72,C1370,40,Male,Miami,Debit Card,10%
T3067,14-07-2018,P020,Elderberry Syrup,Medicine,2,22,44,C3067,51,Male,Seattle,Credit Card,5%
T0874,15-07-2018,P004,Anti-Allergy Cream,Skincare,3,25,75,C0874,60,Female,Seattle,Mobile Payment,10%
T4182,16-07-2018,P031,Hydration Powder,Nutrition,2,7,14,C4182,54,Female,Seattle,Cash,5%
T1750,18-07-2018,P029,Zinc Supplement,Supplement,5,10,50,C1750,31,Female,Boston,Credit Card,10%
T0157,18-07-2018,P033,Foot Cream,Skincare,2,15,30,C0157,53,Male,Miami,Debit Card,15%
T1963,18-07-2018,P025,Eye Drops,Medicine,5,12,60,C1963,35,Female,New York,Credit Card,5%
T0391,18-07-2018,P024,Collagen Powder,Supplement,3,30,90,C0391,31,Male,Los Angeles,Cash,10%
T3574,19-07-2018,P017,Anti-Dandruff Shampoo,Haircare,4,14,56,C3574,55,Female,San Francisco,Credit Card,0%
T3314,19-07-2018,P046,Sunblock Cream,Skincare,3,20,60,C3314,65,Female,Los Angeles,Credit Card,0%
T0477,19-07-2018,P050,Ear Drops,Medicine,3,6,18,C0477,65,Female,Miami,Debit Card,0%
T1193,19-07-2018,P038,Liver Health Supplement,Supplement,1,20,20,C1193,38,Male,Boston,Cash,5%
T4067,20-07-2018,P031,Hydration Powder,Nutrition,1,7,7,C4067,44,Female,Seattle,Mobile Payment,10%
T3279,21-07-2018,P040,Hair Conditioner,Haircare,5,13,65,C3279,61,Female,Denver,Debit Card,15%
T4260,23-07-2018,P015,Protein Powder,Nutrition,1,25,25,C4260,20,Female,New York,Cash,0%
T1620,23-07-2018,P036,Tea Tree Oil,Skincare,3,12,36,C1620,33,Female,San Francisco,Credit Card,0%
T4702,23-07-2018,P022,Toothpaste,Hygiene,3,4,12,C4702,27,Female,San Francisco,Cash,10%
T0121,24-07-2018,P006,Cough Drops,Medicine,3,2.5,7.5,C0121,57,Male,Seattle,Cash,15%
T0911,25-07-2018,P022,Toothpaste,Hygiene,1,4,4,C0911,59,Male,Seattle,Cash,15%
T1057,26-07-2018,P006,Cough Drops,Medicine,1,2.5,2.5,C1057,20,Male,Seattle,Credit Card,0%
T2073,26-07-2018,P046,Sunblock Cream,Skincare,5,20,100,C2073,44,Male,Seattle,Cash,0%
T2518,27-07-2018,P043,Pain Relief Patch,Medicine,3,7,21,C2518,63,Male,Los Angeles,Cash,15%
T1135,27-07-2018,P039,Nasal Spray,Medicine,3,8,24,C1135,62,Female,San Francisco,Cash,5%
T0718,28-07-2018,P027,All-Purpose Ointment,Medicine,2,6,12,C0718,53,Female,Houston,Mobile Payment,15%
T1728,29-07-2018,P020,Elderberry Syrup,Medicine,3,22,66,C1728,64,Female,New York,Debit Card,5%
T1824,29-07-2018,P008,Fish Oil Capsules,Supplement,4,18,72,C1824,33,Male,Denver,Mobile Payment,10%
T4607,29-07-2018,P042,Green Tea Capsules,Supplement,3,10,30,C4607,53,Female,Los Angeles,Debit Card,0%
T1608,29-07-2018,P022,Toothpaste,Hygiene,4,4,16,C1608,46,Female,Houston,Mobile Payment,5%
T0284,29-07-2018,P029,Zinc Supplement,Supplement,2,10,20,C0284,36,Female,Denver,Cash,15%
T4134,30-07-2018,P023,Acne Treatment Gel,Skincare,2,16,32,C4134,24,Female,San Francisco,Credit Card,10%
T4442,30-07-2018,P032,Caffeine Pills,Supplement,3,5,15,C4442,52,Female,Boston,Debit Card,0%
T4959,30-07-2018,P023,Acne Treatment Gel,Skincare,5,16,80,C4959,50,Male,Seattle,Debit Card,5%
T1724,31-07-2018,P017,Anti-Dandruff Shampoo,Haircare,3,14,42,C1724,34,Female,Miami,Debit Card,5%
T2985,31-07-2018,P007,Diabetic Test Strips,Medical Equipment,5,50,250,C2985,31,Male,Miami,Cash,10%
T4055,01-08-2018,P011,Herbal Shampoo,Haircare,1,12,12,C4055,22,Female,Seattle,Debit Card,5%
T0459,01-08-2018,P021,Hand Sanitizer,Hygiene,2,3,6,C0459,21,Female,Miami,Mobile Payment,15%
T4674,01-08-2018,P008,Fish Oil Capsules,Supplement,2,18,36,C4674,33,Female,San Francisco,Debit Card,0%
T3615,02-08-2018,P040,Hair Conditioner,Haircare,3,13,39,C3615,36,Female,San Francisco,Credit Card,5%
T1295,02-08-2018,P016,Energy Drink,Beverage,5,5,25,C1295,56,Male,Seattle,Mobile Payment,15%
T3963,02-08-2018,P002,Multivitamin Tablet,Supplement,4,15,60,C3963,24,Male,Miami,Cash,10%
T1630,02-08-2018,P003,Cold Syrup,Medicine,3,8,24,C1630,61,Female,Denver,Debit Card,0%
T3794,02-08-2018,P026,Muscle Relaxant Cream,Medicine,3,25,75,C3794,50,Female,New York,Debit Card,5%
T0596,03-08-2018,P017,Anti-Dandruff Shampoo,Haircare,1,14,14,C0596,21,Female,Seattle,Debit Card,5%
T4255,03-08-2018,P004,Anti-Allergy Cream,Skincare,5,25,125,C4255,32,Male,Miami,Cash,5%
T0169,03-08-2018,P021,Hand Sanitizer,Hygiene,3,3,9,C0169,44,Male,Chicago,Debit Card,0%
T4319,04-08-2018,P037,Natural Deodorant,Hygiene,4,9,36,C4319,42,Male,Houston,Debit Card,5%
T3843,04-08-2018,P015,Protein Powder,Nutrition,5,25,125,C3843,61,Male,Denver,Cash,15%
T0709,04-08-2018,P031,Hydration Powder,Nutrition,5,7,35,C0709,37,Male,Seattle,Cash,15%
T3216,04-08-2018,P017,Anti-Dandruff Shampoo,Haircare,2,14,28,C3216,38,Female,San Francisco,Credit Card,0%
T2158,04-08-2018,P003,Cold Syrup,Medicine,1,8,8,C2158,41,Male,Houston,Debit Card,0%
T3333,04-08-2018,P025,Eye Drops,Medicine,3,12,36,C3333,34,Female,Los Angeles,Credit Card,15%
T3697,05-08-2018,P048,Hydrocortisone Cream,Medicine,1,5,5,C3697,28,Male,New York,Mobile Payment,10%
T0320,05-08-2018,P015,Protein Powder,Nutrition,1,25,25,C0320,40,Female,Miami,Cash,5%
T2936,05-08-2018,P007,Diabetic Test Strips,Medical Equipment,2,50,100,C2936,62,Male,New York,Cash,5%
T2222,06-08-2018,P012,Organic Face Wash,Skincare,1,10,10,C2222,57,Female,Boston,Debit Card,10%
T1826,07-08-2018,P044,Joint Health Tablets,Supplement,5,32,160,C1826,63,Male,Boston,Debit Card,5%
T1678,08-08-2018,P003,Cold Syrup,Medicine,1,8,8,C1678,22,Female,San Francisco,Debit Card,15%
T3570,09-08-2018,P020,Elderberry Syrup,Medicine,3,22,66,C3570,27,Female,Chicago,Mobile Payment,10%
T2341,09-08-2018,P009,Antibacterial Handwash,Hygiene,2,5,10,C2341,24,Female,Boston,Cash,0%
T0639,09-08-2018,P017,Anti-Dandruff Shampoo,Haircare,2,14,28,C0639,39,Female,Los Angeles,Cash,15%
T0430,10-08-2018,P004,Anti-Allergy Cream,Skincare,3,25,75,C0430,22,Female,Seattle,Debit Card,0%
T2272,11-08-2018,P029,Zinc Supplement,Supplement,4,10,40,C2272,21,Female,Seattle,Credit Card,5%
T4996,11-08-2018,P015,Protein Powder,Nutrition,1,25,25,C4996,22,Female,San Francisco,Debit Card,10%
T2573,12-08-2018,P018,Moisturizing Lotion,Skincare,3,18,54,C2573,20,Female,Miami,Credit Card,15%
T4728,12-08-2018,P033,Foot Cream,Skincare,4,15,60,C4728,30,Female,New York,Mobile Payment,0%
T2897,12-08-2018,P036,Tea Tree Oil,Skincare,4,12,48,C2897,40,Male,Houston,Cash,15%
T2108,12-08-2018,P003,Cold Syrup,Medicine,4,8,32,C2108,20,Male,San Francisco,Credit Card,5%
T2355,13-08-2018,P029,Zinc Supplement,Supplement,1,10,10,C2355,38,Female,Denver,Credit Card,5%
T4362,14-08-2018,P005,Vitamin D3 Supplement,Supplement,3,12,36,C4362,45,Female,Denver,Debit Card,15%
T4871,14-08-2018,P049,Antifungal Powder,Medicine,5,10,50,C4871,46,Male,Chicago,Cash,15%
T2699,14-08-2018,P036,Tea Tree Oil,Skincare,5,12,60,C2699,36,Female,Seattle,Mobile Payment,0%
T0882,15-08-2018,P035,Anti-Wrinkle Cream,Skincare,1,45,45,C0882,25,Female,Chicago,Mobile Payment,15%
T0883,15-08-2018,P024,Collagen Powder,Supplement,1,30,30,C0883,29,Female,Chicago,Credit Card,5%
T1148,15-08-2018,P028,Omega-3 Capsules,Supplement,1,22,22,C1148,52,Female,Miami,Debit Card,5%
T0168,15-08-2018,P029,Zinc Supplement,Supplement,5,10,50,C0168,30,Male,San Francisco,Cash,5%
T2013,15-08-2018,P021,Hand Sanitizer,Hygiene,4,3,12,C2013,44,Female,Seattle,Cash,10%
T4274,16-08-2018,P039,Nasal Spray,Medicine,3,8,24,C4274,46,Male,Denver,Cash,15%
T1051,16-08-2018,P023,Acne Treatment Gel,Skincare,4,16,64,C1051,47,Female,Denver,Mobile Payment,15%
T3126,17-08-2018,P026,Muscle Relaxant Cream,Medicine,5,25,125,C3126,25,Male,Seattle,Mobile Payment,0%
T1467,17-08-2018,P034,Hair Growth Serum,Haircare,2,28,56,C1467,46,Male,Los Angeles,Debit Card,5%
T0927,17-08-2018,P016,Energy Drink,Beverage,3,5,15,C0927,63,Female,Seattle,Debit Card,0%
T0036,18-08-2018,P001,Pain Relief Capsule,Medicine,1,10,10,C0036,52,Male,Houston,Mobile Payment,5%
T4747,19-08-2018,P047,Coconut Oil,Haircare,5,12,60,C4747,40,Male,New York,Cash,0%
T3748,19-08-2018,P009,Antibacterial Handwash,Hygiene,5,5,25,C3748,59,Male,Seattle,Credit Card,10%
T3084,19-08-2018,P034,Hair Growth Serum,Haircare,4,28,112,C3084,27,Female,Miami,Cash,15%
T3737,20-08-2018,P039,Nasal Spray,Medicine,1,8,8,C3737,46,Female,Seattle,Debit Card,10%
T0040,20-08-2018,P003,Cold Syrup,Medicine,5,8,40,C0040,55,Male,Seattle,Cash,10%
T3734,20-08-2018,P015,Protein Powder,Nutrition,2,25,50,C3734,64,Male,Miami,Credit Card,5%
T0134,21-08-2018,P032,Caffeine Pills,Supplement,5,5,25,C0134,18,Male,Boston,Debit Card,15%
T2584,21-08-2018,P034,Hair Growth Serum,Haircare,1,28,28,C2584,55,Male,Miami,Cash,10%
T0955,21-08-2018,P031,Hydration Powder,Nutrition,1,7,7,C0955,30,Female,San Francisco,Cash,10%
T2761,21-08-2018,P043,Pain Relief Patch,Medicine,4,7,28,C2761,22,Female,New York,Debit Card,10%
T1636,22-08-2018,P024,Collagen Powder,Supplement,1,30,30,C1636,51,Male,Boston,Credit Card,10%
T0015,23-08-2018,P050,Ear Drops,Medicine,3,6,18,C0015,56,Male,Denver,Cash,0%
T0550,23-08-2018,P045,Vitamin C Serum,Skincare,3,25,75,C0550,48,Male,Boston,Credit Card,15%
T0110,23-08-2018,P032,Caffeine Pills,Supplement,4,5,20,C0110,25,Female,Denver,Credit Card,5%
T1413,24-08-2018,P008,Fish Oil Capsules,Supplement,3,18,54,C1413,61,Female,Houston,Mobile Payment,15%
T2258,24-08-2018,P015,Protein Powder,Nutrition,2,25,50,C2258,48,Male,San Francisco,Cash,0%
T4333,24-08-2018,P044,Joint Health Tablets,Supplement,3,32,96,C4333,58,Female,Miami,Debit Card,0%
T4042,24-08-2018,P002,Multivitamin Tablet,Supplement,4,15,60,C4042,60,Male,Miami,Cash,15%
T3081,24-08-2018,P046,Sunblock Cream,Skincare,4,20,80,C3081,28,Male,New York,Credit Card,0%
T4629,25-08-2018,P006,Cough Drops,Medicine,4,2.5,10,C4629,28,Female,Boston,Credit Card,5%
T4784,25-08-2018,P045,Vitamin C Serum,Skincare,5,25,125,C4784,62,Male,Chicago,Credit Card,10%
T0593,25-08-2018,P033,Foot Cream,Skincare,2,15,30,C0593,62,Female,San Francisco,Cash,15%
T4310,25-08-2018,P035,Anti-Wrinkle Cream,Skincare,2,45,90,C4310,42,Male,Seattle,Cash,0%
T2315,27-08-2018,P048,Hydrocortisone Cream,Medicine,4,5,20,C2315,54,Female,New York,Cash,5%
T2257,27-08-2018,P028,Omega-3 Capsules,Supplement,1,22,22,C2257,59,Male,New York,Mobile Payment,15%
T1491,27-08-2018,P037,Natural Deodorant,Hygiene,1,9,9,C1491,49,Male,Chicago,Debit Card,0%
T2147,27-08-2018,P049,Antifungal Powder,Medicine,4,10,40,C2147,42,Female,Seattle,Debit Card,15%
T0934,28-08-2018,P039,Nasal Spray,Medicine,5,8,40,C0934,65,Female,Boston,Cash,5%
T1557,28-08-2018,P016,Energy Drink,Beverage,4,5,20,C1557,27,Female,Houston,Debit Card,10%
T4119,29-08-2018,P014,Calcium Tablets,Supplement,5,15,75,C4119,28,Male,Los Angeles,Mobile Payment,0%
T3029,29-08-2018,P034,Hair Growth Serum,Haircare,2,28,56,C3029,35,Male,Boston,Cash,0%
T3263,29-08-2018,P041,Digestive Enzymes,Supplement,5,18,90,C3263,46,Male,Seattle,Cash,15%
T3428,29-08-2018,P023,Acne Treatment Gel,Skincare,5,16,80,C3428,52,Male,Los Angeles,Credit Card,10%
T1017,29-08-2018,P007,Diabetic Test Strips,Medical Equipment,1,50,50,C1017,36,Female,Boston,Debit Card,10%
T1795,29-08-2018,P020,Elderberry Syrup,Medicine,1,22,22,C1795,18,Female,Miami,Debit Card,5%
T2206,29-08-2018,P036,Tea Tree Oil,Skincare,1,12,12,C2206,26,Female,Seattle,Debit Card,5%
T2688,31-08-2018,P036,Tea Tree Oil,Skincare,4,12,48,C2688,53,Male,Houston,Credit Card,15%
T0928,31-08-2018,P041,Digestive Enzymes,Supplement,1,18,18,C0928,49,Female,San Francisco,Debit Card,0%
T0974,31-08-2018,P050,Ear Drops,Medicine,2,6,12,C0974,23,Male,Los Angeles,Credit Card,0%
T0225,31-08-2018,P034,Hair Growth Serum,Haircare,5,28,140,C0225,20,Male,Miami,Credit Card,0%
T4834,01-09-2018,P022,Toothpaste,Hygiene,3,4,12,C4834,38,Female,Chicago,Cash,15%
T1336,01-09-2018,P011,Herbal Shampoo,Haircare,5,12,60,C1336,65,Female,Houston,Credit Card,5%
T0383,01-09-2018,P027,All-Purpose Ointment,Medicine,3,6,18,C0383,46,Female,Boston,Debit Card,5%
T0262,01-09-2018,P004,Anti-Allergy Cream,Skincare,1,25,25,C0262,51,Female,New York,Mobile Payment,0%
T4792,01-09-2018,P029,Zinc Supplement,Supplement,3,10,30,C4792,26,Female,Seattle,Debit Card,5%
T2134,01-09-2018,P049,Antifungal Powder,Medicine,1,10,10,C2134,24,Male,Chicago,Mobile Payment,15%
T2792,02-09-2018,P005,Vitamin D3 Supplement,Supplement,4,12,48,C2792,25,Female,Miami,Cash,15%
T0123,02-09-2018,P020,Elderberry Syrup,Medicine,4,22,88,C0123,43,Female,Denver,Credit Card,10%
T0013,03-09-2018,P050,Ear Drops,Medicine,3,6,18,C0013,32,Male,Denver,Mobile Payment,5%
T2260,03-09-2018,P001,Pain Relief Capsule,Medicine,4,10,40,C2260,19,Female,Seattle,Mobile Payment,0%
T4941,05-09-2018,P002,Multivitamin Tablet,Supplement,2,15,30,C4941,22,Female,Denver,Debit Card,15%
T4317,05-09-2018,P037,Natural Deodorant,Hygiene,4,9,36,C4317,35,Male,Miami,Debit Card,15%
T2429,06-09-2018,P011,Herbal Shampoo,Haircare,1,12,12,C2429,56,Female,Boston,Mobile Payment,0%
T0963,06-09-2018,P022,Toothpaste,Hygiene,2,4,8,C0963,48,Female,Los Angeles,Mobile Payment,15%
T1222,06-09-2018,P014,Calcium Tablets,Supplement,3,15,45,C1222,34,Male,Boston,Mobile Payment,15%
T1053,06-09-2018,P045,Vitamin C Serum,Skincare,4,25,100,C1053,34,Female,Chicago,Cash,0%
T1377,06-09-2018,P028,Omega-3 Capsules,Supplement,2,22,44,C1377,31,Female,New York,Credit Card,15%
T3042,07-09-2018,P004,Anti-Allergy Cream,Skincare,2,25,50,C3042,48,Female,Boston,Credit Card,5%
T0624,07-09-2018,P041,Digestive Enzymes,Supplement,1,18,18,C0624,59,Female,Miami,Debit Card,15%
T3186,08-09-2018,P029,Zinc Supplement,Supplement,5,10,50,C3186,23,Female,Houston,Mobile Payment,15%
T3953,08-09-2018,P017,Anti-Dandruff Shampoo,Haircare,2,14,28,C3953,54,Female,Chicago,Mobile Payment,5%
T2016,08-09-2018,P049,Antifungal Powder,Medicine,3,10,30,C2016,49,Male,Boston,Credit Card,5%
T4429,08-09-2018,P032,Caffeine Pills,Supplement,2,5,10,C4429,27,Male,Los Angeles,Cash,0%
T3092,09-09-2018,P028,Omega-3 Capsules,Supplement,1,22,22,C3092,52,Female,San Francisco,Debit Card,5%
T1550,10-09-2018,P009,Antibacterial Handwash,Hygiene,1,5,5,C1550,55,Female,Chicago,Credit Card,5%
T3274,10-09-2018,P016,Energy Drink,Beverage,2,5,10,C3274,50,Female,Miami,Debit Card,15%
T0788,11-09-2018,P049,Antifungal Powder,Medicine,5,10,50,C0788,25,Male,Chicago,Debit Card,15%
T2977,11-09-2018,P042,Green Tea Capsules,Supplement,5,10,50,C2977,55,Female,Miami,Cash,15%
T0141,13-09-2018,P019,Aloe Vera Gel,Skincare,4,8,32,C0141,35,Male,New York,Credit Card,0%
T4364,14-09-2018,P029,Zinc Supplement,Supplement,5,10,50,C4364,31,Male,San Francisco,Cash,15%
T3099,14-09-2018,P047,Coconut Oil,Haircare,3,12,36,C3099,57,Female,Los Angeles,Debit Card,15%
T0801,14-09-2018,P002,Multivitamin Tablet,Supplement,1,15,15,C0801,33,Male,Denver,Cash,5%
T4382,14-09-2018,P007,Diabetic Test Strips,Medical Equipment,2,50,100,C4382,64,Female,Boston,Debit Card,5%
T4780,15-09-2018,P047,Coconut Oil,Haircare,1,12,12,C4780,52,Male,Seattle,Cash,15%
T0669,15-09-2018,P021,Hand Sanitizer,Hygiene,5,3,15,C0669,52,Male,Los Angeles,Credit Card,10%
T2175,15-09-2018,P047,Coconut Oil,Haircare,5,12,60,C2175,57,Male,Boston,Debit Card,5%
T4298,15-09-2018,P011,Herbal Shampoo,Haircare,2,12,24,C4298,64,Female,San Francisco,Cash,10%
T0206,17-09-2018,P019,Aloe Vera Gel,Skincare,5,8,40,C0206,59,Male,New York,Mobile Payment,15%
T3202,17-09-2018,P005,Vitamin D3 Supplement,Supplement,4,12,48,C3202,47,Male,Houston,Mobile Payment,15%
T4912,17-09-2018,P002,Multivitamin Tablet,Supplement,3,15,45,C4912,24,Male,New York,Debit Card,10%
T1697,18-09-2018,P021,Hand Sanitizer,Hygiene,5,3,15,C1697,18,Female,Miami,Cash,5%
T4111,18-09-2018,P050,Ear Drops,Medicine,3,6,18,C4111,50,Male,San Francisco,Mobile Payment,5%
T0185,18-09-2018,P005,Vitamin D3 Supplement,Supplement,4,12,48,C0185,64,Female,Denver,Mobile Payment,0%
T2128,19-09-2018,P036,Tea Tree Oil,Skincare,3,12,36,C2128,34,Male,Boston,Mobile Payment,0%
T3913,20-09-2018,P030,Heart Health Supplement,Supplement,5,35,175,C3913,38,Male,Seattle,Cash,0%
T2153,20-09-2018,P039,Nasal Spray,Medicine,4,8,32,C2153,49,Male,Boston,Credit Card,5%
T0266,23-09-2018,P013,Probiotic Supplement,Supplement,3,20,60,C0266,39,Male,Los Angeles,Cash,5%
T2361,24-09-2018,P007,Diabetic Test Strips,Medical Equipment,2,50,100,C2361,65,Female,Miami,Cash,15%
T0395,24-09-2018,P013,Probiotic Supplement,Supplement,5,20,100,C0395,64,Female,Los Angeles,Cash,10%
T2247,25-09-2018,P009,Antibacterial Handwash,Hygiene,2,5,10,C2247,57,Male,San Francisco,Mobile Payment,5%
T4987,25-09-2018,P050,Ear Drops,Medicine,4,6,24,C4987,64,Female,Los Angeles,Debit Card,15%
T2172,26-09-2018,P044,Joint Health Tablets,Supplement,2,32,64,C2172,64,Female,Chicago,Credit Card,5%
T4471,26-09-2018,P047,Coconut Oil,Haircare,4,12,48,C4471,25,Male,Boston,Mobile Payment,15%
T3150,27-09-2018,P036,Tea Tree Oil,Skincare,3,12,36,C3150,51,Male,Boston,Mobile Payment,5%
T4580,27-09-2018,P018,Moisturizing Lotion,Skincare,4,18,72,C4580,22,Female,Los Angeles,Cash,5%
T3579,28-09-2018,P014,Calcium Tablets,Supplement,2,15,30,C3579,30,Male,Miami,Debit Card,15%
T4338,28-09-2018,P048,Hydrocortisone Cream,Medicine,1,5,5,C4338,53,Female,Houston,Mobile Payment,10%
T2325,29-09-2018,P028,Omega-3 Capsules,Supplement,1,22,22,C2325,46,Female,Los Angeles,Cash,10%
T2078,29-09-2018,P045,Vitamin C Serum,Skincare,3,25,75,C2078,50,Female,Boston,Cash,15%
T2970,29-09-2018,P015,Protein Powder,Nutrition,2,25,50,C2970,21,Male,Seattle,Credit Card,0%
T2950,30-09-2018,P021,Hand Sanitizer,Hygiene,4,3,12,C2950,23,Female,Houston,Debit Card,0%
T2070,01-10-2018,P006,Cough Drops,Medicine,2,2.5,5,C2070,28,Male,Denver,Debit Card,0%
T3220,01-10-2018,P014,Calcium Tablets,Supplement,5,15,75,C3220,22,Female,Chicago,Mobile Payment,5%
T0288,01-10-2018,P021,Hand Sanitizer,Hygiene,2,3,6,C0288,18,Female,Houston,Credit Card,10%
T0804,02-10-2018,P001,Pain Relief Capsule,Medicine,5,10,50,C0804,31,Female,San Francisco,Mobile Payment,10%
T1690,03-10-2018,P040,Hair Conditioner,Haircare,5,13,65,C1690,23,Male,Chicago,Cash,10%
T1366,03-10-2018,P029,Zinc Supplement,Supplement,3,10,30,C1366,50,Male,Houston,Cash,5%
T2031,03-10-2018,P030,Heart Health Supplement,Supplement,5,35,175,C2031,41,Female,Seattle,Credit Card,10%
T1829,03-10-2018,P042,Green Tea Capsules,Supplement,2,10,20,C1829,62,Female,Seattle,Debit Card,15%
T2255,04-10-2018,P042,Green Tea Capsules,Supplement,5,10,50,C2255,40,Female,San Francisco,Cash,10%
T0023,04-10-2018,P006,Cough Drops,Medicine,1,2.5,2.5,C0023,37,Female,Chicago,Mobile Payment,5%
T3637,05-10-2018,P049,Antifungal Powder,Medicine,5,10,50,C3637,28,Female,Chicago,Debit Card,0%
T2762,06-10-2018,P025,Eye Drops,Medicine,3,12,36,C2762,28,Male,Seattle,Cash,15%
T0087,06-10-2018,P033,Foot Cream,Skincare,5,15,75,C0087,52,Female,Boston,Cash,5%
T2832,07-10-2018,P039,Nasal Spray,Medicine,1,8,8,C2832,40,Female,Houston,Debit Card,5%
T0895,07-10-2018,P011,Herbal Shampoo,Haircare,2,12,24,C0895,29,Female,Boston,Mobile Payment,15%
T2964,07-10-2018,P008,Fish Oil Capsules,Supplement,4,18,72,C2964,45,Female,Chicago,Mobile Payment,15%
T1566,07-10-2018,P049,Antifungal Powder,Medicine,2,10,20,C1566,64,Female,Chicago,Mobile Payment,10%
T1849,07-10-2018,P037,Natural Deodorant,Hygiene,5,9,45,C1849,30,Male,New York,Debit Card,0%
T2294,07-10-2018,P047,Coconut Oil,Haircare,2,12,24,C2294,50,Female,Houston,Cash,10%
T2987,07-10-2018,P049,Antifungal Powder,Medicine,5,10,50,C2987,64,Female,Miami,Cash,15%
T0098,08-10-2018,P045,Vitamin C Serum,Skincare,2,25,50,C0098,18,Male,Houston,Credit Card,0%
T4072,08-10-2018,P022,Toothpaste,Hygiene,4,4,16,C4072,39,Male,Chicago,Mobile Payment,0%
T2802,08-10-2018,P038,Liver Health Supplement,Supplement,2,20,40,C2802,26,Female,Boston,Mobile Payment,15%
T4842,10-10-2018,P043,Pain Relief Patch,Medicine,3,7,21,C4842,47,Male,New York,Mobile Payment,10%
T0560,10-10-2018,P032,Caffeine Pills,Supplement,4,5,20,C0560,37,Female,Houston,Mobile Payment,15%
T4744,10-10-2018,P032,Caffeine Pills,Supplement,3,5,15,C4744,19,Female,Seattle,Mobile Payment,0%
T2143,11-10-2018,P005,Vitamin D3 Supplement,Supplement,5,12,60,C2143,21,Male,Denver,Cash,15%
T2651,12-10-2018,P011,Herbal Shampoo,Haircare,2,12,24,C2651,34,Female,Boston,Debit Card,15%
T2870,12-10-2018,P022,Toothpaste,Hygiene,4,4,16,C2870,49,Male,San Francisco,Cash,15%
T1585,12-10-2018,P048,Hydrocortisone Cream,Medicine,1,5,5,C1585,29,Female,Houston,Credit Card,0%
T2604,12-10-2018,P038,Liver Health Supplement,Supplement,4,20,80,C2604,22,Female,Houston,Debit Card,10%
T2700,12-10-2018,P023,Acne Treatment Gel,Skincare,4,16,64,C2700,62,Male,Boston,Debit Card,15%
T0025,13-10-2018,P030,Heart Health Supplement,Supplement,5,35,175,C0025,26,Male,Boston,Cash,15%
T1701,13-10-2018,P049,Antifungal Powder,Medicine,5,10,50,C1701,22,Male,New York,Credit Card,0%
T1345,16-10-2018,P040,Hair Conditioner,Haircare,5,13,65,C1345,24,Female,Los Angeles,Cash,5%
T2812,16-10-2018,P046,Sunblock Cream,Skincare,1,20,20,C2812,41,Female,Seattle,Debit Card,0%
T3997,16-10-2018,P030,Heart Health Supplement,Supplement,2,35,70,C3997,20,Female,Seattle,Cash,15%
T4358,16-10-2018,P030,Heart Health Supplement,Supplement,4,35,140,C4358,18,Female,San Francisco,Credit Card,0%
T4853,17-10-2018,P017,Anti-Dandruff Shampoo,Haircare,1,14,14,C4853,56,Male,San Francisco,Credit Card,10%
T2939,17-10-2018,P025,Eye Drops,Medicine,1,12,12,C2939,30,Female,Boston,Mobile Payment,10%
T2244,18-10-2018,P048,Hydrocortisone Cream,Medicine,5,5,25,C2244,49,Male,Boston,Debit Card,10%
T4290,18-10-2018,P036,Tea Tree Oil,Skincare,4,12,48,C4290,64,Female,Seattle,Cash,5%
T0992,18-10-2018,P028,Omega-3 Capsules,Supplement,4,22,88,C0992,19,Male,Chicago,Debit Card,15%
T2467,18-10-2018,P012,Organic Face Wash,Skincare,3,10,30,C2467,36,Female,Houston,Debit Card,10%
T1324,19-10-2018,P017,Anti-Dandruff Shampoo,Haircare,5,14,70,C1324,51,Male,Boston,Mobile Payment,5%
T3568,20-10-2018,P031,Hydration Powder,Nutrition,4,7,28,C3568,25,Male,Boston,Credit Card,15%
T4309,21-10-2018,P046,Sunblock Cream,Skincare,1,20,20,C4309,51,Male,Denver,Cash,15%
T4663,21-10-2018,P035,Anti-Wrinkle Cream,Skincare,4,45,180,C4663,45,Male,San Francisco,Debit Card,10%
T4577,22-10-2018,P048,Hydrocortisone Cream,Medicine,1,5,5,C4577,32,Female,Chicago,Mobile Payment,0%
T2553,22-10-2018,P001,Pain Relief Capsule,Medicine,1,10,10,C2553,39,Female,Boston,Cash,15%
T2836,22-10-2018,P026,Muscle Relaxant Cream,Medicine,2,25,50,C2836,24,Male,Miami,Debit Card,5%
T0079,23-10-2018,P037,Natural Deodorant,Hygiene,2,9,18,C0079,48,Male,Chicago,Cash,0%
T4355,23-10-2018,P021,Hand Sanitizer,Hygiene,5,3,15,C4355,54,Female,Boston,Cash,5%
T2298,23-10-2018,P031,Hydration Powder,Nutrition,4,7,28,C2298,32,Male,Chicago,Debit Card,0%
T2727,24-10-2018,P020,Elderberry Syrup,Medicine,2,22,44,C2727,49,Male,Los Angeles,Credit Card,10%
T0633,24-10-2018,P033,Foot Cream,Skincare,4,15,60,C0633,61,Female,Miami,Debit Card,10%
T1616,25-10-2018,P039,Nasal Spray,Medicine,3,8,24,C1616,33,Female,San Francisco,Credit Card,5%
T1828,25-10-2018,P015,Protein Powder,Nutrition,3,25,75,C1828,50,Female,Boston,Debit Card,5%
T1873,25-10-2018,P027,All-Purpose Ointment,Medicine,4,6,24,C1873,34,Female,Chicago,Credit Card,0%
T3663,25-10-2018,P023,Acne Treatment Gel,Skincare,4,16,64,C3663,26,Female,Boston,Credit Card,0%
T4839,25-10-2018,P020,Elderberry Syrup,Medicine,5,22,110,C4839,31,Male,Boston,Cash,5%
T3384,25-10-2018,P050,Ear Drops,Medicine,3,6,18,C3384,64,Male,San Francisco,Credit Card,5%
T0752,26-10-2018,P031,Hydration Powder,Nutrition,1,7,7,C0752,59,Male,Boston,Cash,0%
T2169,27-10-2018,P017,Anti-Dandruff Shampoo,Haircare,2,14,28,C2169,54,Female,Seattle,Credit Card,0%
T1127,27-10-2018,P013,Probiotic Supplement,Supplement,4,20,80,C1127,27,Male,Chicago,Debit Card,10%
T0218,28-10-2018,P041,Digestive Enzymes,Supplement,2,18,36,C0218,60,Female,Miami,Credit Card,15%
T0099,28-10-2018,P043,Pain Relief Patch,Medicine,1,7,7,C0099,44,Male,Los Angeles,Mobile Payment,10%
T2730,29-10-2018,P007,Diabetic Test Strips,Medical Equipment,2,50,100,C2730,62,Female,New York,Mobile Payment,10%
T1601,29-10-2018,P045,Vitamin C Serum,Skincare,4,25,100,C1601,42,Male,Denver,Cash,10%
T1063,30-10-2018,P016,Energy Drink,Beverage,5,5,25,C1063,46,Female,Denver,Cash,10%
T2983,30-10-2018,P048,Hydrocortisone Cream,Medicine,1,5,5,C2983,34,Male,Seattle,Mobile Payment,15%
T1641,30-10-2018,P037,Natural Deodorant,Hygiene,4,9,36,C1641,56,Male,Seattle,Debit Card,5%
T1384,31-10-2018,P041,Digestive Enzymes,Supplement,3,18,54,C1384,49,Female,Miami,Mobile Payment,15%
T1210,02-11-2018,P047,Coconut Oil,Haircare,2,12,24,C1210,45,Female,New York,Credit Card,0%
T1219,02-11-2018,P048,Hydrocortisone Cream,Medicine,4,5,20,C1219,57,Female,New York,Mobile Payment,0%
T0861,03-11-2018,P034,Hair Growth Serum,Haircare,3,28,84,C0861,57,Male,Chicago,Credit Card,15%
T4305,04-11-2018,P045,Vitamin C Serum,Skincare,3,25,75,C4305,22,Female,New York,Cash,5%
T1673,05-11-2018,P044,Joint Health Tablets,Supplement,1,32,32,C1673,45,Male,San Francisco,Mobile Payment,10%
T1241,05-11-2018,P037,Natural Deodorant,Hygiene,2,9,18,C1241,37,Male,Chicago,Mobile Payment,0%
T1116,05-11-2018,P012,Organic Face Wash,Skincare,2,10,20,C1116,19,Male,Los Angeles,Credit Card,10%
T4806,05-11-2018,P050,Ear Drops,Medicine,4,6,24,C4806,53,Male,Houston,Mobile Payment,15%
T2023,06-11-2018,P015,Protein Powder,Nutrition,3,25,75,C2023,65,Female,New York,Debit Card,5%
T3812,07-11-2018,P029,Zinc Supplement,Supplement,1,10,10,C3812,43,Male,New York,Credit Card,15%
T1543,07-11-2018,P044,Joint Health Tablets,Supplement,3,32,96,C1543,31,Female,Seattle,Credit Card,5%
T1094,08-11-2018,P012,Organic Face Wash,Skincare,2,10,20,C1094,55,Male,San Francisco,Mobile Payment,5%
T4417,09-11-2018,P040,Hair Conditioner,Haircare,2,13,26,C4417,65,Female,Boston,Mobile Payment,0%
T4802,09-11-2018,P002,Multivitamin Tablet,Supplement,4,15,60,C4802,52,Male,Los Angeles,Cash,15%
T2234,09-11-2018,P047,Coconut Oil,Haircare,5,12,60,C2234,20,Female,Seattle,Debit Card,10%
T1331,09-11-2018,P035,Anti-Wrinkle Cream,Skincare,1,45,45,C1331,21,Female,Los Angeles,Cash,5%
T0681,10-11-2018,P025,Eye Drops,Medicine,4,12,48,C0681,57,Male,Chicago,Mobile Payment,15%
T1825,10-11-2018,P033,Foot Cream,Skincare,4,15,60,C1825,38,Male,Los Angeles,Cash,10%
T4572,11-11-2018,P027,All-Purpose Ointment,Medicine,2,6,12,C4572,41,Male,Denver,Credit Card,5%
T3070,11-11-2018,P041,Digestive Enzymes,Supplement,4,18,72,C3070,55,Female,Miami,Credit Card,15%
T0751,12-11-2018,P050,Ear Drops,Medicine,5,6,30,C0751,35,Female,New York,Credit Card,10%
T2551,12-11-2018,P040,Hair Conditioner,Haircare,4,13,52,C2551,36,Male,Los Angeles,Mobile Payment,5%
T2697,12-11-2018,P013,Probiotic Supplement,Supplement,2,20,40,C2697,55,Male,San Francisco,Cash,15%
T1878,12-11-2018,P026,Muscle Relaxant Cream,Medicine,3,25,75,C1878,53,Female,Chicago,Cash,0%
T4132,12-11-2018,P049,Antifungal Powder,Medicine,1,10,10,C4132,30,Male,Los Angeles,Debit Card,0%
T0067,12-11-2018,P009,Antibacterial Handwash,Hygiene,2,5,10,C0067,48,Female,New York,Mobile Payment,5%
T3528,13-11-2018,P011,Herbal Shampoo,Haircare,5,12,60,C3528,44,Female,Miami,Credit Card,10%
T4904,13-11-2018,P026,Muscle Relaxant Cream,Medicine,5,25,125,C4904,21,Female,Denver,Credit Card,0%
T0574,13-11-2018,P022,Toothpaste,Hygiene,4,4,16,C0574,32,Female,Miami,Mobile Payment,0%
T0997,14-11-2018,P018,Moisturizing Lotion,Skincare,3,18,54,C0997,30,Female,Los Angeles,Mobile Payment,15%
T4805,15-11-2018,P002,Multivitamin Tablet,Supplement,1,15,15,C4805,35,Female,New York,Credit Card,0%
T1415,15-11-2018,P042,Green Tea Capsules,Supplement,3,10,30,C1415,58,Female,Chicago,Mobile Payment,5%
T0033,15-11-2018,P041,Digestive Enzymes,Supplement,3,18,54,C0033,56,Female,San Francisco,Debit Card,10%
T2461,15-11-2018,P004,Anti-Allergy Cream,Skincare,5,25,125,C2461,41,Female,San Francisco,Debit Card,15%
T1087,16-11-2018,P010,Lip Balm,Skincare,1,7,7,C1087,34,Male,Houston,Debit Card,15%
T3690,16-11-2018,P007,Diabetic Test Strips,Medical Equipment,2,50,100,C3690,64,Male,Miami,Debit Card,0%
T1007,17-11-2018,P033,Foot Cream,Skincare,1,15,15,C1007,23,Female,Denver,Credit Card,5%
T1383,17-11-2018,P047,Coconut Oil,Haircare,1,12,12,C1383,48,Female,Los Angeles,Mobile Payment,10%
T2991,18-11-2018,P038,Liver Health Supplement,Supplement,1,20,20,C2991,45,Male,Miami,Cash,15%
T1447,19-11-2018,P015,Protein Powder,Nutrition,5,25,125,C1447,32,Male,San Francisco,Cash,15%
T1070,19-11-2018,P025,Eye Drops,Medicine,5,12,60,C1070,51,Male,Chicago,Credit Card,15%
T3167,19-11-2018,P028,Omega-3 Capsules,Supplement,4,22,88,C3167,19,Female,Los Angeles,Cash,5%
T0406,19-11-2018,P007,Diabetic Test Strips,Medical Equipment,3,50,150,C0406,65,Female,San Francisco,Debit Card,0%
T3361,20-11-2018,P033,Foot Cream,Skincare,3,15,45,C3361,54,Male,Boston,Cash,5%
T3800,21-11-2018,P038,Liver Health Supplement,Supplement,3,20,60,C3800,41,Male,Los Angeles,Mobile Payment,10%
T0122,21-11-2018,P003,Cold Syrup,Medicine,2,8,16,C0122,25,Female,Boston,Cash,15%
T3937,21-11-2018,P039,Nasal Spray,Medicine,1,8,8,C3937,18,Female,Boston,Debit Card,0%
T0754,23-11-2018,P025,Eye Drops,Medicine,5,12,60,C0754,47,Female,Chicago,Mobile Payment,15%
T4611,23-11-2018,P050,Ear Drops,Medicine,1,6,6,C4611,54,Female,Denver,Cash,15%
T3728,24-11-2018,P023,Acne Treatment Gel,Skincare,2,16,32,C3728,21,Male,San Francisco,Mobile Payment,10%
T0908,24-11-2018,P049,Antifungal Powder,Medicine,4,10,40,C0908,24,Female,Houston,Mobile Payment,5%
T1997,25-11-2018,P050,Ear Drops,Medicine,3,6,18,C1997,19,Female,New York,Credit Card,0%
T0581,25-11-2018,P039,Nasal Spray,Medicine,2,8,16,C0581,21,Male,New York,Mobile Payment,10%
T3282,25-11-2018,P007,Diabetic Test Strips,Medical Equipment,5,50,250,C3282,28,Male,Denver,Credit Card,5%
T3191,26-11-2018,P050,Ear Drops,Medicine,4,6,24,C3191,51,Female,Houston,Credit Card,0%
T4594,26-11-2018,P027,All-Purpose Ointment,Medicine,3,6,18,C4594,57,Female,Houston,Mobile Payment,10%
T4619,26-11-2018,P014,Calcium Tablets,Supplement,5,15,75,C4619,31,Male,Miami,Cash,15%
T0268,26-11-2018,P025,Eye Drops,Medicine,3,12,36,C0268,29,Female,New York,Debit Card,5%
T0980,27-11-2018,P004,Anti-Allergy Cream,Skincare,4,25,100,C0980,33,Female,Houston,Cash,5%
T0439,28-11-2018,P015,Protein Powder,Nutrition,1,25,25,C0439,21,Female,Miami,Credit Card,5%
T4586,28-11-2018,P027,All-Purpose Ointment,Medicine,1,6,6,C4586,63,Male,San Francisco,Debit Card,5%
T4753,28-11-2018,P017,Anti-Dandruff Shampoo,Haircare,3,14,42,C4753,60,Female,Miami,Credit Card,15%
T0007,29-11-2018,P046,Sunblock Cream,Skincare,2,20,40,C0007,42,Male,Houston,Cash,15%
T3695,30-11-2018,P003,Cold Syrup,Medicine,2,8,16,C3695,57,Male,Seattle,Debit Card,5%
T1882,30-11-2018,P021,Hand Sanitizer,Hygiene,3,3,9,C1882,21,Male,Los Angeles,Credit Card,10%
T4351,01-12-2018,P023,Acne Treatment Gel,Skincare,3,16,48,C4351,45,Male,Boston,Mobile Payment,15%
T1682,01-12-2018,P010,Lip Balm,Skincare,1,7,7,C1682,27,Female,Denver,Credit Card,10%
T0456,02-12-2018,P027,All-Purpose Ointment,Medicine,1,6,6,C0456,25,Male,Seattle,Credit Card,15%
T0906,02-12-2018,P039,Nasal Spray,Medicine,5,8,40,C0906,27,Male,Boston,Debit Card,15%
T3605,03-12-2018,P006,Cough Drops,Medicine,1,2.5,2.5,C3605,23,Female,Denver,Debit Card,10%
T0307,03-12-2018,P037,Natural Deodorant,Hygiene,4,9,36,C0307,37,Female,New York,Cash,15%
T2767,03-12-2018,P007,Diabetic Test Strips,Medical Equipment,5,50,250,C2767,45,Male,Denver,Mobile Payment,5%
T2110,03-12-2018,P042,Green Tea Capsules,Supplement,3,10,30,C2110,25,Male,Denver,Debit Card,15%
T1693,03-12-2018,P024,Collagen Powder,Supplement,5,30,150,C1693,62,Female,Miami,Cash,0%
T0060,03-12-2018,P037,Natural Deodorant,Hygiene,5,9,45,C0060,48,Male,Los Angeles,Credit Card,5%
T0598,03-12-2018,P018,Moisturizing Lotion,Skincare,5,18,90,C0598,37,Female,New York,Mobile Payment,5%
T4495,04-12-2018,P037,Natural Deodorant,Hygiene,5,9,45,C4495,37,Female,Seattle,Credit Card,15%
T0897,04-12-2018,P047,Coconut Oil,Haircare,1,12,12,C0897,22,Male,Seattle,Credit Card,10%
T1124,04-12-2018,P043,Pain Relief Patch,Medicine,1,7,7,C1124,42,Male,Houston,Mobile Payment,0%
T0303,04-12-2018,P045,Vitamin C Serum,Skincare,3,25,75,C0303,61,Female,Chicago,Debit Card,10%
T4048,04-12-2018,P003,Cold Syrup,Medicine,4,8,32,C4048,65,Male,Boston,Debit Card,15%
T4068,05-12-2018,P002,Multivitamin Tablet,Supplement,5,15,75,C4068,64,Male,New York,Cash,5%
T4588,05-12-2018,P030,Heart Health Supplement,Supplement,1,35,35,C4588,49,Female,Houston,Credit Card,10%
T3164,06-12-2018,P032,Caffeine Pills,Supplement,3,5,15,C3164,22,Male,Miami,Mobile Payment,10%
T3517,06-12-2018,P012,Organic Face Wash,Skincare,2,10,20,C3517,30,Female,San Francisco,Debit Card,15%
T1032,06-12-2018,P016,Energy Drink,Beverage,1,5,5,C1032,27,Male,Miami,Mobile Payment,10%
T0642,06-12-2018,P017,Anti-Dandruff Shampoo,Haircare,2,14,28,C0642,63,Male,New York,Mobile Payment,10%
T4913,07-12-2018,P012,Organic Face Wash,Skincare,3,10,30,C4913,63,Female,San Francisco,Debit Card,10%
T2795,08-12-2018,P028,Omega-3 Capsules,Supplement,2,22,44,C2795,27,Female,Seattle,Credit Card,5%
T3692,08-12-2018,P009,Antibacterial Handwash,Hygiene,3,5,15,C3692,61,Female,Houston,Cash,5%
T0973,08-12-2018,P025,Eye Drops,Medicine,1,12,12,C0973,19,Female,Los Angeles,Mobile Payment,10%
T1696,08-12-2018,P010,Lip Balm,Skincare,4,7,28,C1696,54,Female,Seattle,Debit Card,15%
T3494,08-12-2018,P050,Ear Drops,Medicine,3,6,18,C3494,42,Female,Los Angeles,Credit Card,15%
T0805,09-12-2018,P008,Fish Oil Capsules,Supplement,1,18,18,C0805,57,Male,Los Angeles,Debit Card,10%
T4713,09-12-2018,P014,Calcium Tablets,Supplement,5,15,75,C4713,34,Female,Seattle,Credit Card,10%
T0378,09-12-2018,P045,Vitamin C Serum,Skincare,5,25,125,C0378,43,Female,Boston,Credit Card,5%
T3561,09-12-2018,P042,Green Tea Capsules,Supplement,5,10,50,C3561,37,Female,New York,Mobile Payment,0%
T2299,10-12-2018,P006,Cough Drops,Medicine,3,2.5,7.5,C2299,51,Female,New York,Credit Card,10%
T4972,10-12-2018,P008,Fish Oil Capsules,Supplement,3,18,54,C4972,19,Male,Seattle,Credit Card,10%
T1681,10-12-2018,P025,Eye Drops,Medicine,4,12,48,C1681,61,Male,Seattle,Cash,0%
T0431,10-12-2018,P045,Vitamin C Serum,Skincare,3,25,75,C0431,56,Female,New York,Mobile Payment,10%
T3364,10-12-2018,P022,Toothpaste,Hygiene,3,4,12,C3364,50,Female,New York,Mobile Payment,5%
T0163,10-12-2018,P001,Pain Relief Capsule,Medicine,3,10,30,C0163,24,Female,Chicago,Mobile Payment,10%
T2946,11-12-2018,P016,Energy Drink,Beverage,1,5,5,C2946,50,Female,Miami,Mobile Payment,15%
T3104,12-12-2018,P036,Tea Tree Oil,Skincare,5,12,60,C3104,39,Female,Los Angeles,Credit Card,0%
T0889,12-12-2018,P020,Elderberry Syrup,Medicine,1,22,22,C0889,41,Male,Seattle,Mobile Payment,15%
T1157,12-12-2018,P047,Coconut Oil,Haircare,4,12,48,C1157,47,Female,Seattle,Credit Card,10%
T4365,13-12-2018,P020,Elderberry Syrup,Medicine,2,22,44,C4365,26,Female,Denver,Credit Card,5%
T4137,14-12-2018,P012,Organic Face Wash,Skincare,4,10,40,C4137,56,Female,Denver,Mobile Payment,10%
T2007,15-12-2018,P003,Cold Syrup,Medicine,1,8,8,C2007,63,Female,Houston,Mobile Payment,0%
T4300,15-12-2018,P037,Natural Deodorant,Hygiene,5,9,45,C4300,20,Male,Chicago,Credit Card,0%
T3908,16-12-2018,P048,Hydrocortisone Cream,Medicine,5,5,25,C3908,40,Female,Seattle,Debit Card,0%
T1812,17-12-2018,P018,Moisturizing Lotion,Skincare,5,18,90,C1812,50,Male,Denver,Credit Card,5%
T3422,18-12-2018,P019,Aloe Vera Gel,Skincare,4,8,32,C3422,34,Female,Chicago,Credit Card,15%
T3382,18-12-2018,P023,Acne Treatment Gel,Skincare,3,16,48,C3382,22,Male,Seattle,Debit Card,15%
T0468,18-12-2018,P032,Caffeine Pills,Supplement,5,5,25,C0468,48,Male,Houston,Cash,5%
T1170,18-12-2018,P042,Green Tea Capsules,Supplement,5,10,50,C1170,58,Male,Houston,Mobile Payment,15%
T2636,18-12-2018,P040,Hair Conditioner,Haircare,5,13,65,C2636,63,Female,Chicago,Cash,0%
T3266,19-12-2018,P003,Cold Syrup,Medicine,2,8,16,C3266,62,Male,Boston,Cash,10%
T1058,19-12-2018,P027,All-Purpose Ointment,Medicine,2,6,12,C1058,33,Female,Houston,Credit Card,15%
T1380,20-12-2018,P044,Joint Health Tablets,Supplement,2,32,64,C1380,27,Female,Chicago,Cash,10%
T4411,21-12-2018,P026,Muscle Relaxant Cream,Medicine,2,25,50,C4411,39,Male,Chicago,Credit Card,5%
T2488,21-12-2018,P048,Hydrocortisone Cream,Medicine,2,5,10,C2488,58,Male,Denver,Credit Card,0%
T4311,21-12-2018,P019,Aloe Vera Gel,Skincare,5,8,40,C4311,41,Male,New York,Credit Card,10%
T3464,21-12-2018,P016,Energy Drink,Beverage,3,5,15,C3464,21,Female,Los Angeles,Credit Card,10%
T1367,21-12-2018,P033,Foot Cream,Skincare,4,15,60,C1367,27,Male,Los Angeles,Mobile Payment,10%
T3296,21-12-2018,P017,Anti-Dandruff Shampoo,Haircare,1,14,14,C3296,62,Female,Boston,Credit Card,0%
T3566,22-12-2018,P003,Cold Syrup,Medicine,1,8,8,C3566,18,Female,Chicago,Cash,15%
T4766,22-12-2018,P005,Vitamin D3 Supplement,Supplement,1,12,12,C4766,31,Female,New York,Debit Card,0%
T3377,22-12-2018,P001,Pain Relief Capsule,Medicine,2,10,20,C3377,60,Female,Denver,Cash,0%
T0400,22-12-2018,P048,Hydrocortisone Cream,Medicine,4,5,20,C0400,23,Male,Seattle,Mobile Payment,10%
T4475,24-12-2018,P001,Pain Relief Capsule,Medicine,5,10,50,C4475,20,Male,New York,Debit Card,5%
T4810,24-12-2018,P023,Acne Treatment Gel,Skincare,4,16,64,C4810,32,Male,Boston,Debit Card,15%
T1574,24-12-2018,P040,Hair Conditioner,Haircare,4,13,52,C1574,42,Male,Denver,Debit Card,10%
T3535,25-12-2018,P022,Toothpaste,Hygiene,1,4,4,C3535,61,Male,Miami,Cash,10%
T3112,25-12-2018,P022,Toothpaste,Hygiene,1,4,4,C3112,41,Male,Boston,Credit Card,0%
T1493,27-12-2018,P004,Anti-Allergy Cream,Skincare,2,25,50,C1493,57,Female,Chicago,Mobile Payment,5%
T2036,27-12-2018,P010,Lip Balm,Skincare,2,7,14,C2036,43,Female,Boston,Mobile Payment,0%
T2803,27-12-2018,P029,Zinc Supplement,Supplement,3,10,30,C2803,50,Female,Boston,Credit Card,5%
T2823,27-12-2018,P006,Cough Drops,Medicine,5,2.5,12.5,C2823,45,Male,Los Angeles,Debit Card,5%
T1376,28-12-2018,P041,Digestive Enzymes,Supplement,5,18,90,C1376,35,Female,Miami,Credit Card,5%
T4100,29-12-2018,P040,Hair Conditioner,Haircare,2,13,26,C4100,19,Female,Boston,Mobile Payment,10%
T1844,29-12-2018,P009,Antibacterial Handwash,Hygiene,3,5,15,C1844,28,Female,Chicago,Debit Card,10%
T3008,29-12-2018,P004,Anti-Allergy Cream,Skincare,3,25,75,C3008,22,Male,San Francisco,Cash,0%
T3901,29-12-2018,P019,Aloe Vera Gel,Skincare,2,8,16,C3901,18,Female,San Francisco,Credit Card,0%
T2710,29-12-2018,P021,Hand Sanitizer,Hygiene,1,3,3,C2710,34,Female,Chicago,Cash,15%
T4797,29-12-2018,P013,Probiotic Supplement,Supplement,1,20,20,C4797,47,Female,San Francisco,Credit Card,10%
T4910,29-12-2018,P050,Ear Drops,Medicine,1,6,6,C4910,40,Male,Chicago,Cash,5%
T2633,29-12-2018,P018,Moisturizing Lotion,Skincare,2,18,36,C2633,47,Male,New York,Cash,5%
T2438,30-12-2018,P016,Energy Drink,Beverage,2,5,10,C2438,22,Female,Houston,Credit Card,10%
T3076,30-12-2018,P003,Cold Syrup,Medicine,5,8,40,C3076,55,Male,Seattle,Debit Card,5%
T1972,30-12-2018,P035,Anti-Wrinkle Cream,Skincare,1,45,45,C1972,19,Female,Los Angeles,Debit Card,10%
T1356,30-12-2018,P035,Anti-Wrinkle Cream,Skincare,5,45,225,C1356,50,Male,Seattle,Cash,15%
T2484,31-12-2018,P043,Pain Relief Patch,Medicine,3,7,21,C2484,30,Female,Seattle,Debit Card,15%
T1598,01-01-2019,P003,Cold Syrup,Medicine,5,8,40,C1598,54,Female,Boston,Cash,10%
T1059,01-01-2019,P001,Pain Relief Capsule,Medicine,5,10,50,C1059,21,Male,Seattle,Cash,10%
T3735,01-01-2019,P005,Vitamin D3 Supplement,Supplement,2,12,24,C3735,22,Female,Seattle,Cash,15%
T4249,02-01-2019,P048,Hydrocortisone Cream,Medicine,5,5,25,C4249,43,Female,Houston,Mobile Payment,15%
T0609,03-01-2019,P033,Foot Cream,Skincare,4,15,60,C0609,27,Male,Denver,Cash,15%
T4622,05-01-2019,P034,Hair Growth Serum,Haircare,1,28,28,C4622,29,Male,Chicago,Credit Card,15%
T1338,05-01-2019,P047,Coconut Oil,Haircare,5,12,60,C1338,63,Female,New York,Debit Card,15%
T4245,06-01-2019,P037,Natural Deodorant,Hygiene,1,9,9,C4245,60,Male,New York,Credit Card,10%
T2824,08-01-2019,P016,Energy Drink,Beverage,3,5,15,C2824,28,Female,Chicago,Mobile Payment,0%
T4690,09-01-2019,P022,Toothpaste,Hygiene,4,4,16,C4690,27,Female,New York,Cash,5%
T3551,10-01-2019,P034,Hair Growth Serum,Haircare,3,28,84,C3551,59,Female,San Francisco,Debit Card,5%
T0632,10-01-2019,P004,Anti-Allergy Cream,Skincare,1,25,25,C0632,58,Female,Houston,Debit Card,10%
T3079,10-01-2019,P021,Hand Sanitizer,Hygiene,1,3,3,C3079,23,Female,San Francisco,Mobile Payment,10%
T2590,11-01-2019,P004,Anti-Allergy Cream,Skincare,3,25,75,C2590,19,Male,Denver,Mobile Payment,10%
T1218,11-01-2019,P026,Muscle Relaxant Cream,Medicine,5,25,125,C1218,22,Female,Chicago,Cash,10%
T2726,11-01-2019,P015,Protein Powder,Nutrition,1,25,25,C2726,30,Male,Los Angeles,Mobile Payment,5%
T2981,11-01-2019,P027,All-Purpose Ointment,Medicine,1,6,6,C2981,37,Male,Denver,Debit Card,10%
T1495,11-01-2019,P049,Antifungal Powder,Medicine,4,10,40,C1495,21,Male,Boston,Debit Card,5%
T4436,12-01-2019,P025,Eye Drops,Medicine,5,12,60,C4436,31,Female,Los Angeles,Cash,0%
T3474,13-01-2019,P002,Multivitamin Tablet,Supplement,5,15,75,C3474,20,Female,New York,Cash,10%
T1240,13-01-2019,P029,Zinc Supplement,Supplement,2,10,20,C1240,44,Female,Chicago,Credit Card,15%
T1068,13-01-2019,P035,Anti-Wrinkle Cream,Skincare,5,45,225,C1068,45,Male,Seattle,Credit Card,5%
T4828,13-01-2019,P049,Antifungal Powder,Medicine,1,10,10,C4828,41,Female,Chicago,Credit Card,0%
T2465,14-01-2019,P027,All-Purpose Ointment,Medicine,5,6,30,C2465,63,Female,Houston,Credit Card,15%
T1943,15-01-2019,P017,Anti-Dandruff Shampoo,Haircare,1,14,14,C1943,18,Male,San Francisco,Cash,15%
T3388,15-01-2019,P014,Calcium Tablets,Supplement,5,15,75,C3388,49,Female,Houston,Cash,10%
T2919,15-01-2019,P013,Probiotic Supplement,Supplement,4,20,80,C2919,43,Male,Miami,Mobile Payment,0%
T0106,15-01-2019,P011,Herbal Shampoo,Haircare,5,12,60,C0106,22,Male,San Francisco,Debit Card,15%
T3740,16-01-2019,P031,Hydration Powder,Nutrition,4,7,28,C3740,51,Female,Chicago,Debit Card,0%
T0780,16-01-2019,P046,Sunblock Cream,Skincare,5,20,100,C0780,61,Female,San Francisco,Debit Card,0%
T1239,18-01-2019,P042,Green Tea Capsules,Supplement,2,10,20,C1239,56,Female,Houston,Cash,15%
T3289,18-01-2019,P034,Hair Growth Serum,Haircare,5,28,140,C3289,37,Female,New York,Credit Card,10%
T0131,19-01-2019,P038,Liver Health Supplement,Supplement,4,20,80,C0131,52,Female,New York,Debit Card,5%
T3583,20-01-2019,P023,Acne Treatment Gel,Skincare,1,16,16,C3583,27,Female,San Francisco,Cash,5%
T1861,20-01-2019,P043,Pain Relief Patch,Medicine,4,7,28,C1861,60,Male,Seattle,Debit Card,0%
T1284,21-01-2019,P020,Elderberry Syrup,Medicine,3,22,66,C1284,31,Male,New York,Mobile Payment,5%
T2048,21-01-2019,P032,Caffeine Pills,Supplement,1,5,5,C2048,54,Male,Boston,Mobile Payment,15%
T1767,21-01-2019,P040,Hair Conditioner,Haircare,1,13,13,C1767,33,Female,Houston,Cash,0%
T4854,21-01-2019,P026,Muscle Relaxant Cream,Medicine,3,25,75,C4854,38,Male,New York,Mobile Payment,0%
T2321,21-01-2019,P012,Organic Face Wash,Skincare,1,10,10,C2321,35,Female,Chicago,Credit Card,0%
T0453,21-01-2019,P030,Heart Health Supplement,Supplement,4,35,140,C0453,33,Female,Denver,Mobile Payment,5%
T3501,22-01-2019,P040,Hair Conditioner,Haircare,4,13,52,C3501,48,Female,San Francisco,Debit Card,5%
T4183,22-01-2019,P038,Liver Health Supplement,Supplement,1,20,20,C4183,51,Female,Chicago,Credit Card,5%
T0334,23-01-2019,P026,Muscle Relaxant Cream,Medicine,5,25,125,C0334,43,Female,Los Angeles,Cash,15%
T1371,23-01-2019,P030,Heart Health Supplement,Supplement,4,35,140,C1371,52,Female,Boston,Credit Card,15%
T0299,23-01-2019,P045,Vitamin C Serum,Skincare,3,25,75,C0299,58,Male,Seattle,Credit Card,10%
T3223,24-01-2019,P039,Nasal Spray,Medicine,2,8,16,C3223,27,Female,Miami,Debit Card,0%
T3529,24-01-2019,P045,Vitamin C Serum,Skincare,2,25,50,C3529,33,Female,Boston,Cash,10%
T0789,25-01-2019,P025,Eye Drops,Medicine,3,12,36,C0789,19,Male,Denver,Cash,15%
T4169,25-01-2019,P001,Pain Relief Capsule,Medicine,4,10,40,C4169,42,Female,Denver,Debit Card,10%
T4406,25-01-2019,P049,Antifungal Powder,Medicine,2,10,20,C4406,34,Male,Seattle,Mobile Payment,5%
T1644,27-01-2019,P004,Anti-Allergy Cream,Skincare,2,25,50,C1644,53,Male,Boston,Cash,10%
T1507,27-01-2019,P047,Coconut Oil,Haircare,3,12,36,C1507,56,Female,Seattle,Credit Card,0%
T2664,28-01-2019,P008,Fish Oil Capsules,Supplement,3,18,54,C2664,25,Female,New York,Cash,0%
T2469,29-01-2019,P034,Hair Growth Serum,Haircare,3,28,84,C2469,24,Female,Denver,Mobile Payment,5%
T0436,31-01-2019,P014,Calcium Tablets,Supplement,5,15,75,C0436,36,Male,Miami,Debit Card,5%
T4827,31-01-2019,P039,Nasal Spray,Medicine,4,8,32,C4827,65,Female,Miami,Credit Card,5%
T0180,01-02-2019,P019,Aloe Vera Gel,Skincare,4,8,32,C0180,60,Female,New York,Mobile Payment,15%
T1689,02-02-2019,P034,Hair Growth Serum,Haircare,5,28,140,C1689,58,Male,New York,Credit Card,5%
T0554,03-02-2019,P026,Muscle Relaxant Cream,Medicine,3,25,75,C0554,22,Female,Seattle,Mobile Payment,5%
T2689,03-02-2019,P016,Energy Drink,Beverage,1,5,5,C2689,59,Female,New York,Credit Card,10%
T0419,04-02-2019,P034,Hair Growth Serum,Haircare,2,28,56,C0419,39,Male,Seattle,Cash,15%
T0919,04-02-2019,P022,Toothpaste,Hygiene,4,4,16,C0919,50,Female,Boston,Cash,0%
T2659,04-02-2019,P010,Lip Balm,Skincare,1,7,7,C2659,47,Male,Los Angeles,Debit Card,10%
T1026,06-02-2019,P045,Vitamin C Serum,Skincare,2,25,50,C1026,34,Female,Miami,Mobile Payment,0%
T0030,07-02-2019,P005,Vitamin D3 Supplement,Supplement,4,12,48,C0030,25,Female,Boston,Credit Card,5%
T2660,07-02-2019,P025,Eye Drops,Medicine,3,12,36,C2660,55,Male,Los Angeles,Credit Card,5%
T1688,08-02-2019,P009,Antibacterial Handwash,Hygiene,3,5,15,C1688,19,Male,New York,Credit Card,0%
T2544,08-02-2019,P018,Moisturizing Lotion,Skincare,5,18,90,C2544,36,Female,Denver,Debit Card,0%
T4533,10-02-2019,P024,Collagen Powder,Supplement,1,30,30,C4533,44,Male,Houston,Mobile Payment,0%
T4790,10-02-2019,P043,Pain Relief Patch,Medicine,3,7,21,C4790,48,Female,Houston,Debit Card,5%
T2460,10-02-2019,P038,Liver Health Supplement,Supplement,2,20,40,C2460,47,Male,Boston,Credit Card,5%
T3363,10-02-2019,P022,Toothpaste,Hygiene,4,4,16,C3363,24,Male,Chicago,Credit Card,15%
T3808,10-02-2019,P013,Probiotic Supplement,Supplement,5,20,100,C3808,63,Female,Boston,Credit Card,10%
T1970,11-02-2019,P042,Green Tea Capsules,Supplement,3,10,30,C1970,60,Female,Houston,Cash,10%
T3306,11-02-2019,P039,Nasal Spray,Medicine,3,8,24,C3306,25,Female,Los Angeles,Cash,10%
T3290,11-02-2019,P018,Moisturizing Lotion,Skincare,3,18,54,C3290,49,Female,New York,Debit Card,5%
T0697,11-02-2019,P050,Ear Drops,Medicine,1,6,6,C0697,60,Male,Los Angeles,Debit Card,5%
T0855,13-02-2019,P015,Protein Powder,Nutrition,1,25,25,C0855,44,Male,New York,Debit Card,5%
T4803,13-02-2019,P010,Lip Balm,Skincare,1,7,7,C4803,29,Male,Miami,Mobile Payment,10%
T3925,14-02-2019,P043,Pain Relief Patch,Medicine,5,7,35,C3925,20,Male,Chicago,Credit Card,15%
T0139,14-02-2019,P017,Anti-Dandruff Shampoo,Haircare,5,14,70,C0139,39,Female,Miami,Mobile Payment,10%
T0425,15-02-2019,P039,Nasal Spray,Medicine,3,8,24,C0425,49,Female,Houston,Debit Card,15%
T4264,15-02-2019,P045,Vitamin C Serum,Skincare,4,25,100,C4264,25,Female,Denver,Mobile Payment,10%
T0412,16-02-2019,P031,Hydration Powder,Nutrition,4,7,28,C0412,48,Male,San Francisco,Mobile Payment,5%
T1649,17-02-2019,P015,Protein Powder,Nutrition,5,25,125,C1649,21,Female,San Francisco,Mobile Payment,10%
T0409,17-02-2019,P022,Toothpaste,Hygiene,4,4,16,C0409,32,Female,Houston,Debit Card,10%
T3554,17-02-2019,P032,Caffeine Pills,Supplement,1,5,5,C3554,50,Male,San Francisco,Mobile Payment,0%
T1054,17-02-2019,P007,Diabetic Test Strips,Medical Equipment,4,50,200,C1054,24,Female,Chicago,Credit Card,0%
T1906,18-02-2019,P009,Antibacterial Handwash,Hygiene,2,5,10,C1906,33,Female,Chicago,Credit Card,10%
T3617,18-02-2019,P003,Cold Syrup,Medicine,3,8,24,C3617,62,Female,Miami,Mobile Payment,0%
T1862,18-02-2019,P050,Ear Drops,Medicine,3,6,18,C1862,64,Female,New York,Cash,10%
T0462,18-02-2019,P041,Digestive Enzymes,Supplement,1,18,18,C0462,39,Female,New York,Mobile Payment,10%
T1766,19-02-2019,P044,Joint Health Tablets,Supplement,2,32,64,C1766,37,Male,Houston,Debit Card,0%
T0566,19-02-2019,P005,Vitamin D3 Supplement,Supplement,3,12,36,C0566,63,Female,Denver,Debit Card,10%
T2363,20-02-2019,P032,Caffeine Pills,Supplement,5,5,25,C2363,31,Female,Seattle,Debit Card,15%
T1978,21-02-2019,P044,Joint Health Tablets,Supplement,2,32,64,C1978,38,Male,Los Angeles,Credit Card,0%
T1804,21-02-2019,P029,Zinc Supplement,Supplement,3,10,30,C1804,46,Male,Houston,Cash,10%
T1634,21-02-2019,P029,Zinc Supplement,Supplement,5,10,50,C1634,23,Female,New York,Credit Card,5%
T2530,22-02-2019,P015,Protein Powder,Nutrition,2,25,50,C2530,26,Male,Chicago,Mobile Payment,0%
T4973,22-02-2019,P035,Anti-Wrinkle Cream,Skincare,2,45,90,C4973,45,Male,Seattle,Debit Card,5%
T4768,22-02-2019,P049,Antifungal Powder,Medicine,1,10,10,C4768,26,Female,San Francisco,Credit Card,15%
T1956,24-02-2019,P022,Toothpaste,Hygiene,3,4,12,C1956,32,Male,Miami,Credit Card,0%
T0465,24-02-2019,P022,Toothpaste,Hygiene,1,4,4,C0465,29,Female,Chicago,Mobile Payment,0%
T4721,24-02-2019,P004,Anti-Allergy Cream,Skincare,5,25,125,C4721,18,Female,Los Angeles,Debit Card,0%
T1188,25-02-2019,P042,Green Tea Capsules,Supplement,4,10,40,C1188,55,Male,Chicago,Mobile Payment,5%
T2892,25-02-2019,P006,Cough Drops,Medicine,4,2.5,10,C2892,36,Male,New York,Cash,5%
T4734,26-02-2019,P014,Calcium Tablets,Supplement,5,15,75,C4734,55,Female,Miami,Cash,15%
T1607,26-02-2019,P031,Hydration Powder,Nutrition,2,7,14,C1607,51,Male,Los Angeles,Credit Card,10%
T4007,27-02-2019,P048,Hydrocortisone Cream,Medicine,1,5,5,C4007,51,Male,Miami,Debit Card,10%
T3064,28-02-2019,P038,Liver Health Supplement,Supplement,3,20,60,C3064,44,Male,San Francisco,Credit Card,10%
T2707,28-02-2019,P034,Hair Growth Serum,Haircare,3,28,84,C2707,55,Female,Miami,Cash,15%
T2634,28-02-2019,P004,Anti-Allergy Cream,Skincare,1,25,25,C2634,62,Female,Houston,Credit Card,5%
T1398,28-02-2019,P044,Joint Health Tablets,Supplement,3,32,96,C1398,61,Male,Los Angeles,Credit Card,5%
T4503,01-03-2019,P036,Tea Tree Oil,Skincare,4,12,48,C4503,50,Male,Los Angeles,Debit Card,0%
T1883,02-03-2019,P006,Cough Drops,Medicine,5,2.5,12.5,C1883,38,Male,Chicago,Debit Card,15%
T2443,02-03-2019,P024,Collagen Powder,Supplement,1,30,30,C2443,54,Male,San Francisco,Debit Card,10%
T2309,03-03-2019,P021,Hand Sanitizer,Hygiene,3,3,9,C2309,63,Male,Seattle,Mobile Payment,0%
T4316,03-03-2019,P022,Toothpaste,Hygiene,3,4,12,C4316,64,Female,Los Angeles,Credit Card,0%
T3248,04-03-2019,P036,Tea Tree Oil,Skincare,1,12,12,C3248,27,Male,Los Angeles,Mobile Payment,0%
T0699,05-03-2019,P037,Natural Deodorant,Hygiene,3,9,27,C0699,32,Male,Seattle,Credit Card,0%
T1729,05-03-2019,P046,Sunblock Cream,Skincare,5,20,100,C1729,43,Male,San Francisco,Cash,0%
T0838,06-03-2019,P016,Energy Drink,Beverage,2,5,10,C0838,22,Male,Seattle,Credit Card,0%
T0390,07-03-2019,P013,Probiotic Supplement,Supplement,2,20,40,C0390,20,Female,Boston,Debit Card,10%
T2650,07-03-2019,P009,Antibacterial Handwash,Hygiene,4,5,20,C2650,52,Male,Chicago,Cash,10%
T3780,07-03-2019,P005,Vitamin D3 Supplement,Supplement,4,12,48,C3780,52,Male,Miami,Mobile Payment,15%
T1918,08-03-2019,P014,Calcium Tablets,Supplement,3,15,45,C1918,56,Male,Denver,Credit Card,10%
T2328,08-03-2019,P046,Sunblock Cream,Skincare,2,20,40,C2328,52,Male,Houston,Credit Card,15%
T1013,09-03-2019,P001,Pain Relief Capsule,Medicine,1,10,10,C1013,30,Female,New York,Cash,5%
T0399,10-03-2019,P048,Hydrocortisone Cream,Medicine,5,5,25,C0399,49,Male,Miami,Credit Card,5%
T1474,10-03-2019,P039,Nasal Spray,Medicine,2,8,16,C1474,31,Female,Seattle,Debit Card,5%
T3828,11-03-2019,P005,Vitamin D3 Supplement,Supplement,1,12,12,C3828,42,Female,Seattle,Mobile Payment,10%
T4653,12-03-2019,P012,Organic Face Wash,Skincare,5,10,50,C4653,56,Female,Los Angeles,Cash,0%
T0901,12-03-2019,P048,Hydrocortisone Cream,Medicine,3,5,15,C0901,30,Male,San Francisco,Mobile Payment,15%
T3751,12-03-2019,P010,Lip Balm,Skincare,1,7,7,C3751,29,Female,Houston,Credit Card,5%
T1065,13-03-2019,P025,Eye Drops,Medicine,5,12,60,C1065,21,Male,Houston,Credit Card,15%
T4419,13-03-2019,P038,Liver Health Supplement,Supplement,2,20,40,C4419,53,Male,Seattle,Cash,5%
T2102,14-03-2019,P022,Toothpaste,Hygiene,4,4,16,C2102,43,Female,Seattle,Cash,15%
T3964,14-03-2019,P038,Liver Health Supplement,Supplement,5,20,100,C3964,26,Female,Chicago,Cash,15%
T2400,15-03-2019,P034,Hair Growth Serum,Haircare,3,28,84,C2400,45,Male,Los Angeles,Cash,5%
T4868,15-03-2019,P039,Nasal Spray,Medicine,1,8,8,C4868,49,Female,San Francisco,Mobile Payment,10%
T1612,16-03-2019,P003,Cold Syrup,Medicine,5,8,40,C1612,35,Female,Houston,Credit Card,5%
T1498,17-03-2019,P006,Cough Drops,Medicine,1,2.5,2.5,C1498,19,Female,Seattle,Cash,15%
T3540,17-03-2019,P046,Sunblock Cream,Skincare,4,20,80,C3540,43,Female,Los Angeles,Cash,15%
T1102,18-03-2019,P029,Zinc Supplement,Supplement,3,10,30,C1102,56,Male,Boston,Credit Card,10%
T2873,20-03-2019,P013,Probiotic Supplement,Supplement,5,20,100,C2873,41,Male,Los Angeles,Debit Card,5%
T1079,20-03-2019,P039,Nasal Spray,Medicine,3,8,24,C1079,32,Male,San Francisco,Mobile Payment,15%
T3674,20-03-2019,P029,Zinc Supplement,Supplement,1,10,10,C3674,57,Male,Houston,Credit Card,5%
T2109,21-03-2019,P010,Lip Balm,Skincare,2,7,14,C2109,43,Male,Chicago,Credit Card,0%
T4833,21-03-2019,P041,Digestive Enzymes,Supplement,5,18,90,C4833,39,Female,San Francisco,Credit Card,15%
T3754,21-03-2019,P011,Herbal Shampoo,Haircare,5,12,60,C3754,42,Male,Houston,Mobile Payment,5%
T3725,22-03-2019,P012,Organic Face Wash,Skincare,3,10,30,C3725,51,Male,New York,Cash,10%
T4937,22-03-2019,P029,Zinc Supplement,Supplement,3,10,30,C4937,56,Female,San Francisco,Mobile Payment,5%
T2142,22-03-2019,P027,All-Purpose Ointment,Medicine,2,6,12,C2142,44,Male,Boston,Cash,15%
T3072,22-03-2019,P006,Cough Drops,Medicine,3,2.5,7.5,C3072,54,Female,New York,Mobile Payment,5%
T4141,23-03-2019,P025,Eye Drops,Medicine,4,12,48,C4141,46,Female,Boston,Cash,5%
T1463,24-03-2019,P044,Joint Health Tablets,Supplement,5,32,160,C1463,56,Male,New York,Mobile Payment,0%
T4220,25-03-2019,P030,Heart Health Supplement,Supplement,4,35,140,C4220,59,Female,Seattle,Debit Card,15%
T4206,25-03-2019,P025,Eye Drops,Medicine,4,12,48,C4206,46,Female,Miami,Mobile Payment,10%
T0853,26-03-2019,P031,Hydration Powder,Nutrition,1,7,7,C0853,61,Female,San Francisco,Debit Card,0%
T3985,27-03-2019,P032,Caffeine Pills,Supplement,4,5,20,C3985,48,Male,Los Angeles,Debit Card,15%
T0727,28-03-2019,P024,Collagen Powder,Supplement,2,30,60,C0727,38,Female,San Francisco,Debit Card,10%
T3154,29-03-2019,P025,Eye Drops,Medicine,3,12,36,C3154,57,Female,Seattle,Mobile Payment,0%
T4508,29-03-2019,P019,Aloe Vera Gel,Skincare,4,8,32,C4508,37,Female,Miami,Debit Card,10%
T3977,29-03-2019,P024,Collagen Powder,Supplement,1,30,30,C3977,65,Male,Boston,Debit Card,15%
T4520,30-03-2019,P007,Diabetic Test Strips,Medical Equipment,4,50,200,C4520,42,Male,Denver,Cash,5%
T3776,30-03-2019,P026,Muscle Relaxant Cream,Medicine,3,25,75,C3776,50,Female,Chicago,Credit Card,15%
T4265,30-03-2019,P020,Elderberry Syrup,Medicine,5,22,110,C4265,57,Male,Seattle,Mobile Payment,0%
T1195,30-03-2019,P009,Antibacterial Handwash,Hygiene,3,5,15,C1195,46,Male,Los Angeles,Cash,5%
T2132,31-03-2019,P002,Multivitamin Tablet,Supplement,5,15,75,C2132,30,Female,San Francisco,Credit Card,5%
T0256,31-03-2019,P012,Organic Face Wash,Skincare,2,10,20,C0256,48,Male,Los Angeles,Mobile Payment,0%
T4318,31-03-2019,P031,Hydration Powder,Nutrition,1,7,7,C4318,23,Female,Denver,Cash,15%
T0981,01-04-2019,P041,Digestive Enzymes,Supplement,1,18,18,C0981,29,Male,Denver,Debit Card,15%
T3321,02-04-2019,P015,Protein Powder,Nutrition,2,25,50,C3321,51,Male,Seattle,Mobile Payment,5%
T2881,02-04-2019,P018,Moisturizing Lotion,Skincare,4,18,72,C2881,32,Male,Seattle,Mobile Payment,0%
T3837,02-04-2019,P013,Probiotic Supplement,Supplement,3,20,60,C3837,44,Male,Los Angeles,Mobile Payment,10%
T4046,02-04-2019,P036,Tea Tree Oil,Skincare,1,12,12,C4046,32,Male,San Francisco,Cash,15%
T1772,02-04-2019,P016,Energy Drink,Beverage,3,5,15,C1772,31,Male,Houston,Mobile Payment,5%
T4563,03-04-2019,P021,Hand Sanitizer,Hygiene,5,3,15,C4563,65,Male,Denver,Cash,5%
T1746,03-04-2019,P023,Acne Treatment Gel,Skincare,3,16,48,C1746,42,Male,San Francisco,Debit Card,0%
T0716,03-04-2019,P037,Natural Deodorant,Hygiene,1,9,9,C0716,25,Female,Houston,Debit Card,15%
T4732,04-04-2019,P028,Omega-3 Capsules,Supplement,4,22,88,C4732,19,Female,Chicago,Mobile Payment,10%
T1250,05-04-2019,P046,Sunblock Cream,Skincare,1,20,20,C1250,42,Male,Chicago,Cash,0%
T2439,05-04-2019,P039,Nasal Spray,Medicine,3,8,24,C2439,45,Female,Boston,Credit Card,10%
T4096,05-04-2019,P039,Nasal Spray,Medicine,1,8,8,C4096,64,Male,Houston,Debit Card,0%
T3797,06-04-2019,P004,Anti-Allergy Cream,Skincare,5,25,125,C3797,36,Female,Miami,Debit Card,0%
T4752,06-04-2019,P035,Anti-Wrinkle Cream,Skincare,1,45,45,C4752,64,Female,San Francisco,Debit Card,10%
T1990,06-04-2019,P040,Hair Conditioner,Haircare,4,13,52,C1990,55,Male,Los Angeles,Credit Card,0%
T1614,07-04-2019,P034,Hair Growth Serum,Haircare,5,28,140,C1614,50,Male,San Francisco,Cash,5%
T4776,07-04-2019,P004,Anti-Allergy Cream,Skincare,3,25,75,C4776,64,Male,Chicago,Mobile Payment,15%
T0541,08-04-2019,P021,Hand Sanitizer,Hygiene,5,3,15,C0541,63,Female,Denver,Cash,0%
T1796,08-04-2019,P043,Pain Relief Patch,Medicine,5,7,35,C1796,55,Female,Houston,Cash,5%
T0126,08-04-2019,P004,Anti-Allergy Cream,Skincare,3,25,75,C0126,45,Female,Boston,Credit Card,0%
T1076,09-04-2019,P017,Anti-Dandruff Shampoo,Haircare,2,14,28,C1076,47,Female,Seattle,Credit Card,15%
T2794,10-04-2019,P007,Diabetic Test Strips,Medical Equipment,3,50,150,C2794,49,Male,Denver,Cash,10%
T0510,10-04-2019,P005,Vitamin D3 Supplement,Supplement,2,12,24,C0510,57,Female,Seattle,Cash,0%
T1018,10-04-2019,P009,Antibacterial Handwash,Hygiene,4,5,20,C1018,58,Male,Chicago,Debit Card,10%
T0414,10-04-2019,P043,Pain Relief Patch,Medicine,5,7,35,C0414,27,Male,Denver,Mobile Payment,10%
T4820,11-04-2019,P041,Digestive Enzymes,Supplement,5,18,90,C4820,46,Female,Chicago,Mobile Payment,10%
T1008,12-04-2019,P026,Muscle Relaxant Cream,Medicine,4,25,100,C1008,53,Male,Miami,Mobile Payment,10%
T3004,12-04-2019,P033,Foot Cream,Skincare,4,15,60,C3004,20,Male,Miami,Credit Card,15%
T1613,13-04-2019,P046,Sunblock Cream,Skincare,3,20,60,C1613,47,Female,New York,Mobile Payment,10%
T2479,14-04-2019,P025,Eye Drops,Medicine,4,12,48,C2479,52,Male,Denver,Cash,5%
T2831,14-04-2019,P008,Fish Oil Capsules,Supplement,2,18,36,C2831,42,Female,Los Angeles,Cash,0%
T0915,15-04-2019,P047,Coconut Oil,Haircare,1,12,12,C0915,34,Female,Seattle,Mobile Payment,15%
T4083,15-04-2019,P010,Lip Balm,Skincare,4,7,28,C4083,43,Female,New York,Credit Card,15%
T1667,15-04-2019,P035,Anti-Wrinkle Cream,Skincare,1,45,45,C1667,60,Male,Denver,Credit Card,15%
T4481,15-04-2019,P023,Acne Treatment Gel,Skincare,5,16,80,C4481,38,Female,New York,Cash,0%
T2925,15-04-2019,P010,Lip Balm,Skincare,2,7,14,C2925,62,Male,Denver,Cash,10%
T0404,15-04-2019,P029,Zinc Supplement,Supplement,3,10,30,C0404,50,Male,Miami,Credit Card,15%
T2569,16-04-2019,P041,Digestive Enzymes,Supplement,4,18,72,C2569,60,Male,Denver,Cash,0%
T3804,16-04-2019,P041,Digestive Enzymes,Supplement,3,18,54,C3804,24,Female,Denver,Debit Card,0%
T0772,16-04-2019,P009,Antibacterial Handwash,Hygiene,3,5,15,C0772,62,Female,Miami,Credit Card,15%
T2608,17-04-2019,P020,Elderberry Syrup,Medicine,2,22,44,C2608,58,Male,Boston,Credit Card,5%
T0078,17-04-2019,P025,Eye Drops,Medicine,4,12,48,C0078,21,Female,Miami,Cash,15%
T3867,17-04-2019,P049,Antifungal Powder,Medicine,4,10,40,C3867,27,Female,Boston,Debit Card,0%
T2275,18-04-2019,P003,Cold Syrup,Medicine,2,8,16,C2275,59,Female,Chicago,Debit Card,0%
T1167,18-04-2019,P026,Muscle Relaxant Cream,Medicine,4,25,100,C1167,62,Female,Houston,Mobile Payment,10%
T1935,19-04-2019,P046,Sunblock Cream,Skincare,3,20,60,C1935,63,Female,Boston,Mobile Payment,0%
T2301,19-04-2019,P042,Green Tea Capsules,Supplement,1,10,10,C2301,57,Female,Boston,Debit Card,10%
T0797,20-04-2019,P004,Anti-Allergy Cream,Skincare,1,25,25,C0797,45,Female,New York,Cash,5%
T2216,21-04-2019,P022,Toothpaste,Hygiene,4,4,16,C2216,36,Male,Miami,Cash,5%
T2231,21-04-2019,P048,Hydrocortisone Cream,Medicine,4,5,20,C2231,31,Female,New York,Cash,0%
T0995,22-04-2019,P042,Green Tea Capsules,Supplement,5,10,50,C0995,59,Male,Chicago,Debit Card,5%
T2548,22-04-2019,P050,Ear Drops,Medicine,5,6,30,C2548,63,Female,Boston,Credit Card,15%
T2380,23-04-2019,P013,Probiotic Supplement,Supplement,4,20,80,C2380,38,Female,San Francisco,Mobile Payment,5%
T2527,24-04-2019,P045,Vitamin C Serum,Skincare,2,25,50,C2527,18,Male,Boston,Mobile Payment,15%
T3265,25-04-2019,P014,Calcium Tablets,Supplement,5,15,75,C3265,44,Male,Miami,Cash,10%
T2238,26-04-2019,P029,Zinc Supplement,Supplement,4,10,40,C2238,52,Female,Chicago,Cash,0%
T1996,26-04-2019,P011,Herbal Shampoo,Haircare,3,12,36,C1996,43,Male,Denver,Debit Card,15%
T0190,27-04-2019,P023,Acne Treatment Gel,Skincare,2,16,32,C0190,41,Female,Los Angeles,Mobile Payment,15%
T2961,27-04-2019,P003,Cold Syrup,Medicine,2,8,16,C2961,56,Female,Houston,Cash,5%
T3007,28-04-2019,P043,Pain Relief Patch,Medicine,1,7,7,C3007,38,Male,Chicago,Credit Card,15%
T3493,29-04-2019,P045,Vitamin C Serum,Skincare,1,25,25,C3493,20,Female,Boston,Credit Card,0%
T3133,29-04-2019,P029,Zinc Supplement,Supplement,3,10,30,C3133,26,Male,San Francisco,Debit Card,10%
T0486,30-04-2019,P040,Hair Conditioner,Haircare,5,13,65,C0486,38,Female,New York,Cash,10%
T0900,30-04-2019,P013,Probiotic Supplement,Supplement,3,20,60,C0900,40,Female,Los Angeles,Debit Card,15%
T3159,30-04-2019,P020,Elderberry Syrup,Medicine,5,22,110,C3159,42,Female,Los Angeles,Credit Card,10%
T0012,30-04-2019,P009,Antibacterial Handwash,Hygiene,2,5,10,C0012,35,Male,Los Angeles,Debit Card,0%
T4944,01-05-2019,P046,Sunblock Cream,Skincare,3,20,60,C4944,37,Male,Boston,Cash,5%
T2942,01-05-2019,P046,Sunblock Cream,Skincare,2,20,40,C2942,54,Male,Los Angeles,Debit Card,0%
T3957,02-05-2019,P006,Cough Drops,Medicine,1,2.5,2.5,C3957,49,Male,Denver,Debit Card,10%
T0177,02-05-2019,P012,Organic Face Wash,Skincare,1,10,10,C0177,58,Female,Seattle,Credit Card,0%
T2830,02-05-2019,P030,Heart Health Supplement,Supplement,3,35,105,C2830,18,Female,Boston,Mobile Payment,5%
T1722,02-05-2019,P045,Vitamin C Serum,Skincare,3,25,75,C1722,36,Male,Denver,Mobile Payment,10%
T0305,02-05-2019,P024,Collagen Powder,Supplement,3,30,90,C0305,29,Male,New York,Credit Card,0%
T1626,03-05-2019,P031,Hydration Powder,Nutrition,3,7,21,C1626,57,Male,Denver,Debit Card,5%
T0847,03-05-2019,P030,Heart Health Supplement,Supplement,3,35,105,C0847,18,Male,Chicago,Mobile Payment,0%
T4676,03-05-2019,P021,Hand Sanitizer,Hygiene,3,3,9,C4676,28,Female,Seattle,Debit Card,5%
T0276,03-05-2019,P025,Eye Drops,Medicine,3,12,36,C0276,34,Female,New York,Debit Card,15%
T3329,03-05-2019,P010,Lip Balm,Skincare,4,7,28,C3329,56,Male,Houston,Debit Card,10%
T2001,04-05-2019,P040,Hair Conditioner,Haircare,5,13,65,C2001,34,Male,Boston,Cash,5%
T2022,04-05-2019,P025,Eye Drops,Medicine,4,12,48,C2022,58,Male,Denver,Cash,15%
T1378,05-05-2019,P014,Calcium Tablets,Supplement,4,15,60,C1378,38,Male,San Francisco,Cash,5%
T3479,05-05-2019,P029,Zinc Supplement,Supplement,1,10,10,C3479,38,Female,Boston,Mobile Payment,5%
T2252,05-05-2019,P001,Pain Relief Capsule,Medicine,4,10,40,C2252,41,Female,Los Angeles,Credit Card,0%
T2900,05-05-2019,P026,Muscle Relaxant Cream,Medicine,1,25,25,C2900,37,Male,New York,Credit Card,10%
T1149,05-05-2019,P044,Joint Health Tablets,Supplement,5,32,160,C1149,37,Male,Houston,Credit Card,10%
T1480,05-05-2019,P012,Organic Face Wash,Skincare,4,10,40,C1480,59,Male,Boston,Credit Card,0%
T0184,05-05-2019,P050,Ear Drops,Medicine,2,6,12,C0184,21,Female,Boston,Credit Card,10%
T1590,06-05-2019,P027,All-Purpose Ointment,Medicine,1,6,6,C1590,61,Female,Miami,Cash,0%
T3792,06-05-2019,P028,Omega-3 Capsules,Supplement,5,22,110,C3792,62,Male,Denver,Mobile Payment,5%
T4861,06-05-2019,P004,Anti-Allergy Cream,Skincare,3,25,75,C4861,47,Male,Boston,Mobile Payment,15%
T2693,06-05-2019,P049,Antifungal Powder,Medicine,1,10,10,C2693,42,Male,Miami,Mobile Payment,5%
T3420,07-05-2019,P003,Cold Syrup,Medicine,5,8,40,C3420,59,Female,Seattle,Debit Card,10%
T3753,08-05-2019,P046,Sunblock Cream,Skincare,2,20,40,C3753,33,Male,San Francisco,Debit Card,5%
T0049,08-05-2019,P024,Collagen Powder,Supplement,2,30,60,C0049,29,Female,Chicago,Mobile Payment,10%
T1137,08-05-2019,P042,Green Tea Capsules,Supplement,5,10,50,C1137,48,Female,Houston,Mobile Payment,10%
T1651,08-05-2019,P025,Eye Drops,Medicine,2,12,24,C1651,59,Female,Houston,Debit Card,5%
T1588,09-05-2019,P040,Hair Conditioner,Haircare,1,13,13,C1588,58,Female,Chicago,Cash,0%
T3733,09-05-2019,P036,Tea Tree Oil,Skincare,4,12,48,C3733,27,Male,Denver,Debit Card,0%
T4539,09-05-2019,P035,Anti-Wrinkle Cream,Skincare,5,45,225,C4539,31,Female,Seattle,Debit Card,15%
T2996,09-05-2019,P041,Digestive Enzymes,Supplement,5,18,90,C2996,20,Male,Chicago,Cash,15%
T4857,11-05-2019,P024,Collagen Powder,Supplement,3,30,90,C4857,44,Female,Denver,Debit Card,15%
T4383,11-05-2019,P031,Hydration Powder,Nutrition,2,7,14,C4383,48,Female,Los Angeles,Cash,5%
T2850,11-05-2019,P008,Fish Oil Capsules,Supplement,1,18,18,C2850,34,Male,Denver,Cash,0%
T2130,11-05-2019,P032,Caffeine Pills,Supplement,5,5,25,C2130,56,Male,Chicago,Mobile Payment,0%
T0330,12-05-2019,P026,Muscle Relaxant Cream,Medicine,3,25,75,C0330,19,Female,New York,Mobile Payment,15%
T4980,13-05-2019,P030,Heart Health Supplement,Supplement,4,35,140,C4980,63,Male,Los Angeles,Debit Card,0%
T3990,13-05-2019,P033,Foot Cream,Skincare,1,15,15,C3990,61,Male,Seattle,Mobile Payment,5%
T0381,13-05-2019,P024,Collagen Powder,Supplement,3,30,90,C0381,59,Female,Los Angeles,Debit Card,0%
T0587,14-05-2019,P008,Fish Oil Capsules,Supplement,1,18,18,C0587,34,Male,Boston,Mobile Payment,15%
T1208,14-05-2019,P025,Eye Drops,Medicine,3,12,36,C1208,59,Female,Boston,Cash,0%
T0005,15-05-2019,P044,Joint Health Tablets,Supplement,5,32,160,C0005,24,Female,Denver,Debit Card,5%
T4401,16-05-2019,P044,Joint Health Tablets,Supplement,3,32,96,C4401,41,Male,Los Angeles,Debit Card,0%
T3569,16-05-2019,P005,Vitamin D3 Supplement,Supplement,5,12,60,C3569,36,Female,Boston,Cash,5%
T2905,16-05-2019,P020,Elderberry Syrup,Medicine,1,22,22,C2905,45,Female,Denver,Credit Card,5%
T2673,17-05-2019,P047,Coconut Oil,Haircare,4,12,48,C2673,28,Male,Houston,Credit Card,10%
T4615,17-05-2019,P011,Herbal Shampoo,Haircare,3,12,36,C4615,37,Female,Seattle,Debit Card,15%
T4031,17-05-2019,P048,Hydrocortisone Cream,Medicine,3,5,15,C4031,45,Female,Chicago,Cash,0%
T1717,18-05-2019,P001,Pain Relief Capsule,Medicine,4,10,40,C1717,25,Male,Boston,Credit Card,15%
T1581,19-05-2019,P030,Heart Health Supplement,Supplement,5,35,175,C1581,22,Female,Houston,Debit Card,10%
T1421,19-05-2019,P029,Zinc Supplement,Supplement,5,10,50,C1421,23,Female,San Francisco,Debit Card,15%
T0854,19-05-2019,P050,Ear Drops,Medicine,1,6,6,C0854,21,Female,San Francisco,Mobile Payment,15%
T0690,19-05-2019,P040,Hair Conditioner,Haircare,2,13,26,C0690,28,Male,Los Angeles,Mobile Payment,5%
T3242,19-05-2019,P025,Eye Drops,Medicine,4,12,48,C3242,18,Female,Houston,Debit Card,5%
T2314,19-05-2019,P010,Lip Balm,Skincare,5,7,35,C2314,59,Male,Denver,Debit Card,5%
T0539,20-05-2019,P029,Zinc Supplement,Supplement,5,10,50,C0539,49,Female,Boston,Mobile Payment,10%
T1343,20-05-2019,P037,Natural Deodorant,Hygiene,5,9,45,C1343,57,Male,Boston,Debit Card,10%
T4181,21-05-2019,P042,Green Tea Capsules,Supplement,5,10,50,C4181,63,Male,Denver,Mobile Payment,5%
T2572,21-05-2019,P029,Zinc Supplement,Supplement,5,10,50,C2572,51,Male,New York,Debit Card,5%
T2442,23-05-2019,P003,Cold Syrup,Medicine,5,8,40,C2442,60,Female,Miami,Cash,0%
T0829,23-05-2019,P021,Hand Sanitizer,Hygiene,5,3,15,C0829,27,Female,Los Angeles,Debit Card,10%
T1541,24-05-2019,P016,Energy Drink,Beverage,3,5,15,C1541,26,Female,Miami,Mobile Payment,5%
T3768,24-05-2019,P037,Natural Deodorant,Hygiene,1,9,9,C3768,40,Male,Miami,Debit Card,15%
T4613,24-05-2019,P050,Ear Drops,Medicine,2,6,12,C4613,20,Female,Seattle,Credit Card,5%
T1390,24-05-2019,P008,Fish Oil Capsules,Supplement,2,18,36,C1390,54,Female,Houston,Mobile Payment,10%
T4308,24-05-2019,P032,Caffeine Pills,Supplement,5,5,25,C4308,19,Female,Miami,Credit Card,0%
T1556,25-05-2019,P007,Diabetic Test Strips,Medical Equipment,1,50,50,C1556,59,Female,Los Angeles,Cash,10%
T2788,25-05-2019,P017,Anti-Dandruff Shampoo,Haircare,4,14,56,C2788,31,Female,Denver,Credit Card,15%
T4697,25-05-2019,P027,All-Purpose Ointment,Medicine,5,6,30,C4697,30,Female,Miami,Mobile Payment,0%
T1573,26-05-2019,P035,Anti-Wrinkle Cream,Skincare,3,45,135,C1573,34,Male,Boston,Credit Card,5%
T3567,27-05-2019,P046,Sunblock Cream,Skincare,1,20,20,C3567,50,Male,Chicago,Credit Card,5%
T2162,27-05-2019,P033,Foot Cream,Skincare,3,15,45,C2162,31,Male,Miami,Cash,15%
T2798,27-05-2019,P022,Toothpaste,Hygiene,4,4,16,C2798,25,Male,San Francisco,Mobile Payment,10%
T2720,28-05-2019,P041,Digestive Enzymes,Supplement,5,18,90,C2720,33,Female,Houston,Credit Card,0%
T0748,28-05-2019,P012,Organic Face Wash,Skincare,3,10,30,C0748,28,Female,Houston,Credit Card,5%
T0875,28-05-2019,P035,Anti-Wrinkle Cream,Skincare,4,45,180,C0875,47,Male,New York,Cash,10%
T3642,28-05-2019,P040,Hair Conditioner,Haircare,1,13,13,C3642,46,Female,Miami,Cash,0%
T1945,28-05-2019,P003,Cold Syrup,Medicine,2,8,16,C1945,62,Female,New York,Cash,5%
T4819,28-05-2019,P013,Probiotic Supplement,Supplement,2,20,40,C4819,55,Male,San Francisco,Credit Card,15%
T2083,29-05-2019,P017,Anti-Dandruff Shampoo,Haircare,1,14,14,C2083,47,Male,Seattle,Debit Card,15%
T4299,29-05-2019,P006,Cough Drops,Medicine,5,2.5,12.5,C4299,41,Male,Los Angeles,Credit Card,0%
T3543,29-05-2019,P045,Vitamin C Serum,Skincare,5,25,125,C3543,44,Male,Seattle,Debit Card,10%
T1926,30-05-2019,P005,Vitamin D3 Supplement,Supplement,5,12,60,C1926,21,Male,Los Angeles,Cash,5%
T4675,30-05-2019,P018,Moisturizing Lotion,Skincare,5,18,90,C4675,46,Male,Miami,Debit Card,10%
T3525,30-05-2019,P002,Multivitamin Tablet,Supplement,3,15,45,C3525,59,Female,Houston,Cash,15%
T0517,31-05-2019,P045,Vitamin C Serum,Skincare,4,25,100,C0517,55,Male,Denver,Credit Card,15%
T2454,31-05-2019,P031,Hydration Powder,Nutrition,4,7,28,C2454,58,Female,New York,Mobile Payment,15%
T2082,01-06-2019,P028,Omega-3 Capsules,Supplement,5,22,110,C2082,53,Female,Boston,Debit Card,0%
T2858,01-06-2019,P023,Acne Treatment Gel,Skincare,3,16,48,C2858,38,Female,New York,Debit Card,10%
T2525,01-06-2019,P028,Omega-3 Capsules,Supplement,2,22,44,C2525,38,Female,Los Angeles,Credit Card,0%
T0420,01-06-2019,P006,Cough Drops,Medicine,3,2.5,7.5,C0420,48,Female,Seattle,Credit Card,0%
T3068,01-06-2019,P019,Aloe Vera Gel,Skincare,4,8,32,C3068,65,Female,Houston,Debit Card,5%
T0977,03-06-2019,P012,Organic Face Wash,Skincare,5,10,50,C0977,64,Female,New York,Cash,0%
T4536,03-06-2019,P019,Aloe Vera Gel,Skincare,4,8,32,C4536,51,Male,San Francisco,Debit Card,5%
T1107,04-06-2019,P021,Hand Sanitizer,Hygiene,4,3,12,C1107,42,Male,Boston,Cash,5%
T4126,05-06-2019,P009,Antibacterial Handwash,Hygiene,2,5,10,C4126,19,Female,Miami,Credit Card,10%
T4207,05-06-2019,P009,Antibacterial Handwash,Hygiene,5,5,25,C4207,31,Female,Boston,Credit Card,10%
T3764,05-06-2019,P037,Natural Deodorant,Hygiene,1,9,9,C3764,24,Female,New York,Cash,15%
T1305,05-06-2019,P004,Anti-Allergy Cream,Skincare,5,25,125,C1305,40,Female,Miami,Mobile Payment,5%
T2457,06-06-2019,P004,Anti-Allergy Cream,Skincare,1,25,25,C2457,51,Male,Denver,Credit Card,10%
T1355,06-06-2019,P011,Herbal Shampoo,Haircare,4,12,48,C1355,57,Female,Seattle,Cash,15%
T2854,07-06-2019,P016,Energy Drink,Beverage,3,5,15,C2854,27,Female,Boston,Cash,15%
T0910,07-06-2019,P020,Elderberry Syrup,Medicine,5,22,110,C0910,30,Male,Denver,Debit Card,10%
T2248,07-06-2019,P024,Collagen Powder,Supplement,3,30,90,C2248,28,Female,Boston,Debit Card,15%
T3316,07-06-2019,P007,Diabetic Test Strips,Medical Equipment,5,50,250,C3316,19,Female,Boston,Cash,0%
T2256,08-06-2019,P012,Organic Face Wash,Skincare,1,10,10,C2256,19,Male,Seattle,Debit Card,10%
T2193,08-06-2019,P029,Zinc Supplement,Supplement,2,10,20,C2193,54,Male,Houston,Debit Card,10%
T4545,08-06-2019,P007,Diabetic Test Strips,Medical Equipment,4,50,200,C4545,57,Female,Houston,Mobile Payment,10%
T3204,10-06-2019,P016,Energy Drink,Beverage,2,5,10,C3204,40,Female,Houston,Credit Card,0%
T4654,10-06-2019,P008,Fish Oil Capsules,Supplement,2,18,36,C4654,29,Female,New York,Cash,10%
T4097,11-06-2019,P032,Caffeine Pills,Supplement,3,5,15,C4097,45,Male,New York,Credit Card,10%
T2542,11-06-2019,P017,Anti-Dandruff Shampoo,Haircare,4,14,56,C2542,62,Female,Chicago,Credit Card,5%
T4430,11-06-2019,P032,Caffeine Pills,Supplement,4,5,20,C4430,49,Male,Chicago,Credit Card,10%
T2360,12-06-2019,P028,Omega-3 Capsules,Supplement,2,22,44,C2360,53,Male,Los Angeles,Debit Card,10%
T4478,12-06-2019,P034,Hair Growth Serum,Haircare,3,28,84,C4478,19,Female,Houston,Mobile Payment,10%
T3259,13-06-2019,P001,Pain Relief Capsule,Medicine,5,10,50,C3259,63,Female,Seattle,Cash,0%
T4512,13-06-2019,P011,Herbal Shampoo,Haircare,5,12,60,C4512,47,Male,Houston,Mobile Payment,15%
T1771,13-06-2019,P025,Eye Drops,Medicine,3,12,36,C1771,22,Male,Seattle,Mobile Payment,15%
T1739,15-06-2019,P003,Cold Syrup,Medicine,3,8,24,C1739,52,Female,Chicago,Credit Card,15%
T3943,15-06-2019,P005,Vitamin D3 Supplement,Supplement,3,12,36,C3943,57,Female,Chicago,Cash,5%
T4630,15-06-2019,P047,Coconut Oil,Haircare,5,12,60,C4630,46,Female,Boston,Debit Card,0%
T1023,15-06-2019,P016,Energy Drink,Beverage,4,5,20,C1023,23,Female,New York,Mobile Payment,0%
T2829,16-06-2019,P013,Probiotic Supplement,Supplement,5,20,100,C2829,51,Female,Boston,Mobile Payment,5%
T3952,17-06-2019,P021,Hand Sanitizer,Hygiene,4,3,12,C3952,37,Male,Miami,Cash,5%
T4645,17-06-2019,P037,Natural Deodorant,Hygiene,5,9,45,C4645,31,Female,Chicago,Credit Card,0%
T0552,17-06-2019,P003,Cold Syrup,Medicine,3,8,24,C0552,18,Female,San Francisco,Mobile Payment,10%
T0685,17-06-2019,P022,Toothpaste,Hygiene,4,4,16,C0685,39,Male,Seattle,Credit Card,0%
T4756,18-06-2019,P036,Tea Tree Oil,Skincare,1,12,12,C4756,28,Male,Los Angeles,Mobile Payment,15%
T3814,18-06-2019,P046,Sunblock Cream,Skincare,5,20,100,C3814,56,Female,Los Angeles,Credit Card,10%
T1815,18-06-2019,P029,Zinc Supplement,Supplement,5,10,50,C1815,49,Male,San Francisco,Cash,0%
T4109,18-06-2019,P050,Ear Drops,Medicine,2,6,12,C4109,24,Female,Houston,Mobile Payment,15%
T4946,20-06-2019,P014,Calcium Tablets,Supplement,2,15,30,C4946,38,Female,Denver,Mobile Payment,15%
T4368,20-06-2019,P043,Pain Relief Patch,Medicine,4,7,28,C4368,62,Male,Houston,Credit Card,0%
T0584,21-06-2019,P030,Heart Health Supplement,Supplement,5,35,175,C0584,46,Female,Seattle,Debit Card,10%
T4660,22-06-2019,P017,Anti-Dandruff Shampoo,Haircare,5,14,70,C4660,46,Female,Boston,Debit Card,5%
T4502,22-06-2019,P006,Cough Drops,Medicine,1,2.5,2.5,C4502,55,Female,Denver,Debit Card,15%
T0329,22-06-2019,P041,Digestive Enzymes,Supplement,2,18,36,C0329,27,Female,Denver,Credit Card,0%
T1536,23-06-2019,P046,Sunblock Cream,Skincare,4,20,80,C1536,20,Female,Chicago,Credit Card,10%
T3917,23-06-2019,P050,Ear Drops,Medicine,3,6,18,C3917,57,Male,Boston,Credit Card,0%
T1687,23-06-2019,P030,Heart Health Supplement,Supplement,2,35,70,C1687,39,Male,Boston,Credit Card,10%
T0762,23-06-2019,P016,Energy Drink,Beverage,5,5,25,C0762,21,Male,Houston,Cash,0%
T0174,24-06-2019,P024,Collagen Powder,Supplement,4,30,120,C0174,61,Male,San Francisco,Mobile Payment,15%
T3453,24-06-2019,P049,Antifungal Powder,Medicine,2,10,20,C3453,63,Male,Boston,Credit Card,10%
T3844,24-06-2019,P005,Vitamin D3 Supplement,Supplement,1,12,12,C3844,25,Male,Los Angeles,Cash,0%
T2916,24-06-2019,P024,Collagen Powder,Supplement,2,30,60,C2916,35,Female,San Francisco,Credit Card,5%
T4283,25-06-2019,P046,Sunblock Cream,Skincare,1,20,20,C4283,31,Female,Chicago,Credit Card,0%
T1154,25-06-2019,P003,Cold Syrup,Medicine,4,8,32,C1154,21,Male,Los Angeles,Cash,10%
T0723,26-06-2019,P009,Antibacterial Handwash,Hygiene,4,5,20,C0723,18,Female,Chicago,Debit Card,15%
T2906,26-06-2019,P050,Ear Drops,Medicine,1,6,6,C2906,48,Male,Denver,Cash,15%
T3878,27-06-2019,P027,All-Purpose Ointment,Medicine,5,6,30,C3878,58,Female,New York,Cash,15%
T1914,27-06-2019,P041,Digestive Enzymes,Supplement,1,18,18,C1914,38,Male,Miami,Cash,10%
T0146,27-06-2019,P040,Hair Conditioner,Haircare,5,13,65,C0146,22,Female,Chicago,Credit Card,0%
T1610,27-06-2019,P010,Lip Balm,Skincare,2,7,14,C1610,30,Female,Los Angeles,Mobile Payment,5%
T0940,27-06-2019,P036,Tea Tree Oil,Skincare,2,12,24,C0940,27,Male,Los Angeles,Debit Card,10%
T2417,28-06-2019,P029,Zinc Supplement,Supplement,2,10,20,C2417,52,Female,Chicago,Cash,5%
T4360,28-06-2019,P036,Tea Tree Oil,Skincare,5,12,60,C4360,21,Female,Denver,Cash,0%
T0371,29-06-2019,P035,Anti-Wrinkle Cream,Skincare,5,45,225,C0371,63,Male,Los Angeles,Mobile Payment,0%
T0611,30-06-2019,P029,Zinc Supplement,Supplement,5,10,50,C0611,30,Female,Chicago,Credit Card,5%
T1625,01-07-2019,P003,Cold Syrup,Medicine,1,8,8,C1625,51,Male,Chicago,Mobile Payment,0%
T0042,01-07-2019,P023,Acne Treatment Gel,Skincare,5,16,80,C0042,28,Female,Chicago,Cash,5%
T1621,01-07-2019,P021,Hand Sanitizer,Hygiene,4,3,12,C1621,29,Male,Denver,Cash,0%
T0717,01-07-2019,P008,Fish Oil Capsules,Supplement,2,18,36,C0717,52,Male,Houston,Debit Card,10%
T2751,01-07-2019,P003,Cold Syrup,Medicine,3,8,24,C2751,53,Female,Los Angeles,Cash,15%
T2910,01-07-2019,P031,Hydration Powder,Nutrition,5,7,35,C2910,23,Male,New York,Cash,5%
T0645,02-07-2019,P014,Calcium Tablets,Supplement,5,15,75,C0645,27,Male,Chicago,Mobile Payment,15%
T0045,02-07-2019,P040,Hair Conditioner,Haircare,4,13,52,C0045,38,Female,Denver,Cash,15%
T0786,03-07-2019,P037,Natural Deodorant,Hygiene,3,9,27,C0786,53,Male,Seattle,Credit Card,5%
T2782,03-07-2019,P045,Vitamin C Serum,Skincare,5,25,125,C2782,55,Female,San Francisco,Mobile Payment,10%
T2581,03-07-2019,P018,Moisturizing Lotion,Skincare,2,18,36,C2581,35,Male,Boston,Credit Card,0%
T2896,04-07-2019,P039,Nasal Spray,Medicine,3,8,24,C2896,19,Male,San Francisco,Credit Card,0%
T1153,07-07-2019,P003,Cold Syrup,Medicine,1,8,8,C1153,51,Male,Houston,Mobile Payment,0%
T4104,07-07-2019,P034,Hair Growth Serum,Haircare,4,28,112,C4104,28,Female,Denver,Credit Card,0%
T4587,08-07-2019,P042,Green Tea Capsules,Supplement,1,10,10,C4587,32,Male,Miami,Cash,10%
T2453,08-07-2019,P032,Caffeine Pills,Supplement,1,5,5,C2453,46,Female,Seattle,Mobile Payment,0%
T4421,08-07-2019,P021,Hand Sanitizer,Hygiene,3,3,9,C4421,22,Female,Houston,Debit Card,10%
T2935,08-07-2019,P024,Collagen Powder,Supplement,2,30,60,C2935,38,Female,Denver,Credit Card,0%
T3709,08-07-2019,P017,Anti-Dandruff Shampoo,Haircare,2,14,28,C3709,23,Male,Miami,Mobile Payment,10%
T0562,09-07-2019,P044,Joint Health Tablets,Supplement,3,32,96,C0562,33,Female,Boston,Cash,0%
T2632,10-07-2019,P039,Nasal Spray,Medicine,1,8,8,C2632,23,Female,Los Angeles,Mobile Payment,15%
T0088,10-07-2019,P012,Organic Face Wash,Skincare,1,10,10,C0088,55,Male,Chicago,Credit Card,10%
T1654,11-07-2019,P004,Anti-Allergy Cream,Skincare,5,25,125,C1654,32,Male,Miami,Credit Card,10%
T2481,11-07-2019,P039,Nasal Spray,Medicine,4,8,32,C2481,59,Male,Los Angeles,Debit Card,10%
T4516,12-07-2019,P013,Probiotic Supplement,Supplement,4,20,80,C4516,32,Female,Seattle,Credit Card,0%
T4541,12-07-2019,P037,Natural Deodorant,Hygiene,2,9,18,C4541,26,Female,Chicago,Cash,15%
T2194,13-07-2019,P045,Vitamin C Serum,Skincare,4,25,100,C2194,65,Female,Miami,Cash,0%
T4032,13-07-2019,P002,Multivitamin Tablet,Supplement,2,15,30,C4032,52,Female,Houston,Debit Card,10%
T1273,14-07-2019,P028,Omega-3 Capsules,Supplement,5,22,110,C1273,48,Male,Boston,Credit Card,15%
T2828,14-07-2019,P041,Digestive Enzymes,Supplement,1,18,18,C2828,65,Female,Denver,Debit Card,5%
T2351,14-07-2019,P032,Caffeine Pills,Supplement,2,5,10,C2351,28,Female,Houston,Credit Card,5%
T2047,15-07-2019,P006,Cough Drops,Medicine,5,2.5,12.5,C2047,22,Female,Houston,Credit Card,5%
T2124,16-07-2019,P012,Organic Face Wash,Skincare,3,10,30,C2124,22,Male,Denver,Credit Card,0%
T0158,16-07-2019,P046,Sunblock Cream,Skincare,3,20,60,C0158,51,Female,Denver,Cash,5%
T1793,17-07-2019,P023,Acne Treatment Gel,Skincare,1,16,16,C1793,19,Male,San Francisco,Credit Card,5%
T0742,17-07-2019,P028,Omega-3 Capsules,Supplement,1,22,22,C0742,25,Male,Denver,Mobile Payment,0%
T0841,18-07-2019,P024,Collagen Powder,Supplement,3,30,90,C0841,35,Female,Houston,Debit Card,5%
T2879,18-07-2019,P039,Nasal Spray,Medicine,4,8,32,C2879,43,Female,Chicago,Mobile Payment,5%
T4493,18-07-2019,P011,Herbal Shampoo,Haircare,1,12,12,C4493,32,Female,Boston,Cash,5%
T2978,19-07-2019,P030,Heart Health Supplement,Supplement,4,35,140,C2978,30,Male,New York,Mobile Payment,5%
T0375,19-07-2019,P007,Diabetic Test Strips,Medical Equipment,3,50,150,C0375,64,Male,Houston,Credit Card,0%
T0287,20-07-2019,P041,Digestive Enzymes,Supplement,3,18,54,C0287,40,Male,Houston,Cash,10%
T3040,20-07-2019,P010,Lip Balm,Skincare,5,7,35,C3040,23,Male,Seattle,Debit Card,15%
T2100,20-07-2019,P012,Organic Face Wash,Skincare,2,10,20,C2100,41,Female,Chicago,Credit Card,5%
T0069,20-07-2019,P045,Vitamin C Serum,Skincare,4,25,100,C0069,64,Female,Los Angeles,Debit Card,0%
T4604,21-07-2019,P021,Hand Sanitizer,Hygiene,2,3,6,C4604,37,Female,Miami,Mobile Payment,5%
T3142,22-07-2019,P043,Pain Relief Patch,Medicine,2,7,14,C3142,33,Male,Chicago,Debit Card,0%
T3404,22-07-2019,P038,Liver Health Supplement,Supplement,1,20,20,C3404,21,Male,Miami,Cash,10%
T2369,22-07-2019,P036,Tea Tree Oil,Skincare,3,12,36,C2369,43,Male,Boston,Debit Card,15%
T3211,23-07-2019,P040,Hair Conditioner,Haircare,3,13,39,C3211,23,Female,Boston,Credit Card,10%
T0768,24-07-2019,P032,Caffeine Pills,Supplement,3,5,15,C0768,42,Female,New York,Credit Card,10%
T3201,24-07-2019,P032,Caffeine Pills,Supplement,1,5,5,C3201,43,Male,Seattle,Cash,0%
T2856,25-07-2019,P012,Organic Face Wash,Skincare,4,10,40,C2856,36,Female,New York,Cash,10%
T1276,25-07-2019,P035,Anti-Wrinkle Cream,Skincare,1,45,45,C1276,49,Female,New York,Cash,10%
T2144,26-07-2019,P005,Vitamin D3 Supplement,Supplement,5,12,60,C2144,44,Female,San Francisco,Mobile Payment,5%
T3888,27-07-2019,P003,Cold Syrup,Medicine,5,8,40,C3888,51,Male,Los Angeles,Mobile Payment,10%
T1680,28-07-2019,P042,Green Tea Capsules,Supplement,5,10,50,C1680,47,Male,Houston,Debit Card,15%
T3372,28-07-2019,P046,Sunblock Cream,Skincare,5,20,100,C3372,63,Female,Miami,Debit Card,10%
T4906,29-07-2019,P019,Aloe Vera Gel,Skincare,4,8,32,C4906,55,Male,Seattle,Debit Card,0%
T1416,30-07-2019,P041,Digestive Enzymes,Supplement,4,18,72,C1416,23,Male,Seattle,Cash,10%
T3973,30-07-2019,P032,Caffeine Pills,Supplement,5,5,25,C3973,46,Female,Seattle,Credit Card,0%
T3899,31-07-2019,P024,Collagen Powder,Supplement,3,30,90,C3899,54,Male,New York,Debit Card,0%
T1211,31-07-2019,P025,Eye Drops,Medicine,5,12,60,C1211,55,Male,Boston,Mobile Payment,10%
T2534,31-07-2019,P021,Hand Sanitizer,Hygiene,5,3,15,C2534,50,Male,Boston,Cash,10%
T4652,01-08-2019,P043,Pain Relief Patch,Medicine,3,7,21,C4652,39,Male,Miami,Cash,10%
T1199,01-08-2019,P050,Ear Drops,Medicine,4,6,24,C1199,60,Male,Miami,Mobile Payment,15%
T1203,02-08-2019,P019,Aloe Vera Gel,Skincare,3,8,24,C1203,52,Male,Los Angeles,Cash,5%
T2597,02-08-2019,P027,All-Purpose Ointment,Medicine,3,6,18,C2597,60,Female,Chicago,Mobile Payment,5%
T3858,02-08-2019,P012,Organic Face Wash,Skincare,2,10,20,C3858,56,Female,Boston,Mobile Payment,15%
T3991,02-08-2019,P023,Acne Treatment Gel,Skincare,4,16,64,C3991,46,Male,Miami,Cash,15%
T2561,03-08-2019,P033,Foot Cream,Skincare,3,15,45,C2561,57,Male,Denver,Cash,0%
T1727,03-08-2019,P024,Collagen Powder,Supplement,2,30,60,C1727,36,Male,Miami,Cash,5%
T0496,04-08-2019,P003,Cold Syrup,Medicine,3,8,24,C0496,33,Male,Houston,Mobile Payment,5%
T4703,04-08-2019,P015,Protein Powder,Nutrition,4,25,100,C4703,50,Female,Los Angeles,Debit Card,5%
T0243,05-08-2019,P016,Energy Drink,Beverage,4,5,20,C0243,27,Male,Los Angeles,Debit Card,0%
T2055,05-08-2019,P036,Tea Tree Oil,Skincare,2,12,24,C2055,40,Female,Seattle,Credit Card,15%
T3048,06-08-2019,P042,Green Tea Capsules,Supplement,1,10,10,C3048,26,Male,Denver,Debit Card,15%
T4085,07-08-2019,P009,Antibacterial Handwash,Hygiene,2,5,10,C4085,44,Female,New York,Debit Card,0%
T0535,07-08-2019,P040,Hair Conditioner,Haircare,2,13,26,C0535,18,Female,San Francisco,Credit Card,15%
T2389,08-08-2019,P048,Hydrocortisone Cream,Medicine,4,5,20,C2389,48,Male,San Francisco,Mobile Payment,15%
T4798,09-08-2019,P024,Collagen Powder,Supplement,3,30,90,C4798,49,Male,Denver,Debit Card,0%
T2403,09-08-2019,P005,Vitamin D3 Supplement,Supplement,3,12,36,C2403,23,Male,Denver,Mobile Payment,5%
T1050,10-08-2019,P048,Hydrocortisone Cream,Medicine,1,5,5,C1050,44,Female,Los Angeles,Debit Card,15%
T2869,10-08-2019,P045,Vitamin C Serum,Skincare,2,25,50,C2869,27,Female,Seattle,Debit Card,15%
T2631,10-08-2019,P048,Hydrocortisone Cream,Medicine,3,5,15,C2631,36,Female,Houston,Mobile Payment,5%
T1185,11-08-2019,P032,Caffeine Pills,Supplement,1,5,5,C1185,25,Female,Chicago,Cash,15%
T0771,11-08-2019,P007,Diabetic Test Strips,Medical Equipment,1,50,50,C0771,22,Male,Boston,Credit Card,10%
T3399,11-08-2019,P027,All-Purpose Ointment,Medicine,5,6,30,C3399,65,Male,New York,Cash,15%
T4029,11-08-2019,P022,Toothpaste,Hygiene,2,4,8,C4029,23,Male,Seattle,Mobile Payment,0%
T3403,11-08-2019,P034,Hair Growth Serum,Haircare,1,28,28,C3403,32,Female,Denver,Debit Card,15%
T2609,11-08-2019,P030,Heart Health Supplement,Supplement,1,35,35,C2609,63,Male,Houston,Cash,15%
T0613,12-08-2019,P025,Eye Drops,Medicine,2,12,24,C0613,41,Male,Los Angeles,Cash,15%
T0621,12-08-2019,P040,Hair Conditioner,Haircare,3,13,39,C0621,37,Male,Seattle,Mobile Payment,10%
T1217,12-08-2019,P037,Natural Deodorant,Hygiene,2,9,18,C1217,52,Female,Houston,Mobile Payment,0%
T0263,13-08-2019,P002,Multivitamin Tablet,Supplement,1,15,15,C0263,49,Female,Miami,Credit Card,10%
T4610,13-08-2019,P027,All-Purpose Ointment,Medicine,5,6,30,C4610,32,Female,Denver,Cash,10%
T0817,14-08-2019,P030,Heart Health Supplement,Supplement,5,35,175,C0817,48,Male,Seattle,Credit Card,5%
T3599,14-08-2019,P016,Energy Drink,Beverage,1,5,5,C3599,31,Male,New York,Cash,0%
T4253,14-08-2019,P039,Nasal Spray,Medicine,3,8,24,C4253,47,Female,Seattle,Debit Card,0%
T4415,14-08-2019,P022,Toothpaste,Hygiene,2,4,8,C4415,49,Female,Houston,Mobile Payment,10%
T1713,15-08-2019,P022,Toothpaste,Hygiene,3,4,12,C1713,39,Male,Chicago,Debit Card,5%
T1020,15-08-2019,P032,Caffeine Pills,Supplement,2,5,10,C1020,26,Male,Boston,Cash,0%
T2395,15-08-2019,P038,Liver Health Supplement,Supplement,1,20,20,C2395,53,Female,Miami,Mobile Payment,0%
T1628,15-08-2019,P024,Collagen Powder,Supplement,4,30,120,C1628,27,Male,San Francisco,Debit Card,0%
T1676,15-08-2019,P045,Vitamin C Serum,Skincare,1,25,25,C1676,59,Female,Houston,Cash,10%
T1489,16-08-2019,P001,Pain Relief Capsule,Medicine,5,10,50,C1489,42,Female,Seattle,Credit Card,10%
T4359,16-08-2019,P019,Aloe Vera Gel,Skincare,1,8,8,C4359,53,Female,New York,Cash,10%
T2849,17-08-2019,P011,Herbal Shampoo,Haircare,4,12,48,C2849,51,Male,Miami,Cash,0%
T4595,17-08-2019,P022,Toothpaste,Hygiene,1,4,4,C4595,34,Male,New York,Credit Card,10%
T1960,18-08-2019,P018,Moisturizing Lotion,Skincare,5,18,90,C1960,42,Male,Chicago,Credit Card,0%
T3999,18-08-2019,P038,Liver Health Supplement,Supplement,2,20,40,C3999,34,Male,San Francisco,Debit Card,5%
T2165,18-08-2019,P023,Acne Treatment Gel,Skincare,1,16,16,C2165,29,Male,Chicago,Credit Card,10%
T2350,18-08-2019,P011,Herbal Shampoo,Haircare,4,12,48,C2350,39,Female,San Francisco,Credit Card,10%
T0811,18-08-2019,P034,Hair Growth Serum,Haircare,3,28,84,C0811,22,Male,Seattle,Credit Card,5%
T0004,20-08-2019,P009,Antibacterial Handwash,Hygiene,4,5,20,C0004,19,Female,New York,Cash,10%
T4389,20-08-2019,P039,Nasal Spray,Medicine,4,8,32,C4389,60,Male,Miami,Mobile Payment,15%
T3207,21-08-2019,P008,Fish Oil Capsules,Supplement,3,18,54,C3207,39,Female,Los Angeles,Debit Card,0%
T3291,21-08-2019,P043,Pain Relief Patch,Medicine,3,7,21,C3291,32,Female,Miami,Debit Card,10%
T4242,22-08-2019,P006,Cough Drops,Medicine,3,2.5,7.5,C4242,44,Male,Seattle,Debit Card,0%
T2097,22-08-2019,P038,Liver Health Supplement,Supplement,2,20,40,C2097,45,Male,Seattle,Credit Card,15%
T3143,23-08-2019,P036,Tea Tree Oil,Skincare,3,12,36,C3143,42,Male,Chicago,Cash,15%
T4873,24-08-2019,P007,Diabetic Test Strips,Medical Equipment,5,50,250,C4873,20,Female,Denver,Cash,5%
T0896,24-08-2019,P035,Anti-Wrinkle Cream,Skincare,1,45,45,C0896,42,Female,New York,Credit Card,5%
T0525,24-08-2019,P005,Vitamin D3 Supplement,Supplement,3,12,36,C0525,52,Female,San Francisco,Credit Card,15%
T1892,25-08-2019,P022,Toothpaste,Hygiene,4,4,16,C1892,51,Female,Miami,Debit Card,5%
T0470,26-08-2019,P033,Foot Cream,Skincare,5,15,75,C0470,30,Male,Seattle,Debit Card,0%
T0970,26-08-2019,P028,Omega-3 Capsules,Supplement,5,22,110,C0970,29,Female,Chicago,Mobile Payment,0%
T4848,26-08-2019,P027,All-Purpose Ointment,Medicine,4,6,24,C4848,64,Male,San Francisco,Mobile Payment,0%
T2202,27-08-2019,P010,Lip Balm,Skincare,1,7,7,C2202,21,Male,San Francisco,Mobile Payment,5%
T3788,28-08-2019,P018,Moisturizing Lotion,Skincare,4,18,72,C3788,29,Female,Chicago,Mobile Payment,15%
T2187,29-08-2019,P021,Hand Sanitizer,Hygiene,1,3,3,C2187,20,Male,Boston,Credit Card,15%
T4726,29-08-2019,P024,Collagen Powder,Supplement,4,30,120,C4726,65,Male,Seattle,Mobile Payment,5%
T0759,29-08-2019,P049,Antifungal Powder,Medicine,4,10,40,C0759,53,Male,Boston,Credit Card,15%
T0095,30-08-2019,P002,Multivitamin Tablet,Supplement,2,15,30,C0095,53,Female,Houston,Credit Card,15%
T4558,30-08-2019,P003,Cold Syrup,Medicine,1,8,8,C4558,56,Male,Denver,Mobile Payment,0%
T0014,30-08-2019,P048,Hydrocortisone Cream,Medicine,3,5,15,C0014,36,Female,Chicago,Credit Card,0%
T2416,30-08-2019,P028,Omega-3 Capsules,Supplement,1,22,22,C2416,26,Male,Los Angeles,Mobile Payment,0%
T2686,30-08-2019,P044,Joint Health Tablets,Supplement,3,32,96,C2686,46,Male,San Francisco,Debit Card,15%
T0705,31-08-2019,P013,Probiotic Supplement,Supplement,2,20,40,C0705,21,Male,Los Angeles,Credit Card,5%
T3253,02-09-2019,P036,Tea Tree Oil,Skincare,3,12,36,C3253,48,Female,Denver,Mobile Payment,0%
T2819,03-09-2019,P010,Lip Balm,Skincare,1,7,7,C2819,52,Female,New York,Cash,5%
T3036,03-09-2019,P005,Vitamin D3 Supplement,Supplement,1,12,12,C3036,21,Female,Chicago,Credit Card,5%
T2269,05-09-2019,P018,Moisturizing Lotion,Skincare,4,18,72,C2269,18,Male,Miami,Debit Card,10%
T0700,05-09-2019,P004,Anti-Allergy Cream,Skincare,3,25,75,C0700,33,Female,Miami,Cash,10%
T1298,05-09-2019,P004,Anti-Allergy Cream,Skincare,5,25,125,C1298,21,Male,Seattle,Cash,5%
T4454,06-09-2019,P013,Probiotic Supplement,Supplement,3,20,60,C4454,49,Female,New York,Mobile Payment,10%
T3131,07-09-2019,P007,Diabetic Test Strips,Medical Equipment,1,50,50,C3131,33,Female,New York,Mobile Payment,0%
T2140,07-09-2019,P027,All-Purpose Ointment,Medicine,2,6,12,C2140,45,Female,Chicago,Mobile Payment,0%
T4544,07-09-2019,P001,Pain Relief Capsule,Medicine,3,10,30,C4544,39,Male,Boston,Mobile Payment,0%
T4464,07-09-2019,P004,Anti-Allergy Cream,Skincare,5,25,125,C4464,33,Male,San Francisco,Debit Card,5%
T0925,08-09-2019,P044,Joint Health Tablets,Supplement,2,32,64,C0925,33,Female,Seattle,Mobile Payment,15%
T4711,08-09-2019,P032,Caffeine Pills,Supplement,5,5,25,C4711,36,Male,New York,Debit Card,5%
T0311,09-09-2019,P006,Cough Drops,Medicine,5,2.5,12.5,C0311,57,Male,New York,Credit Card,0%
T1542,09-09-2019,P032,Caffeine Pills,Supplement,4,5,20,C1542,21,Male,Miami,Debit Card,15%
T4662,09-09-2019,P032,Caffeine Pills,Supplement,5,5,25,C4662,39,Female,San Francisco,Credit Card,10%
T0300,09-09-2019,P017,Anti-Dandruff Shampoo,Haircare,5,14,70,C0300,37,Female,Chicago,Mobile Payment,15%
T1532,09-09-2019,P026,Muscle Relaxant Cream,Medicine,1,25,25,C1532,47,Female,Boston,Credit Card,0%
T3461,10-09-2019,P029,Zinc Supplement,Supplement,2,10,20,C3461,36,Male,Denver,Mobile Payment,0%
T4062,10-09-2019,P040,Hair Conditioner,Haircare,1,13,13,C4062,58,Male,Seattle,Mobile Payment,5%
T3659,10-09-2019,P019,Aloe Vera Gel,Skincare,2,8,16,C3659,44,Male,Los Angeles,Debit Card,5%
T4772,10-09-2019,P027,All-Purpose Ointment,Medicine,4,6,24,C4772,26,Male,San Francisco,Mobile Payment,5%
T4785,10-09-2019,P041,Digestive Enzymes,Supplement,5,18,90,C4785,62,Female,New York,Mobile Payment,10%
T3801,10-09-2019,P023,Acne Treatment Gel,Skincare,3,16,48,C3801,50,Female,San Francisco,Cash,15%
T3322,11-09-2019,P042,Green Tea Capsules,Supplement,1,10,10,C3322,47,Male,Miami,Debit Card,15%
T2160,11-09-2019,P045,Vitamin C Serum,Skincare,1,25,25,C2160,42,Female,Houston,Cash,5%
T4030,11-09-2019,P028,Omega-3 Capsules,Supplement,2,22,44,C4030,22,Female,Seattle,Cash,5%
T4152,12-09-2019,P009,Antibacterial Handwash,Hygiene,1,5,5,C4152,42,Female,New York,Credit Card,0%
T4239,12-09-2019,P006,Cough Drops,Medicine,3,2.5,7.5,C4239,33,Male,New York,Cash,0%
T0338,13-09-2019,P033,Foot Cream,Skincare,3,15,45,C0338,23,Female,Denver,Mobile Payment,15%
T1736,14-09-2019,P023,Acne Treatment Gel,Skincare,1,16,16,C1736,41,Female,Denver,Debit Card,0%
T3119,15-09-2019,P050,Ear Drops,Medicine,5,6,30,C3119,51,Male,Seattle,Credit Card,5%
T1545,15-09-2019,P047,Coconut Oil,Haircare,3,12,36,C1545,45,Female,Boston,Cash,0%
T0653,16-09-2019,P010,Lip Balm,Skincare,1,7,7,C0653,36,Female,San Francisco,Credit Card,5%
T2690,17-09-2019,P015,Protein Powder,Nutrition,4,25,100,C2690,19,Male,Los Angeles,Cash,15%
T2412,17-09-2019,P034,Hair Growth Serum,Haircare,1,28,28,C2412,25,Female,Seattle,Debit Card,0%
T2744,17-09-2019,P033,Foot Cream,Skincare,1,15,15,C2744,46,Female,Denver,Credit Card,10%
T2021,18-09-2019,P044,Joint Health Tablets,Supplement,1,32,32,C2021,56,Female,Chicago,Cash,0%
T2192,18-09-2019,P008,Fish Oil Capsules,Supplement,2,18,36,C2192,27,Female,Denver,Mobile Payment,0%
T0736,19-09-2019,P031,Hydration Powder,Nutrition,5,7,35,C0736,18,Female,Seattle,Mobile Payment,15%
T3483,20-09-2019,P022,Toothpaste,Hygiene,3,4,12,C3483,24,Male,Boston,Debit Card,15%
T1285,21-09-2019,P005,Vitamin D3 Supplement,Supplement,5,12,60,C1285,20,Male,New York,Credit Card,10%
T4867,21-09-2019,P013,Probiotic Supplement,Supplement,1,20,20,C4867,53,Female,Los Angeles,Mobile Payment,0%
T1042,21-09-2019,P014,Calcium Tablets,Supplement,2,15,30,C1042,41,Male,Boston,Mobile Payment,15%
T1584,22-09-2019,P002,Multivitamin Tablet,Supplement,4,15,60,C1584,59,Male,Miami,Debit Card,15%
T3911,23-09-2019,P045,Vitamin C Serum,Skincare,4,25,100,C3911,43,Female,Los Angeles,Cash,5%
T2868,23-09-2019,P037,Natural Deodorant,Hygiene,2,9,18,C2868,30,Male,Seattle,Debit Card,10%
T3287,23-09-2019,P039,Nasal Spray,Medicine,3,8,24,C3287,50,Female,Miami,Credit Card,15%
T0628,25-09-2019,P019,Aloe Vera Gel,Skincare,4,8,32,C0628,26,Male,Los Angeles,Credit Card,5%
T3724,25-09-2019,P002,Multivitamin Tablet,Supplement,2,15,30,C3724,62,Male,New York,Cash,10%
T0150,26-09-2019,P010,Lip Balm,Skincare,2,7,14,C0150,32,Male,Chicago,Cash,10%
T0924,27-09-2019,P028,Omega-3 Capsules,Supplement,1,22,22,C0924,64,Male,Los Angeles,Mobile Payment,0%
T1321,28-09-2019,P006,Cough Drops,Medicine,4,2.5,10,C1321,44,Male,Seattle,Mobile Payment,5%
T4804,28-09-2019,P006,Cough Drops,Medicine,4,2.5,10,C4804,59,Female,Seattle,Credit Card,5%
T0511,29-09-2019,P027,All-Purpose Ointment,Medicine,2,6,12,C0511,34,Male,Los Angeles,Cash,15%
T0495,29-09-2019,P034,Hair Growth Serum,Haircare,1,28,28,C0495,33,Male,Chicago,Mobile Payment,10%
T4764,30-09-2019,P039,Nasal Spray,Medicine,3,8,24,C4764,43,Female,Miami,Debit Card,15%
T4710,30-09-2019,P031,Hydration Powder,Nutrition,4,7,28,C4710,21,Male,New York,Cash,10%
T3014,30-09-2019,P011,Herbal Shampoo,Haircare,2,12,24,C3014,57,Male,New York,Cash,5%
T3684,01-10-2019,P008,Fish Oil Capsules,Supplement,4,18,72,C3684,24,Male,Miami,Mobile Payment,15%
T4813,01-10-2019,P046,Sunblock Cream,Skincare,2,20,40,C4813,26,Male,Miami,Cash,15%
T2324,01-10-2019,P037,Natural Deodorant,Hygiene,1,9,9,C2324,39,Female,Denver,Cash,0%
T1592,02-10-2019,P025,Eye Drops,Medicine,4,12,48,C1592,64,Female,New York,Credit Card,5%
T3336,02-10-2019,P005,Vitamin D3 Supplement,Supplement,2,12,24,C3336,30,Male,Miami,Cash,0%
T2086,02-10-2019,P050,Ear Drops,Medicine,1,6,6,C2086,18,Female,Boston,Credit Card,5%
T1110,02-10-2019,P001,Pain Relief Capsule,Medicine,5,10,50,C1110,63,Female,Houston,Debit Card,10%
T3945,03-10-2019,P004,Anti-Allergy Cream,Skincare,2,25,50,C3945,21,Female,San Francisco,Credit Card,15%
T1081,03-10-2019,P014,Calcium Tablets,Supplement,3,15,45,C1081,29,Male,San Francisco,Cash,15%
T0410,03-10-2019,P019,Aloe Vera Gel,Skincare,2,8,16,C0410,59,Male,Denver,Cash,5%
T3581,03-10-2019,P007,Diabetic Test Strips,Medical Equipment,5,50,250,C3581,20,Male,San Francisco,Debit Card,5%
T2168,04-10-2019,P024,Collagen Powder,Supplement,2,30,60,C2168,42,Female,New York,Credit Card,5%
T2077,04-10-2019,P039,Nasal Spray,Medicine,4,8,32,C2077,64,Male,Miami,Debit Card,15%
T3516,04-10-2019,P007,Diabetic Test Strips,Medical Equipment,5,50,250,C3516,48,Male,Los Angeles,Cash,10%
T0577,04-10-2019,P045,Vitamin C Serum,Skincare,1,25,25,C0577,44,Female,Seattle,Mobile Payment,5%
T0931,04-10-2019,P023,Acne Treatment Gel,Skincare,5,16,80,C0931,42,Male,Denver,Mobile Payment,0%
T0118,04-10-2019,P044,Joint Health Tablets,Supplement,5,32,160,C0118,35,Female,New York,Credit Card,15%
T3342,06-10-2019,P050,Ear Drops,Medicine,1,6,6,C3342,49,Female,New York,Mobile Payment,5%
T3622,06-10-2019,P038,Liver Health Supplement,Supplement,4,20,80,C3622,46,Male,Boston,Cash,0%
T2993,06-10-2019,P008,Fish Oil Capsules,Supplement,5,18,90,C2993,39,Female,Miami,Credit Card,10%
T4113,06-10-2019,P046,Sunblock Cream,Skincare,1,20,20,C4113,39,Male,Houston,Mobile Payment,15%
T1691,07-10-2019,P040,Hair Conditioner,Haircare,5,13,65,C1691,19,Male,San Francisco,Credit Card,5%
T3681,07-10-2019,P017,Anti-Dandruff Shampoo,Haircare,5,14,70,C3681,31,Male,Seattle,Debit Card,0%
T4960,08-10-2019,P004,Anti-Allergy Cream,Skincare,5,25,125,C4960,24,Female,Denver,Debit Card,15%
T1178,08-10-2019,P008,Fish Oil Capsules,Supplement,1,18,18,C1178,50,Female,Boston,Debit Card,15%
T1702,08-10-2019,P008,Fish Oil Capsules,Supplement,1,18,18,C1702,49,Female,Boston,Cash,10%
T3909,08-10-2019,P043,Pain Relief Patch,Medicine,2,7,14,C3909,30,Male,Seattle,Debit Card,10%
T1365,09-10-2019,P034,Hair Growth Serum,Haircare,1,28,28,C1365,41,Female,Houston,Mobile Payment,5%
T4233,09-10-2019,P040,Hair Conditioner,Haircare,1,13,13,C4233,60,Male,Seattle,Debit Card,5%
T4386,10-10-2019,P030,Heart Health Supplement,Supplement,3,35,105,C4386,20,Female,Miami,Credit Card,5%
T0147,10-10-2019,P010,Lip Balm,Skincare,4,7,28,C0147,24,Male,Boston,Cash,0%
T3168,10-10-2019,P006,Cough Drops,Medicine,4,2.5,10,C3168,30,Male,Seattle,Mobile Payment,0%
T0366,11-10-2019,P021,Hand Sanitizer,Hygiene,4,3,12,C0366,22,Male,New York,Credit Card,0%
T3689,11-10-2019,P049,Antifungal Powder,Medicine,2,10,20,C3689,52,Female,Denver,Debit Card,0%
T0349,12-10-2019,P002,Multivitamin Tablet,Supplement,5,15,75,C0349,40,Female,Seattle,Cash,0%
T2149,13-10-2019,P005,Vitamin D3 Supplement,Supplement,4,12,48,C2149,19,Male,San Francisco,Debit Card,15%
T1755,13-10-2019,P015,Protein Powder,Nutrition,1,25,25,C1755,21,Female,Chicago,Debit Card,10%
T2537,13-10-2019,P030,Heart Health Supplement,Supplement,2,35,70,C2537,58,Male,San Francisco,Mobile Payment,5%
T1917,14-10-2019,P022,Toothpaste,Hygiene,2,4,8,C1917,49,Female,Seattle,Mobile Payment,5%
T2342,14-10-2019,P039,Nasal Spray,Medicine,1,8,8,C2342,29,Male,Denver,Mobile Payment,10%
T2104,14-10-2019,P038,Liver Health Supplement,Supplement,5,20,100,C2104,31,Male,Denver,Cash,5%
T2735,14-10-2019,P039,Nasal Spray,Medicine,1,8,8,C2735,54,Male,San Francisco,Mobile Payment,10%
T3323,14-10-2019,P020,Elderberry Syrup,Medicine,4,22,88,C3323,44,Female,Chicago,Cash,10%
T2766,15-10-2019,P013,Probiotic Supplement,Supplement,3,20,60,C2766,52,Female,Miami,Debit Card,15%
T1009,15-10-2019,P042,Green Tea Capsules,Supplement,1,10,10,C1009,54,Male,Miami,Credit Card,0%
T2311,15-10-2019,P041,Digestive Enzymes,Supplement,3,18,54,C2311,55,Female,San Francisco,Mobile Payment,0%
T4628,15-10-2019,P038,Liver Health Supplement,Supplement,2,20,40,C4628,61,Male,New York,Cash,10%
T1738,16-10-2019,P019,Aloe Vera Gel,Skincare,1,8,8,C1738,36,Female,Seattle,Credit Card,5%
T2963,16-10-2019,P007,Diabetic Test Strips,Medical Equipment,1,50,50,C2963,57,Male,Boston,Cash,10%
T0982,16-10-2019,P036,Tea Tree Oil,Skincare,4,12,48,C0982,42,Female,Houston,Credit Card,15%
T1860,16-10-2019,P032,Caffeine Pills,Supplement,1,5,5,C1860,62,Male,Miami,Credit Card,10%
T4789,18-10-2019,P041,Digestive Enzymes,Supplement,5,18,90,C4789,56,Male,Houston,Mobile Payment,15%
T1379,18-10-2019,P036,Tea Tree Oil,Skincare,1,12,12,C1379,61,Male,Boston,Credit Card,15%
T1027,19-10-2019,P032,Caffeine Pills,Supplement,1,5,5,C1027,25,Male,New York,Credit Card,15%
T0092,19-10-2019,P046,Sunblock Cream,Skincare,4,20,80,C0092,40,Male,Chicago,Cash,15%
T2062,19-10-2019,P020,Elderberry Syrup,Medicine,4,22,88,C2062,57,Male,Boston,Debit Card,5%
T0327,19-10-2019,P013,Probiotic Supplement,Supplement,5,20,100,C0327,45,Female,Houston,Mobile Payment,5%
T0760,20-10-2019,P035,Anti-Wrinkle Cream,Skincare,4,45,180,C0760,34,Female,New York,Credit Card,15%
T4348,20-10-2019,P029,Zinc Supplement,Supplement,3,10,30,C4348,40,Male,Los Angeles,Credit Card,5%
T1820,20-10-2019,P036,Tea Tree Oil,Skincare,2,12,24,C1820,40,Male,Houston,Debit Card,15%
T2189,20-10-2019,P024,Collagen Powder,Supplement,3,30,90,C2189,43,Male,Chicago,Credit Card,15%
T3586,21-10-2019,P032,Caffeine Pills,Supplement,1,5,5,C3586,28,Female,San Francisco,Mobile Payment,0%
T3348,22-10-2019,P017,Anti-Dandruff Shampoo,Haircare,2,14,28,C3348,18,Female,Los Angeles,Credit Card,15%
T4396,22-10-2019,P010,Lip Balm,Skincare,5,7,35,C4396,19,Female,Los Angeles,Credit Card,0%
T4879,24-10-2019,P027,All-Purpose Ointment,Medicine,3,6,18,C4879,33,Female,San Francisco,Cash,0%
T1949,24-10-2019,P009,Antibacterial Handwash,Hygiene,4,5,20,C1949,33,Female,Houston,Debit Card,0%
T2139,24-10-2019,P049,Antifungal Powder,Medicine,4,10,40,C2139,39,Female,Houston,Cash,10%
T3231,25-10-2019,P019,Aloe Vera Gel,Skincare,2,8,16,C3231,64,Female,Seattle,Debit Card,10%
T1902,25-10-2019,P025,Eye Drops,Medicine,2,12,24,C1902,21,Female,Seattle,Debit Card,5%
T4174,25-10-2019,P003,Cold Syrup,Medicine,1,8,8,C4174,41,Female,San Francisco,Cash,15%
T0084,25-10-2019,P009,Antibacterial Handwash,Hygiene,4,5,20,C0084,47,Male,Denver,Mobile Payment,5%
T4638,26-10-2019,P045,Vitamin C Serum,Skincare,2,25,50,C4638,39,Male,Los Angeles,Debit Card,5%
T3368,27-10-2019,P048,Hydrocortisone Cream,Medicine,2,5,10,C3368,39,Female,Seattle,Cash,10%
T2533,27-10-2019,P011,Herbal Shampoo,Haircare,5,12,60,C2533,33,Male,New York,Credit Card,5%
T0990,27-10-2019,P033,Foot Cream,Skincare,5,15,75,C0990,32,Female,Seattle,Mobile Payment,15%
T4247,28-10-2019,P034,Hair Growth Serum,Haircare,4,28,112,C4247,49,Male,Denver,Credit Card,15%
T1922,28-10-2019,P001,Pain Relief Capsule,Medicine,2,10,20,C1922,39,Female,Seattle,Mobile Payment,10%
T4056,28-10-2019,P048,Hydrocortisone Cream,Medicine,2,5,10,C4056,56,Female,New York,Mobile Payment,0%
T4375,28-10-2019,P041,Digestive Enzymes,Supplement,1,18,18,C4375,27,Male,San Francisco,Mobile Payment,0%
T1875,29-10-2019,P027,All-Purpose Ointment,Medicine,2,6,12,C1875,28,Male,Chicago,Credit Card,15%
T3641,29-10-2019,P022,Toothpaste,Hygiene,3,4,12,C3641,24,Female,Los Angeles,Debit Card,10%
T1129,30-10-2019,P049,Antifungal Powder,Medicine,4,10,40,C1129,41,Female,Houston,Credit Card,5%
T1499,30-10-2019,P012,Organic Face Wash,Skincare,5,10,50,C1499,34,Male,Houston,Credit Card,5%
T2625,30-10-2019,P021,Hand Sanitizer,Hygiene,1,3,3,C2625,55,Female,Miami,Cash,0%
T2698,30-10-2019,P014,Calcium Tablets,Supplement,2,15,30,C2698,40,Male,Los Angeles,Credit Card,10%
T4273,31-10-2019,P050,Ear Drops,Medicine,2,6,12,C4273,49,Male,San Francisco,Mobile Payment,10%
T1938,01-11-2019,P026,Muscle Relaxant Cream,Medicine,4,25,100,C1938,38,Female,San Francisco,Credit Card,10%
T4754,02-11-2019,P028,Omega-3 Capsules,Supplement,3,22,66,C4754,21,Male,Chicago,Debit Card,0%
T2198,03-11-2019,P021,Hand Sanitizer,Hygiene,5,3,15,C2198,31,Male,Miami,Cash,0%
T4559,03-11-2019,P050,Ear Drops,Medicine,5,6,30,C4559,36,Female,Miami,Debit Card,10%
T0881,03-11-2019,P031,Hydration Powder,Nutrition,4,7,28,C0881,53,Female,Chicago,Cash,0%
T2773,04-11-2019,P013,Probiotic Supplement,Supplement,4,20,80,C2773,43,Male,Miami,Cash,0%
T1549,04-11-2019,P038,Liver Health Supplement,Supplement,2,20,40,C1549,28,Male,Denver,Cash,5%
T0834,05-11-2019,P005,Vitamin D3 Supplement,Supplement,2,12,24,C0834,37,Female,San Francisco,Cash,0%
T0987,05-11-2019,P021,Hand Sanitizer,Hygiene,4,3,12,C0987,30,Male,San Francisco,Debit Card,0%
T2410,05-11-2019,P037,Natural Deodorant,Hygiene,1,9,9,C2410,41,Male,San Francisco,Debit Card,0%
T1800,06-11-2019,P040,Hair Conditioner,Haircare,3,13,39,C1800,31,Male,Miami,Debit Card,0%
T4079,06-11-2019,P049,Antifungal Powder,Medicine,3,10,30,C4079,32,Female,San Francisco,Cash,15%
T4788,07-11-2019,P013,Probiotic Supplement,Supplement,3,20,60,C4788,58,Male,Boston,Cash,5%
T0579,07-11-2019,P008,Fish Oil Capsules,Supplement,5,18,90,C0579,40,Female,Chicago,Mobile Payment,0%
T3646,07-11-2019,P003,Cold Syrup,Medicine,3,8,24,C3646,31,Male,Denver,Credit Card,15%
T4470,08-11-2019,P038,Liver Health Supplement,Supplement,3,20,60,C4470,27,Female,Denver,Mobile Payment,15%
T4477,09-11-2019,P041,Digestive Enzymes,Supplement,3,18,54,C4477,20,Female,Chicago,Mobile Payment,10%
T0298,09-11-2019,P028,Omega-3 Capsules,Supplement,1,22,22,C0298,62,Male,Denver,Mobile Payment,5%
T2956,09-11-2019,P006,Cough Drops,Medicine,3,2.5,7.5,C2956,56,Female,New York,Mobile Payment,10%
T0945,10-11-2019,P017,Anti-Dandruff Shampoo,Haircare,1,14,14,C0945,50,Female,San Francisco,Mobile Payment,5%
T0877,10-11-2019,P022,Toothpaste,Hygiene,5,4,20,C0877,20,Male,Miami,Debit Card,10%
T0337,10-11-2019,P041,Digestive Enzymes,Supplement,5,18,90,C0337,45,Male,Chicago,Mobile Payment,0%
T3226,12-11-2019,P004,Anti-Allergy Cream,Skincare,1,25,25,C3226,58,Male,Houston,Debit Card,15%
T3082,13-11-2019,P027,All-Purpose Ointment,Medicine,2,6,12,C3082,32,Female,Chicago,Debit Card,10%
T4570,15-11-2019,P040,Hair Conditioner,Haircare,1,13,13,C4570,60,Female,Boston,Credit Card,5%
T1197,15-11-2019,P033,Foot Cream,Skincare,4,15,60,C1197,19,Male,Seattle,Debit Card,10%
T2003,16-11-2019,P034,Hair Growth Serum,Haircare,1,28,28,C2003,49,Male,Boston,Debit Card,10%
T2814,16-11-2019,P009,Antibacterial Handwash,Hygiene,3,5,15,C2814,62,Female,Chicago,Debit Card,10%
T3994,16-11-2019,P034,Hair Growth Serum,Haircare,5,28,140,C3994,31,Male,Houston,Cash,5%
T1671,16-11-2019,P011,Herbal Shampoo,Haircare,1,12,12,C1671,51,Male,Houston,Credit Card,0%
T2770,16-11-2019,P028,Omega-3 Capsules,Supplement,1,22,22,C2770,58,Female,Los Angeles,Debit Card,10%
T3414,17-11-2019,P006,Cough Drops,Medicine,2,2.5,5,C3414,22,Female,Houston,Cash,0%
T2090,17-11-2019,P044,Joint Health Tablets,Supplement,1,32,32,C2090,53,Male,Boston,Credit Card,15%
T1323,19-11-2019,P040,Hair Conditioner,Haircare,2,13,26,C1323,54,Female,Miami,Cash,0%
T3450,19-11-2019,P037,Natural Deodorant,Hygiene,5,9,45,C3450,61,Female,Houston,Cash,5%
T2522,20-11-2019,P021,Hand Sanitizer,Hygiene,1,3,3,C2522,29,Male,Los Angeles,Credit Card,5%
T1730,20-11-2019,P023,Acne Treatment Gel,Skincare,3,16,48,C1730,18,Female,San Francisco,Mobile Payment,0%
T0290,20-11-2019,P025,Eye Drops,Medicine,5,12,60,C0290,55,Male,San Francisco,Credit Card,15%
T1893,21-11-2019,P030,Heart Health Supplement,Supplement,3,35,105,C1893,40,Female,Seattle,Cash,0%
T0544,21-11-2019,P010,Lip Balm,Skincare,2,7,14,C0544,41,Male,Seattle,Credit Card,10%
T1392,22-11-2019,P027,All-Purpose Ointment,Medicine,4,6,24,C1392,24,Male,Denver,Mobile Payment,10%
T2934,23-11-2019,P003,Cold Syrup,Medicine,3,8,24,C2934,23,Female,Miami,Mobile Payment,5%
T1275,24-11-2019,P022,Toothpaste,Hygiene,1,4,4,C1275,56,Male,New York,Debit Card,10%
T3196,24-11-2019,P047,Coconut Oil,Haircare,4,12,48,C3196,31,Female,Denver,Cash,15%
T0499,24-11-2019,P026,Muscle Relaxant Cream,Medicine,3,25,75,C0499,42,Female,Denver,Credit Card,0%
T4246,24-11-2019,P018,Moisturizing Lotion,Skincare,1,18,18,C4246,30,Female,Seattle,Debit Card,15%
T3593,26-11-2019,P001,Pain Relief Capsule,Medicine,3,10,30,C3593,36,Male,Seattle,Credit Card,5%
T2779,26-11-2019,P004,Anti-Allergy Cream,Skincare,1,25,25,C2779,59,Female,New York,Debit Card,5%
T0728,26-11-2019,P018,Moisturizing Lotion,Skincare,4,18,72,C0728,44,Female,Houston,Cash,0%
T1037,27-11-2019,P023,Acne Treatment Gel,Skincare,4,16,64,C1037,30,Female,Chicago,Cash,15%
T1431,28-11-2019,P022,Toothpaste,Hygiene,1,4,4,C1431,62,Female,Miami,Credit Card,10%
T1583,28-11-2019,P014,Calcium Tablets,Supplement,3,15,45,C1583,42,Female,Seattle,Mobile Payment,10%
T1004,29-11-2019,P033,Foot Cream,Skincare,2,15,30,C1004,45,Female,Chicago,Debit Card,15%
T2757,29-11-2019,P017,Anti-Dandruff Shampoo,Haircare,2,14,28,C2757,19,Male,San Francisco,Cash,5%
T0674,30-11-2019,P010,Lip Balm,Skincare,1,7,7,C0674,49,Male,Los Angeles,Mobile Payment,5%
T0819,02-12-2019,P010,Lip Balm,Skincare,2,7,14,C0819,27,Male,Denver,Credit Card,5%
T2472,03-12-2019,P002,Multivitamin Tablet,Supplement,4,15,60,C2472,39,Male,New York,Mobile Payment,10%
T1794,04-12-2019,P015,Protein Powder,Nutrition,1,25,25,C1794,60,Female,New York,Credit Card,10%
T4830,04-12-2019,P014,Calcium Tablets,Supplement,3,15,45,C4830,56,Female,Seattle,Mobile Payment,15%
T0582,04-12-2019,P013,Probiotic Supplement,Supplement,2,20,40,C0582,53,Female,Chicago,Mobile Payment,0%
T1091,05-12-2019,P005,Vitamin D3 Supplement,Supplement,4,12,48,C1091,56,Male,Los Angeles,Cash,10%
T2550,05-12-2019,P029,Zinc Supplement,Supplement,2,10,20,C2550,37,Male,Miami,Cash,15%
T2984,05-12-2019,P033,Foot Cream,Skincare,3,15,45,C2984,44,Male,Seattle,Credit Card,10%
T0101,05-12-2019,P003,Cold Syrup,Medicine,2,8,16,C0101,33,Female,Chicago,Mobile Payment,15%
T2825,05-12-2019,P049,Antifungal Powder,Medicine,3,10,30,C2825,62,Male,Los Angeles,Debit Card,5%
T0571,06-12-2019,P040,Hair Conditioner,Haircare,1,13,13,C0571,65,Female,Chicago,Cash,0%
T1290,07-12-2019,P014,Calcium Tablets,Supplement,3,15,45,C1290,64,Male,Houston,Cash,15%
T2718,07-12-2019,P045,Vitamin C Serum,Skincare,4,25,100,C2718,58,Female,Houston,Credit Card,10%
T4210,07-12-2019,P023,Acne Treatment Gel,Skincare,2,16,32,C4210,31,Female,Denver,Debit Card,15%
T1479,08-12-2019,P049,Antifungal Powder,Medicine,1,10,10,C1479,31,Female,Boston,Credit Card,15%
T0698,08-12-2019,P043,Pain Relief Patch,Medicine,2,7,14,C0698,62,Male,New York,Cash,10%
T3489,09-12-2019,P032,Caffeine Pills,Supplement,3,5,15,C3489,46,Female,Houston,Credit Card,0%
T0673,09-12-2019,P001,Pain Relief Capsule,Medicine,4,10,40,C0673,32,Male,Seattle,Credit Card,5%
T0423,09-12-2019,P033,Foot Cream,Skincare,1,15,15,C0423,64,Female,San Francisco,Mobile Payment,15%
T1445,10-12-2019,P043,Pain Relief Patch,Medicine,2,7,14,C1445,61,Female,Denver,Credit Card,10%
T3245,10-12-2019,P027,All-Purpose Ointment,Medicine,1,6,6,C3245,62,Female,New York,Credit Card,5%
T0053,11-12-2019,P039,Nasal Spray,Medicine,4,8,32,C0053,44,Female,San Francisco,Cash,0%
T3258,11-12-2019,P037,Natural Deodorant,Hygiene,3,9,27,C3258,52,Female,Boston,Debit Card,10%
T0437,12-12-2019,P012,Organic Face Wash,Skincare,4,10,40,C0437,63,Male,Los Angeles,Cash,5%
T2765,12-12-2019,P020,Elderberry Syrup,Medicine,2,22,44,C2765,41,Male,Los Angeles,Mobile Payment,10%
T3598,13-12-2019,P035,Anti-Wrinkle Cream,Skincare,1,45,45,C3598,26,Male,San Francisco,Mobile Payment,15%
T2655,14-12-2019,P043,Pain Relief Patch,Medicine,4,7,28,C2655,53,Male,Denver,Cash,5%
T4140,14-12-2019,P003,Cold Syrup,Medicine,4,8,32,C4140,19,Male,Houston,Cash,15%
T0720,14-12-2019,P004,Anti-Allergy Cream,Skincare,5,25,125,C0720,18,Male,Boston,Cash,10%
T4571,14-12-2019,P020,Elderberry Syrup,Medicine,5,22,110,C4571,19,Male,Chicago,Mobile Payment,0%
T0148,15-12-2019,P042,Green Tea Capsules,Supplement,2,10,20,C0148,54,Male,Seattle,Credit Card,5%
T4677,15-12-2019,P021,Hand Sanitizer,Hygiene,1,3,3,C4677,52,Male,Chicago,Credit Card,5%
T2588,15-12-2019,P006,Cough Drops,Medicine,4,2.5,10,C2588,45,Female,Denver,Mobile Payment,10%
T1913,16-12-2019,P034,Hair Growth Serum,Haircare,1,28,28,C1913,41,Male,New York,Mobile Payment,15%
T2804,16-12-2019,P009,Antibacterial Handwash,Hygiene,2,5,10,C2804,34,Male,Miami,Credit Card,15%
T2695,16-12-2019,P013,Probiotic Supplement,Supplement,3,20,60,C2695,40,Female,San Francisco,Cash,15%
T1502,16-12-2019,P019,Aloe Vera Gel,Skincare,3,8,24,C1502,52,Female,Boston,Cash,0%
T2640,17-12-2019,P008,Fish Oil Capsules,Supplement,3,18,54,C2640,47,Female,San Francisco,Credit Card,0%
T4071,17-12-2019,P044,Joint Health Tablets,Supplement,1,32,32,C4071,33,Male,Los Angeles,Cash,5%
T4327,17-12-2019,P045,Vitamin C Serum,Skincare,2,25,50,C4327,23,Female,Chicago,Cash,0%
T0870,18-12-2019,P035,Anti-Wrinkle Cream,Skincare,5,45,225,C0870,57,Female,Miami,Mobile Payment,5%
T3702,19-12-2019,P013,Probiotic Supplement,Supplement,3,20,60,C3702,42,Male,Denver,Mobile Payment,15%
T3409,19-12-2019,P046,Sunblock Cream,Skincare,1,20,20,C3409,57,Male,Houston,Cash,0%
T3017,19-12-2019,P006,Cough Drops,Medicine,4,2.5,10,C3017,26,Female,New York,Credit Card,10%
T4110,21-12-2019,P022,Toothpaste,Hygiene,1,4,4,C4110,36,Female,Chicago,Debit Card,15%
T4466,21-12-2019,P041,Digestive Enzymes,Supplement,1,18,18,C4466,63,Female,Chicago,Credit Card,0%
T4847,22-12-2019,P006,Cough Drops,Medicine,3,2.5,7.5,C4847,39,Male,Miami,Cash,15%
T2787,22-12-2019,P002,Multivitamin Tablet,Supplement,2,15,30,C2787,45,Male,Miami,Credit Card,5%
T3488,23-12-2019,P034,Hair Growth Serum,Haircare,3,28,84,C3488,21,Male,New York,Cash,5%
T1877,23-12-2019,P022,Toothpaste,Hygiene,5,4,20,C1877,25,Female,Boston,Cash,15%
T2754,23-12-2019,P009,Antibacterial Handwash,Hygiene,3,5,15,C2754,24,Male,Boston,Credit Card,5%
T1670,23-12-2019,P017,Anti-Dandruff Shampoo,Haircare,2,14,28,C1670,50,Female,Seattle,Cash,0%
T3147,24-12-2019,P003,Cold Syrup,Medicine,5,8,40,C3147,22,Female,Seattle,Debit Card,15%
T2221,24-12-2019,P033,Foot Cream,Skincare,3,15,45,C2221,45,Male,Los Angeles,Cash,0%
T2218,24-12-2019,P026,Muscle Relaxant Cream,Medicine,1,25,25,C2218,39,Female,Denver,Cash,0%
T2758,26-12-2019,P019,Aloe Vera Gel,Skincare,3,8,24,C2758,53,Female,New York,Cash,5%
T1318,26-12-2019,P010,Lip Balm,Skincare,5,7,35,C1318,35,Male,Denver,Credit Card,10%
T1048,26-12-2019,P020,Elderberry Syrup,Medicine,3,22,66,C1048,56,Male,Seattle,Credit Card,15%
T1308,26-12-2019,P011,Herbal Shampoo,Haircare,3,12,36,C1308,33,Male,Denver,Debit Card,10%
T1117,27-12-2019,P048,Hydrocortisone Cream,Medicine,3,5,15,C1117,52,Female,Seattle,Mobile Payment,0%
T2521,27-12-2019,P049,Antifungal Powder,Medicine,1,10,10,C2521,55,Male,Chicago,Credit Card,0%
T3522,28-12-2019,P004,Anti-Allergy Cream,Skincare,3,25,75,C3522,46,Female,New York,Mobile Payment,10%
T3716,28-12-2019,P022,Toothpaste,Hygiene,2,4,8,C3716,24,Male,Seattle,Cash,15%
T2075,28-12-2019,P039,Nasal Spray,Medicine,2,8,16,C2075,28,Male,Chicago,Cash,0%
T1064,28-12-2019,P034,Hair Growth Serum,Haircare,1,28,28,C1064,34,Male,Miami,Mobile Payment,10%
T3278,28-12-2019,P034,Hair Growth Serum,Haircare,3,28,84,C3278,38,Female,Boston,Cash,10%
T4796,28-12-2019,P036,Tea Tree Oil,Skincare,2,12,24,C4796,37,Male,Boston,Credit Card,15%
T4064,29-12-2019,P049,Antifungal Powder,Medicine,5,10,50,C4064,40,Female,Boston,Credit Card,5%
T4410,29-12-2019,P025,Eye Drops,Medicine,2,12,24,C4410,55,Female,New York,Debit Card,0%
T4886,29-12-2019,P029,Zinc Supplement,Supplement,3,10,30,C4886,28,Male,San Francisco,Credit Card,15%
T4240,30-12-2019,P003,Cold Syrup,Medicine,5,8,40,C4240,34,Male,Boston,Debit Card,0%
T3337,30-12-2019,P006,Cough Drops,Medicine,3,2.5,7.5,C3337,48,Female,Houston,Credit Card,5%
T3933,30-12-2019,P022,Toothpaste,Hygiene,5,4,20,C3933,26,Female,Denver,Cash,10%
T3820,30-12-2019,P042,Green Tea Capsules,Supplement,5,10,50,C3820,39,Male,Miami,Debit Card,5%
T3198,31-12-2019,P022,Toothpaste,Hygiene,4,4,16,C3198,56,Male,Denver,Cash,10%
T3773,01-01-2020,P016,Energy Drink,Beverage,5,5,25,C3773,21,Male,Seattle,Debit Card,10%
T1605,02-01-2020,P017,Anti-Dandruff Shampoo,Haircare,2,14,28,C1605,32,Male,New York,Debit Card,10%
T2089,02-01-2020,P007,Diabetic Test Strips,Medical Equipment,4,50,200,C2089,43,Male,New York,Credit Card,15%
T2967,03-01-2020,P039,Nasal Spray,Medicine,1,8,8,C2967,52,Male,Boston,Cash,5%
T3688,03-01-2020,P011,Herbal Shampoo,Haircare,3,12,36,C3688,52,Female,Boston,Mobile Payment,5%
T3010,05-01-2020,P022,Toothpaste,Hygiene,5,4,20,C3010,36,Male,Seattle,Credit Card,5%
T4569,05-01-2020,P003,Cold Syrup,Medicine,3,8,24,C4569,59,Female,New York,Credit Card,10%
T1951,06-01-2020,P007,Diabetic Test Strips,Medical Equipment,4,50,200,C1951,58,Female,Miami,Credit Card,5%
T3267,06-01-2020,P021,Hand Sanitizer,Hygiene,2,3,6,C3267,18,Female,San Francisco,Debit Card,5%
T3022,06-01-2020,P050,Ear Drops,Medicine,3,6,18,C3022,32,Female,New York,Debit Card,15%
T0245,07-01-2020,P040,Hair Conditioner,Haircare,2,13,26,C0245,35,Male,Los Angeles,Mobile Payment,0%
T1306,07-01-2020,P014,Calcium Tablets,Supplement,1,15,15,C1306,21,Female,San Francisco,Debit Card,10%
T0567,07-01-2020,P040,Hair Conditioner,Haircare,4,13,52,C0567,21,Female,Boston,Debit Card,15%
T0687,08-01-2020,P036,Tea Tree Oil,Skincare,2,12,24,C0687,58,Female,Miami,Credit Card,0%
T3993,08-01-2020,P020,Elderberry Syrup,Medicine,4,22,88,C3993,22,Female,Miami,Debit Card,10%
T3052,09-01-2020,P031,Hydration Powder,Nutrition,5,7,35,C3052,22,Male,Boston,Mobile Payment,15%
T0001,11-01-2020,P007,Diabetic Test Strips,Medical Equipment,4,50,200,C0001,39,Male,Boston,Debit Card,10%
T0336,11-01-2020,P022,Toothpaste,Hygiene,1,4,4,C0336,24,Male,Chicago,Mobile Payment,15%
T1316,11-01-2020,P039,Nasal Spray,Medicine,4,8,32,C1316,39,Female,Chicago,Cash,10%
T0857,12-01-2020,P001,Pain Relief Capsule,Medicine,3,10,30,C0857,30,Female,Seattle,Debit Card,15%
T1548,12-01-2020,P043,Pain Relief Patch,Medicine,3,7,21,C1548,18,Male,New York,Mobile Payment,10%
T1259,12-01-2020,P011,Herbal Shampoo,Haircare,4,12,48,C1259,56,Male,New York,Mobile Payment,0%
T4637,13-01-2020,P022,Toothpaste,Hygiene,5,4,20,C4637,37,Female,Houston,Debit Card,5%
T0902,14-01-2020,P046,Sunblock Cream,Skincare,3,20,60,C0902,49,Female,Chicago,Cash,10%
T0818,14-01-2020,P003,Cold Syrup,Medicine,2,8,16,C0818,41,Female,San Francisco,Credit Card,10%
T4153,14-01-2020,P036,Tea Tree Oil,Skincare,4,12,48,C4153,18,Male,Los Angeles,Debit Card,10%
T1292,14-01-2020,P039,Nasal Spray,Medicine,4,8,32,C1292,49,Female,Seattle,Credit Card,5%
T2005,15-01-2020,P001,Pain Relief Capsule,Medicine,4,10,40,C2005,59,Female,Los Angeles,Mobile Payment,5%
T2713,15-01-2020,P036,Tea Tree Oil,Skincare,2,12,24,C2713,41,Male,New York,Mobile Payment,0%
T0091,15-01-2020,P032,Caffeine Pills,Supplement,3,5,15,C0091,60,Male,Los Angeles,Mobile Payment,10%
T1132,16-01-2020,P047,Coconut Oil,Haircare,1,12,12,C1132,58,Male,Houston,Mobile Payment,5%
T3541,17-01-2020,P035,Anti-Wrinkle Cream,Skincare,3,45,135,C3541,63,Male,Denver,Cash,10%
T1868,18-01-2020,P033,Foot Cream,Skincare,3,15,45,C1868,61,Female,Los Angeles,Cash,15%
T1525,18-01-2020,P044,Joint Health Tablets,Supplement,2,32,64,C1525,54,Male,Chicago,Cash,5%
T1802,18-01-2020,P045,Vitamin C Serum,Skincare,3,25,75,C1802,37,Male,Chicago,Mobile Payment,15%
T1375,19-01-2020,P003,Cold Syrup,Medicine,5,8,40,C1375,56,Male,Seattle,Credit Card,15%
T4088,19-01-2020,P022,Toothpaste,Hygiene,3,4,12,C4088,60,Male,Seattle,Credit Card,15%
T2284,20-01-2020,P044,Joint Health Tablets,Supplement,5,32,160,C2284,44,Male,Chicago,Cash,10%
T0921,21-01-2020,P031,Hydration Powder,Nutrition,3,7,21,C0921,36,Female,Miami,Mobile Payment,15%
T0379,21-01-2020,P050,Ear Drops,Medicine,3,6,18,C0379,45,Male,Los Angeles,Mobile Payment,10%
T4185,22-01-2020,P028,Omega-3 Capsules,Supplement,1,22,22,C4185,43,Female,Boston,Credit Card,10%
T3755,22-01-2020,P032,Caffeine Pills,Supplement,2,5,10,C3755,43,Male,New York,Credit Card,0%
T2732,22-01-2020,P047,Coconut Oil,Haircare,3,12,36,C2732,26,Female,Miami,Cash,5%
T4163,22-01-2020,P001,Pain Relief Capsule,Medicine,3,10,30,C4163,33,Male,Boston,Mobile Payment,10%
T1473,23-01-2020,P030,Heart Health Supplement,Supplement,2,35,70,C1473,38,Female,Boston,Mobile Payment,5%
T2817,24-01-2020,P044,Joint Health Tablets,Supplement,2,32,64,C2817,21,Female,New York,Mobile Payment,0%
T4034,24-01-2020,P038,Liver Health Supplement,Supplement,1,20,20,C4034,35,Male,New York,Cash,5%
T0585,24-01-2020,P027,All-Purpose Ointment,Medicine,3,6,18,C0585,18,Female,Miami,Mobile Payment,0%
T0859,24-01-2020,P012,Organic Face Wash,Skincare,4,10,40,C0859,47,Female,Houston,Mobile Payment,10%
T4969,25-01-2020,P041,Digestive Enzymes,Supplement,2,18,36,C4969,37,Male,Denver,Credit Card,0%
T4320,26-01-2020,P044,Joint Health Tablets,Supplement,5,32,160,C4320,27,Male,Seattle,Debit Card,5%
T4086,26-01-2020,P016,Energy Drink,Beverage,5,5,25,C4086,50,Male,Boston,Mobile Payment,0%
T0365,27-01-2020,P008,Fish Oil Capsules,Supplement,1,18,18,C0365,62,Female,New York,Credit Card,0%
T0755,27-01-2020,P009,Antibacterial Handwash,Hygiene,4,5,20,C0755,32,Female,Boston,Debit Card,0%
T0926,27-01-2020,P015,Protein Powder,Nutrition,1,25,25,C0926,18,Male,Boston,Credit Card,10%
T3966,27-01-2020,P024,Collagen Powder,Supplement,2,30,60,C3966,46,Female,Boston,Credit Card,0%
T2213,28-01-2020,P015,Protein Powder,Nutrition,3,25,75,C2213,55,Female,Boston,Mobile Payment,5%
T4672,28-01-2020,P025,Eye Drops,Medicine,4,12,48,C4672,40,Male,New York,Debit Card,0%
T2080,28-01-2020,P037,Natural Deodorant,Hygiene,2,9,18,C2080,25,Male,Miami,Cash,10%
T0393,29-01-2020,P020,Elderberry Syrup,Medicine,2,22,44,C0393,25,Female,New York,Mobile Payment,0%
T3454,29-01-2020,P012,Organic Face Wash,Skincare,2,10,20,C3454,21,Female,Seattle,Mobile Payment,10%
T4285,30-01-2020,P044,Joint Health Tablets,Supplement,5,32,160,C4285,47,Male,Miami,Debit Card,15%
T3169,01-02-2020,P043,Pain Relief Patch,Medicine,4,7,28,C3169,29,Male,Chicago,Debit Card,15%
T3791,01-02-2020,P021,Hand Sanitizer,Hygiene,5,3,15,C3791,50,Male,Seattle,Credit Card,10%
T3086,01-02-2020,P008,Fish Oil Capsules,Supplement,4,18,72,C3086,60,Female,Miami,Debit Card,15%
T2878,01-02-2020,P009,Antibacterial Handwash,Hygiene,3,5,15,C2878,22,Male,Boston,Cash,15%
T4261,01-02-2020,P032,Caffeine Pills,Supplement,2,5,10,C4261,58,Male,New York,Credit Card,0%
T4979,02-02-2020,P011,Herbal Shampoo,Haircare,1,12,12,C4979,30,Female,Denver,Debit Card,5%
T3031,02-02-2020,P040,Hair Conditioner,Haircare,1,13,13,C3031,30,Male,Houston,Mobile Payment,10%
T1653,02-02-2020,P025,Eye Drops,Medicine,2,12,24,C1653,40,Male,Boston,Mobile Payment,5%
T3631,03-02-2020,P034,Hair Growth Serum,Haircare,4,28,112,C3631,55,Female,Houston,Cash,0%
T3983,04-02-2020,P040,Hair Conditioner,Haircare,3,13,39,C3983,64,Female,Chicago,Cash,0%
T3571,05-02-2020,P020,Elderberry Syrup,Medicine,4,22,88,C3571,19,Female,Seattle,Cash,10%
T3887,05-02-2020,P026,Muscle Relaxant Cream,Medicine,5,25,125,C3887,26,Male,Boston,Cash,0%
T1615,05-02-2020,P038,Liver Health Supplement,Supplement,2,20,40,C1615,54,Female,Boston,Credit Card,0%
T0575,05-02-2020,P006,Cough Drops,Medicine,4,2.5,10,C0575,37,Male,San Francisco,Mobile Payment,5%
T1326,06-02-2020,P033,Foot Cream,Skincare,2,15,30,C1326,60,Female,Houston,Credit Card,0%
T1761,08-02-2020,P018,Moisturizing Lotion,Skincare,5,18,90,C1761,64,Male,Boston,Credit Card,0%
T1992,08-02-2020,P001,Pain Relief Capsule,Medicine,5,10,50,C1992,30,Female,Denver,Cash,5%
T1476,08-02-2020,P044,Joint Health Tablets,Supplement,2,32,64,C1476,41,Female,Boston,Cash,5%
T1732,08-02-2020,P035,Anti-Wrinkle Cream,Skincare,4,45,180,C1732,34,Female,Seattle,Mobile Payment,0%
T4374,09-02-2020,P026,Muscle Relaxant Cream,Medicine,3,25,75,C4374,22,Female,Chicago,Cash,10%
T2310,09-02-2020,P046,Sunblock Cream,Skincare,1,20,20,C2310,22,Female,Chicago,Debit Card,10%
T1685,09-02-2020,P045,Vitamin C Serum,Skincare,4,25,100,C1685,55,Female,Houston,Credit Card,10%
T3727,09-02-2020,P039,Nasal Spray,Medicine,5,8,40,C3727,56,Male,Los Angeles,Mobile Payment,10%
T4198,09-02-2020,P035,Anti-Wrinkle Cream,Skincare,1,45,45,C4198,57,Male,Miami,Mobile Payment,10%
T1146,10-02-2020,P037,Natural Deodorant,Hygiene,4,9,36,C1146,47,Male,Miami,Credit Card,10%
T3257,10-02-2020,P014,Calcium Tablets,Supplement,3,15,45,C3257,43,Female,Chicago,Credit Card,5%
T0446,10-02-2020,P005,Vitamin D3 Supplement,Supplement,5,12,60,C0446,61,Male,Miami,Cash,0%
T2487,10-02-2020,P003,Cold Syrup,Medicine,2,8,16,C2487,49,Female,Seattle,Cash,15%
T0270,10-02-2020,P031,Hydration Powder,Nutrition,3,7,21,C0270,55,Female,Houston,Cash,15%
T1229,10-02-2020,P023,Acne Treatment Gel,Skincare,1,16,16,C1229,52,Female,San Francisco,Debit Card,0%
T3924,10-02-2020,P033,Foot Cream,Skincare,5,15,75,C3924,32,Female,Houston,Cash,0%
T4179,11-02-2020,P030,Heart Health Supplement,Supplement,5,35,175,C4179,29,Female,Seattle,Credit Card,10%
T4241,11-02-2020,P023,Acne Treatment Gel,Skincare,1,16,16,C4241,40,Female,Boston,Mobile Payment,10%
T0417,11-02-2020,P020,Elderberry Syrup,Medicine,4,22,88,C0417,30,Female,Miami,Cash,0%
T0595,11-02-2020,P012,Organic Face Wash,Skincare,1,10,10,C0595,40,Female,Miami,Cash,5%
T4145,12-02-2020,P047,Coconut Oil,Haircare,5,12,60,C4145,25,Male,Los Angeles,Cash,10%
T3046,12-02-2020,P025,Eye Drops,Medicine,1,12,12,C3046,44,Male,Los Angeles,Mobile Payment,5%
T4918,12-02-2020,P049,Antifungal Powder,Medicine,5,10,50,C4918,36,Female,Chicago,Debit Card,0%
T4450,12-02-2020,P023,Acne Treatment Gel,Skincare,3,16,48,C4450,58,Female,Houston,Cash,10%
T1707,13-02-2020,P015,Protein Powder,Nutrition,1,25,25,C1707,38,Male,San Francisco,Credit Card,0%
T3756,15-02-2020,P022,Toothpaste,Hygiene,5,4,20,C3756,27,Female,Los Angeles,Cash,10%
T4218,15-02-2020,P022,Toothpaste,Hygiene,1,4,4,C4218,40,Female,Seattle,Debit Card,15%
T0037,15-02-2020,P043,Pain Relief Patch,Medicine,2,7,14,C0037,58,Male,Chicago,Debit Card,10%
T0914,17-02-2020,P048,Hydrocortisone Cream,Medicine,4,5,20,C0914,45,Female,Miami,Cash,5%
T4431,17-02-2020,P023,Acne Treatment Gel,Skincare,3,16,48,C4431,21,Female,San Francisco,Debit Card,5%
T3405,18-02-2020,P001,Pain Relief Capsule,Medicine,1,10,10,C3405,52,Male,Miami,Credit Card,15%
T4809,18-02-2020,P003,Cold Syrup,Medicine,5,8,40,C4809,21,Male,Denver,Credit Card,15%
T1088,18-02-2020,P018,Moisturizing Lotion,Skincare,1,18,18,C1088,42,Male,Boston,Credit Card,5%
T0531,19-02-2020,P032,Caffeine Pills,Supplement,3,5,15,C0531,58,Female,San Francisco,Credit Card,10%
T3868,19-02-2020,P049,Antifungal Powder,Medicine,4,10,40,C3868,62,Female,Los Angeles,Cash,15%
T0677,20-02-2020,P010,Lip Balm,Skincare,3,7,21,C0677,37,Male,Los Angeles,Credit Card,10%
T3094,20-02-2020,P019,Aloe Vera Gel,Skincare,3,8,24,C3094,24,Female,Seattle,Mobile Payment,0%
T0530,20-02-2020,P048,Hydrocortisone Cream,Medicine,5,5,25,C0530,26,Male,Boston,Mobile Payment,5%
T3954,21-02-2020,P015,Protein Powder,Nutrition,5,25,125,C3954,49,Female,Boston,Debit Card,5%
T0516,21-02-2020,P046,Sunblock Cream,Skincare,5,20,100,C0516,58,Female,Houston,Mobile Payment,15%
T0631,21-02-2020,P019,Aloe Vera Gel,Skincare,3,8,24,C0631,49,Female,New York,Credit Card,5%
T1552,21-02-2020,P042,Green Tea Capsules,Supplement,5,10,50,C1552,38,Female,Chicago,Cash,15%
T3726,22-02-2020,P042,Green Tea Capsules,Supplement,5,10,50,C3726,46,Female,Houston,Credit Card,0%
T4751,22-02-2020,P033,Foot Cream,Skincare,1,15,15,C4751,21,Male,Boston,Debit Card,0%
T3250,22-02-2020,P048,Hydrocortisone Cream,Medicine,1,5,5,C3250,23,Male,Miami,Mobile Payment,5%
T2164,22-02-2020,P026,Muscle Relaxant Cream,Medicine,4,25,100,C2164,42,Female,New York,Mobile Payment,0%
T1092,23-02-2020,P028,Omega-3 Capsules,Supplement,3,22,66,C1092,59,Male,Los Angeles,Mobile Payment,15%
T0876,23-02-2020,P047,Coconut Oil,Haircare,1,12,12,C0876,35,Female,Seattle,Credit Card,0%
T1510,24-02-2020,P023,Acne Treatment Gel,Skincare,1,16,16,C1510,49,Female,Los Angeles,Mobile Payment,15%
T0129,26-02-2020,P044,Joint Health Tablets,Supplement,3,32,96,C0129,37,Male,Chicago,Mobile Payment,10%
T3771,26-02-2020,P012,Organic Face Wash,Skincare,4,10,40,C3771,44,Male,Miami,Cash,10%
T0170,26-02-2020,P049,Antifungal Powder,Medicine,5,10,50,C0170,49,Female,Los Angeles,Mobile Payment,10%
T3649,27-02-2020,P036,Tea Tree Oil,Skincare,4,12,48,C3649,20,Female,Miami,Debit Card,5%
T1006,27-02-2020,P011,Herbal Shampoo,Haircare,2,12,24,C1006,59,Male,Houston,Debit Card,5%
T3153,27-02-2020,P043,Pain Relief Patch,Medicine,2,7,14,C3153,63,Male,Chicago,Credit Card,0%
T4378,28-02-2020,P023,Acne Treatment Gel,Skincare,4,16,64,C4378,44,Female,San Francisco,Mobile Payment,5%
T3866,28-02-2020,P045,Vitamin C Serum,Skincare,5,25,125,C3866,33,Male,San Francisco,Mobile Payment,0%
T1526,29-02-2020,P031,Hydration Powder,Nutrition,3,7,21,C1526,32,Male,Miami,Debit Card,0%
T3840,29-02-2020,P049,Antifungal Powder,Medicine,5,10,50,C3840,50,Male,Boston,Mobile Payment,5%
T1664,29-02-2020,P026,Muscle Relaxant Cream,Medicine,4,25,100,C1664,48,Female,San Francisco,Debit Card,15%
T0509,02-03-2020,P027,All-Purpose Ointment,Medicine,5,6,30,C0509,42,Male,San Francisco,Credit Card,15%
T4395,02-03-2020,P002,Multivitamin Tablet,Supplement,5,15,75,C4395,55,Female,Boston,Cash,0%
T3089,02-03-2020,P003,Cold Syrup,Medicine,2,8,16,C3089,57,Female,Denver,Credit Card,0%
T4354,03-03-2020,P001,Pain Relief Capsule,Medicine,5,10,50,C4354,29,Female,Chicago,Debit Card,0%
T1015,03-03-2020,P043,Pain Relief Patch,Medicine,5,7,35,C1015,42,Female,New York,Debit Card,10%
T4567,03-03-2020,P043,Pain Relief Patch,Medicine,3,7,21,C4567,20,Male,New York,Debit Card,0%
T2808,03-03-2020,P022,Toothpaste,Hygiene,3,4,12,C2808,63,Female,New York,Debit Card,15%
T0888,04-03-2020,P033,Foot Cream,Skincare,3,15,45,C0888,30,Male,San Francisco,Credit Card,0%
T0484,06-03-2020,P015,Protein Powder,Nutrition,1,25,25,C0484,32,Male,Chicago,Debit Card,0%
T2362,06-03-2020,P005,Vitamin D3 Supplement,Supplement,1,12,12,C2362,37,Female,Miami,Debit Card,15%
T1981,07-03-2020,P025,Eye Drops,Medicine,1,12,12,C1981,40,Male,Seattle,Cash,0%
T3180,07-03-2020,P027,All-Purpose Ointment,Medicine,4,6,24,C3180,20,Female,Miami,Debit Card,10%
T3127,07-03-2020,P012,Organic Face Wash,Skincare,2,10,20,C3127,64,Female,Los Angeles,Debit Card,5%
T1404,08-03-2020,P018,Moisturizing Lotion,Skincare,2,18,36,C1404,36,Male,Chicago,Credit Card,15%
T0616,08-03-2020,P036,Tea Tree Oil,Skincare,5,12,60,C0616,56,Female,Seattle,Mobile Payment,0%
T2643,09-03-2020,P011,Herbal Shampoo,Haircare,4,12,48,C2643,55,Male,Houston,Credit Card,15%
T2999,09-03-2020,P039,Nasal Spray,Medicine,1,8,8,C2999,31,Female,Miami,Credit Card,0%
T4102,10-03-2020,P002,Multivitamin Tablet,Supplement,3,15,45,C4102,53,Male,Boston,Credit Card,15%
T4686,10-03-2020,P032,Caffeine Pills,Supplement,1,5,5,C4686,36,Female,Boston,Debit Card,5%
T3283,10-03-2020,P046,Sunblock Cream,Skincare,3,20,60,C3283,61,Female,Houston,Debit Card,0%
T4252,11-03-2020,P015,Protein Powder,Nutrition,4,25,100,C4252,47,Male,Los Angeles,Cash,0%
T0394,11-03-2020,P004,Anti-Allergy Cream,Skincare,4,25,100,C0394,56,Female,Los Angeles,Credit Card,0%
T0154,11-03-2020,P024,Collagen Powder,Supplement,2,30,60,C0154,63,Female,Los Angeles,Debit Card,15%
T3224,13-03-2020,P044,Joint Health Tablets,Supplement,3,32,96,C3224,38,Female,Miami,Credit Card,0%
T3817,13-03-2020,P033,Foot Cream,Skincare,2,15,30,C3817,37,Female,New York,Credit Card,10%
T3656,13-03-2020,P013,Probiotic Supplement,Supplement,5,20,100,C3656,55,Female,Los Angeles,Credit Card,0%
T4387,13-03-2020,P001,Pain Relief Capsule,Medicine,3,10,30,C4387,44,Male,Miami,Cash,10%
T3410,13-03-2020,P033,Foot Cream,Skincare,1,15,15,C3410,65,Female,New York,Debit Card,5%
T4576,14-03-2020,P041,Digestive Enzymes,Supplement,4,18,72,C4576,36,Female,San Francisco,Mobile Payment,5%
T0710,14-03-2020,P040,Hair Conditioner,Haircare,2,13,26,C0710,45,Male,Denver,Credit Card,15%
T4432,14-03-2020,P036,Tea Tree Oil,Skincare,3,12,36,C4432,24,Female,Miami,Mobile Payment,0%
T3512,14-03-2020,P037,Natural Deodorant,Hygiene,4,9,36,C3512,63,Female,Boston,Mobile Payment,5%
T0724,15-03-2020,P032,Caffeine Pills,Supplement,1,5,5,C0724,54,Male,Chicago,Cash,0%
T1881,15-03-2020,P042,Green Tea Capsules,Supplement,2,10,20,C1881,30,Male,Boston,Debit Card,0%
T0604,15-03-2020,P012,Organic Face Wash,Skincare,4,10,40,C0604,37,Female,Houston,Credit Card,5%
T1537,15-03-2020,P038,Liver Health Supplement,Supplement,1,20,20,C1537,53,Female,San Francisco,Credit Card,5%
T0899,16-03-2020,P027,All-Purpose Ointment,Medicine,5,6,30,C0899,30,Male,Houston,Credit Card,5%
T4562,16-03-2020,P014,Calcium Tablets,Supplement,2,15,30,C4562,33,Female,Los Angeles,Mobile Payment,10%
T2195,17-03-2020,P039,Nasal Spray,Medicine,3,8,24,C2195,37,Female,Houston,Debit Card,15%
T1640,17-03-2020,P026,Muscle Relaxant Cream,Medicine,5,25,125,C1640,49,Female,Miami,Debit Card,0%
T1865,17-03-2020,P025,Eye Drops,Medicine,5,12,60,C1865,22,Female,Seattle,Debit Card,0%
T3717,17-03-2020,P040,Hair Conditioner,Haircare,3,13,39,C3717,26,Female,Boston,Mobile Payment,5%
T2426,18-03-2020,P037,Natural Deodorant,Hygiene,3,9,27,C2426,44,Female,Denver,Credit Card,5%
T1060,18-03-2020,P043,Pain Relief Patch,Medicine,3,7,21,C1060,46,Female,Chicago,Credit Card,15%
T0275,18-03-2020,P013,Probiotic Supplement,Supplement,1,20,20,C0275,61,Female,Houston,Debit Card,15%
T3765,18-03-2020,P031,Hydration Powder,Nutrition,5,7,35,C3765,58,Male,San Francisco,Debit Card,15%
T1833,18-03-2020,P038,Liver Health Supplement,Supplement,5,20,100,C1833,29,Female,Seattle,Credit Card,15%
T3533,19-03-2020,P028,Omega-3 Capsules,Supplement,1,22,22,C3533,32,Male,Denver,Debit Card,10%
T1412,19-03-2020,P015,Protein Powder,Nutrition,5,25,125,C1412,22,Male,Denver,Debit Card,0%
T1490,20-03-2020,P034,Hair Growth Serum,Haircare,3,28,84,C1490,54,Male,Los Angeles,Credit Card,15%
T2084,21-03-2020,P041,Digestive Enzymes,Supplement,3,18,54,C2084,46,Male,Miami,Cash,10%
T0521,21-03-2020,P032,Caffeine Pills,Supplement,4,5,20,C0521,51,Male,New York,Credit Card,10%
T2519,21-03-2020,P023,Acne Treatment Gel,Skincare,5,16,80,C2519,45,Male,Los Angeles,Credit Card,10%
T0929,21-03-2020,P021,Hand Sanitizer,Hygiene,5,3,15,C0929,50,Female,San Francisco,Credit Card,5%
T2145,23-03-2020,P017,Anti-Dandruff Shampoo,Haircare,1,14,14,C2145,43,Male,Boston,Debit Card,5%
T4057,24-03-2020,P002,Multivitamin Tablet,Supplement,5,15,75,C4057,30,Male,Miami,Mobile Payment,10%
T0540,24-03-2020,P013,Probiotic Supplement,Supplement,3,20,60,C0540,37,Female,Boston,Credit Card,0%
T0010,26-03-2020,P046,Sunblock Cream,Skincare,4,20,80,C0010,47,Female,San Francisco,Credit Card,10%
T4278,26-03-2020,P022,Toothpaste,Hygiene,1,4,4,C4278,20,Female,San Francisco,Credit Card,10%
T3795,27-03-2020,P005,Vitamin D3 Supplement,Supplement,5,12,60,C3795,64,Female,Chicago,Credit Card,5%
T4005,27-03-2020,P047,Coconut Oil,Haircare,2,12,24,C4005,27,Male,Houston,Debit Card,10%
T1294,27-03-2020,P014,Calcium Tablets,Supplement,4,15,60,C1294,36,Male,Miami,Credit Card,15%
T1486,28-03-2020,P029,Zinc Supplement,Supplement,4,10,40,C1486,37,Male,New York,Debit Card,15%
T1444,28-03-2020,P041,Digestive Enzymes,Supplement,4,18,72,C1444,57,Female,Houston,Cash,10%
T0064,28-03-2020,P042,Green Tea Capsules,Supplement,4,10,40,C0064,56,Female,Houston,Cash,10%
T4919,29-03-2020,P025,Eye Drops,Medicine,5,12,60,C4919,49,Female,San Francisco,Cash,5%
T1497,29-03-2020,P023,Acne Treatment Gel,Skincare,2,16,32,C1497,61,Male,Houston,Credit Card,10%
T1744,29-03-2020,P022,Toothpaste,Hygiene,4,4,16,C1744,21,Female,New York,Mobile Payment,15%
T4745,29-03-2020,P001,Pain Relief Capsule,Medicine,4,10,40,C4745,64,Male,Chicago,Credit Card,0%
T0619,29-03-2020,P023,Acne Treatment Gel,Skincare,1,16,16,C0619,52,Male,Seattle,Debit Card,5%
T2926,29-03-2020,P008,Fish Oil Capsules,Supplement,3,18,54,C2926,34,Male,Seattle,Mobile Payment,15%
T3886,30-03-2020,P013,Probiotic Supplement,Supplement,3,20,60,C3886,47,Female,Houston,Credit Card,10%
T0692,30-03-2020,P005,Vitamin D3 Supplement,Supplement,5,12,60,C0692,27,Male,Miami,Debit Card,5%
T4787,30-03-2020,P012,Organic Face Wash,Skincare,3,10,30,C4787,47,Male,Los Angeles,Mobile Payment,0%
T2992,31-03-2020,P006,Cough Drops,Medicine,3,2.5,7.5,C2992,33,Male,Houston,Mobile Payment,0%
T3134,31-03-2020,P049,Antifungal Powder,Medicine,4,10,40,C3134,53,Female,San Francisco,Mobile Payment,10%
T2539,31-03-2020,P031,Hydration Powder,Nutrition,2,7,14,C2539,43,Female,Boston,Credit Card,5%
T0933,02-04-2020,P019,Aloe Vera Gel,Skincare,3,8,24,C0933,23,Female,Chicago,Credit Card,15%
T2267,02-04-2020,P006,Cough Drops,Medicine,4,2.5,10,C2267,31,Female,Miami,Cash,15%
T0557,02-04-2020,P044,Joint Health Tablets,Supplement,2,32,64,C0557,51,Female,Los Angeles,Credit Card,0%
T2772,03-04-2020,P017,Anti-Dandruff Shampoo,Haircare,3,14,42,C2772,32,Male,Boston,Credit Card,15%
T0447,03-04-2020,P020,Elderberry Syrup,Medicine,4,22,88,C0447,65,Female,Denver,Credit Card,5%
T2051,03-04-2020,P050,Ear Drops,Medicine,3,6,18,C2051,49,Female,Chicago,Credit Card,0%
T3043,04-04-2020,P009,Antibacterial Handwash,Hygiene,4,5,20,C3043,39,Male,Houston,Mobile Payment,10%
T0620,04-04-2020,P003,Cold Syrup,Medicine,1,8,8,C0620,18,Female,Boston,Debit Card,5%
T4850,04-04-2020,P049,Antifungal Powder,Medicine,1,10,10,C4850,28,Male,Denver,Mobile Payment,5%
T2025,04-04-2020,P028,Omega-3 Capsules,Supplement,4,22,88,C2025,63,Male,Boston,Credit Card,10%
T2600,05-04-2020,P021,Hand Sanitizer,Hygiene,1,3,3,C2600,46,Male,San Francisco,Debit Card,5%
T0432,06-04-2020,P050,Ear Drops,Medicine,2,6,12,C0432,65,Female,Houston,Mobile Payment,15%
T2771,06-04-2020,P028,Omega-3 Capsules,Supplement,5,22,110,C2771,25,Female,Miami,Debit Card,10%
T0097,06-04-2020,P026,Muscle Relaxant Cream,Medicine,1,25,25,C0097,24,Female,Chicago,Mobile Payment,10%
T4301,06-04-2020,P037,Natural Deodorant,Hygiene,5,9,45,C4301,22,Male,Boston,Debit Card,0%
T0082,07-04-2020,P011,Herbal Shampoo,Haircare,4,12,48,C0082,51,Male,Miami,Debit Card,15%
T2499,07-04-2020,P022,Toothpaste,Hygiene,4,4,16,C2499,28,Female,Houston,Debit Card,5%
T4060,07-04-2020,P014,Calcium Tablets,Supplement,4,15,60,C4060,60,Male,Boston,Cash,10%
T3307,07-04-2020,P007,Diabetic Test Strips,Medical Equipment,5,50,250,C3307,50,Male,Boston,Debit Card,10%
T2975,07-04-2020,P007,Diabetic Test Strips,Medical Equipment,4,50,200,C2975,52,Male,New York,Cash,15%
T4488,08-04-2020,P035,Anti-Wrinkle Cream,Skincare,3,45,135,C4488,39,Female,San Francisco,Mobile Payment,10%
T4270,09-04-2020,P024,Collagen Powder,Supplement,5,30,150,C4270,64,Female,Houston,Cash,0%
T4262,09-04-2020,P012,Organic Face Wash,Skincare,2,10,20,C4262,40,Male,Boston,Mobile Payment,0%
T0269,09-04-2020,P037,Natural Deodorant,Hygiene,1,9,9,C0269,19,Male,New York,Debit Card,0%
T0793,09-04-2020,P020,Elderberry Syrup,Medicine,3,22,66,C0793,21,Female,Seattle,Debit Card,10%
T0746,09-04-2020,P002,Multivitamin Tablet,Supplement,3,15,45,C0746,38,Male,Miami,Credit Card,5%
T0670,09-04-2020,P017,Anti-Dandruff Shampoo,Haircare,2,14,28,C0670,54,Female,Boston,Cash,15%
T2914,10-04-2020,P024,Collagen Powder,Supplement,2,30,60,C2914,32,Female,Miami,Cash,15%
T3894,10-04-2020,P012,Organic Face Wash,Skincare,4,10,40,C3894,28,Male,Houston,Mobile Payment,10%
T3882,11-04-2020,P008,Fish Oil Capsules,Supplement,5,18,90,C3882,59,Male,Denver,Cash,15%
T2445,11-04-2020,P018,Moisturizing Lotion,Skincare,1,18,18,C2445,52,Male,Chicago,Mobile Payment,0%
T0763,12-04-2020,P016,Energy Drink,Beverage,3,5,15,C0763,51,Female,San Francisco,Mobile Payment,0%
T0473,12-04-2020,P015,Protein Powder,Nutrition,3,25,75,C0473,51,Male,New York,Cash,5%
T2399,12-04-2020,P048,Hydrocortisone Cream,Medicine,3,5,15,C2399,18,Male,Seattle,Debit Card,10%
T1854,13-04-2020,P008,Fish Oil Capsules,Supplement,4,18,72,C1854,49,Male,Chicago,Debit Card,15%
T0197,14-04-2020,P016,Energy Drink,Beverage,3,5,15,C0197,31,Male,Miami,Mobile Payment,0%
T4794,14-04-2020,P012,Organic Face Wash,Skincare,1,10,10,C4794,34,Female,Chicago,Cash,5%
T1258,14-04-2020,P031,Hydration Powder,Nutrition,2,7,14,C1258,39,Female,New York,Cash,15%
T3011,15-04-2020,P036,Tea Tree Oil,Skincare,3,12,36,C3011,60,Male,Boston,Credit Card,0%
T1189,16-04-2020,P031,Hydration Powder,Nutrition,1,7,7,C1189,34,Female,Los Angeles,Mobile Payment,10%
T1508,16-04-2020,P046,Sunblock Cream,Skincare,1,20,20,C1508,61,Female,Seattle,Mobile Payment,0%
T3054,16-04-2020,P030,Heart Health Supplement,Supplement,1,35,35,C3054,30,Female,Seattle,Credit Card,15%
T3140,17-04-2020,P005,Vitamin D3 Supplement,Supplement,5,12,60,C3140,35,Male,Miami,Mobile Payment,10%
T3304,18-04-2020,P039,Nasal Spray,Medicine,4,8,32,C3304,18,Male,Miami,Mobile Payment,0%
T2129,18-04-2020,P027,All-Purpose Ointment,Medicine,4,6,24,C2129,54,Male,Houston,Debit Card,5%
T1535,18-04-2020,P003,Cold Syrup,Medicine,1,8,8,C1535,60,Female,Houston,Mobile Payment,15%
T0504,18-04-2020,P015,Protein Powder,Nutrition,5,25,125,C0504,48,Male,Chicago,Cash,5%
T3090,19-04-2020,P050,Ear Drops,Medicine,5,6,30,C3090,27,Female,Chicago,Cash,0%
T1344,19-04-2020,P046,Sunblock Cream,Skincare,3,20,60,C1344,39,Female,Boston,Cash,5%
T3544,19-04-2020,P025,Eye Drops,Medicine,1,12,12,C3544,25,Male,New York,Cash,10%
T1166,19-04-2020,P009,Antibacterial Handwash,Hygiene,1,5,5,C1166,29,Male,Los Angeles,Debit Card,0%
T3712,19-04-2020,P014,Calcium Tablets,Supplement,1,15,15,C3712,35,Male,Seattle,Debit Card,15%
T4149,20-04-2020,P003,Cold Syrup,Medicine,4,8,32,C4149,52,Female,Miami,Credit Card,15%
T0680,21-04-2020,P038,Liver Health Supplement,Supplement,1,20,20,C0680,22,Female,Miami,Debit Card,5%
T4315,21-04-2020,P036,Tea Tree Oil,Skincare,1,12,12,C4315,24,Female,San Francisco,Cash,0%
T1655,23-04-2020,P012,Organic Face Wash,Skincare,5,10,50,C1655,23,Female,Boston,Mobile Payment,5%
T1857,23-04-2020,P017,Anti-Dandruff Shampoo,Haircare,1,14,14,C1857,49,Male,Chicago,Mobile Payment,10%
T0731,24-04-2020,P019,Aloe Vera Gel,Skincare,2,8,16,C0731,35,Female,Seattle,Cash,10%
T2224,24-04-2020,P048,Hydrocortisone Cream,Medicine,3,5,15,C2224,28,Female,Los Angeles,Debit Card,5%
T3005,25-04-2020,P035,Anti-Wrinkle Cream,Skincare,1,45,45,C3005,18,Male,New York,Debit Card,15%
T2616,25-04-2020,P041,Digestive Enzymes,Supplement,1,18,18,C2616,34,Female,San Francisco,Credit Card,5%
T2348,25-04-2020,P012,Organic Face Wash,Skincare,1,10,10,C2348,24,Male,Denver,Debit Card,0%
T3271,25-04-2020,P036,Tea Tree Oil,Skincare,2,12,24,C3271,24,Female,Chicago,Mobile Payment,15%
T4054,26-04-2020,P045,Vitamin C Serum,Skincare,5,25,125,C4054,60,Female,Boston,Debit Card,15%
T4551,26-04-2020,P013,Probiotic Supplement,Supplement,3,20,60,C4551,46,Female,Los Angeles,Debit Card,5%
T2682,27-04-2020,P025,Eye Drops,Medicine,3,12,36,C2682,54,Female,Boston,Debit Card,0%
T4895,27-04-2020,P046,Sunblock Cream,Skincare,1,20,20,C4895,21,Female,Los Angeles,Cash,15%
T2957,27-04-2020,P031,Hydration Powder,Nutrition,5,7,35,C2957,48,Female,Miami,Mobile Payment,0%
T3906,27-04-2020,P028,Omega-3 Capsules,Supplement,4,22,88,C3906,46,Female,Houston,Debit Card,0%
T2502,28-04-2020,P009,Antibacterial Handwash,Hygiene,2,5,10,C2502,55,Female,Miami,Debit Card,15%
T2212,28-04-2020,P036,Tea Tree Oil,Skincare,1,12,12,C2212,63,Male,Houston,Debit Card,15%
T4449,29-04-2020,P007,Diabetic Test Strips,Medical Equipment,1,50,50,C4449,33,Female,Chicago,Debit Card,5%
T3870,29-04-2020,P040,Hair Conditioner,Haircare,5,13,65,C3870,40,Female,Miami,Mobile Payment,5%
T0758,30-04-2020,P023,Acne Treatment Gel,Skincare,5,16,80,C0758,61,Female,Miami,Cash,5%
T1350,30-04-2020,P020,Elderberry Syrup,Medicine,4,22,88,C1350,52,Female,Los Angeles,Cash,10%
T4845,30-04-2020,P050,Ear Drops,Medicine,1,6,6,C4845,21,Female,Boston,Mobile Payment,10%
T3155,01-05-2020,P041,Digestive Enzymes,Supplement,2,18,36,C3155,37,Male,Miami,Mobile Payment,0%
T2750,01-05-2020,P032,Caffeine Pills,Supplement,3,5,15,C2750,34,Female,Seattle,Credit Card,0%
T5000,01-05-2020,P013,Probiotic Supplement,Supplement,5,20,100,C5000,62,Female,Seattle,Debit Card,5%
T2173,02-05-2020,P005,Vitamin D3 Supplement,Supplement,4,12,48,C2173,25,Female,Chicago,Cash,10%
T1246,02-05-2020,P013,Probiotic Supplement,Supplement,4,20,80,C1246,21,Female,Seattle,Debit Card,5%
T0873,03-05-2020,P023,Acne Treatment Gel,Skincare,5,16,80,C0873,57,Female,Miami,Cash,15%
T4452,03-05-2020,P007,Diabetic Test Strips,Medical Equipment,4,50,200,C4452,23,Female,Boston,Debit Card,0%
T0773,03-05-2020,P020,Elderberry Syrup,Medicine,3,22,66,C0773,55,Female,Boston,Mobile Payment,5%
T0047,04-05-2020,P004,Anti-Allergy Cream,Skincare,1,25,25,C0047,57,Male,Miami,Debit Card,5%
T4844,04-05-2020,P016,Energy Drink,Beverage,2,5,10,C4844,54,Male,Chicago,Mobile Payment,10%
T1464,04-05-2020,P037,Natural Deodorant,Hygiene,1,9,9,C1464,51,Female,San Francisco,Debit Card,10%
T4172,04-05-2020,P041,Digestive Enzymes,Supplement,2,18,36,C4172,53,Female,Seattle,Credit Card,15%
T0368,05-05-2020,P034,Hair Growth Serum,Haircare,3,28,84,C0368,31,Male,Denver,Credit Card,0%
T2307,05-05-2020,P012,Organic Face Wash,Skincare,4,10,40,C2307,40,Male,Chicago,Cash,5%
T2376,05-05-2020,P019,Aloe Vera Gel,Skincare,2,8,16,C2376,20,Male,Boston,Cash,15%
T1221,06-05-2020,P022,Toothpaste,Hygiene,5,4,20,C1221,64,Male,Chicago,Cash,5%
T3188,07-05-2020,P025,Eye Drops,Medicine,4,12,48,C3188,32,Female,Los Angeles,Credit Card,10%
T4518,08-05-2020,P026,Muscle Relaxant Cream,Medicine,5,25,125,C4518,35,Male,Miami,Cash,10%
T3221,08-05-2020,P043,Pain Relief Patch,Medicine,3,7,21,C3221,20,Female,Seattle,Credit Card,15%
T3402,08-05-2020,P019,Aloe Vera Gel,Skincare,5,8,40,C3402,41,Female,Los Angeles,Cash,15%
T0043,08-05-2020,P026,Muscle Relaxant Cream,Medicine,5,25,125,C0043,59,Female,San Francisco,Mobile Payment,0%
T4150,09-05-2020,P046,Sunblock Cream,Skincare,1,20,20,C4150,29,Female,Houston,Cash,0%
T0035,09-05-2020,P007,Diabetic Test Strips,Medical Equipment,3,50,150,C0035,24,Female,Seattle,Debit Card,10%
T4313,09-05-2020,P025,Eye Drops,Medicine,5,12,60,C4313,46,Male,San Francisco,Debit Card,5%
T2995,09-05-2020,P009,Antibacterial Handwash,Hygiene,3,5,15,C2995,21,Male,New York,Credit Card,15%
T4543,10-05-2020,P018,Moisturizing Lotion,Skincare,1,18,18,C4543,30,Female,Denver,Debit Card,10%
T3408,10-05-2020,P048,Hydrocortisone Cream,Medicine,2,5,10,C3408,49,Female,Boston,Credit Card,0%
T4045,12-05-2020,P036,Tea Tree Oil,Skincare,3,12,36,C4045,64,Female,Los Angeles,Debit Card,5%
T0909,13-05-2020,P019,Aloe Vera Gel,Skincare,2,8,16,C0909,33,Male,Boston,Debit Card,5%
T0227,14-05-2020,P019,Aloe Vera Gel,Skincare,4,8,32,C0227,37,Female,New York,Mobile Payment,10%
T4231,15-05-2020,P049,Antifungal Powder,Medicine,2,10,20,C4231,33,Female,New York,Credit Card,15%
T1346,15-05-2020,P035,Anti-Wrinkle Cream,Skincare,1,45,45,C1346,44,Female,Chicago,Cash,15%
T3809,16-05-2020,P012,Organic Face Wash,Skincare,5,10,50,C3809,43,Male,Miami,Cash,15%
T0984,16-05-2020,P030,Heart Health Supplement,Supplement,2,35,70,C0984,39,Male,Denver,Debit Card,0%
T1939,16-05-2020,P008,Fish Oil Capsules,Supplement,3,18,54,C1939,40,Female,New York,Cash,10%
T0625,16-05-2020,P044,Joint Health Tablets,Supplement,5,32,160,C0625,36,Male,New York,Cash,5%
T2954,16-05-2020,P032,Caffeine Pills,Supplement,1,5,5,C2954,59,Male,Los Angeles,Credit Card,15%
T4001,17-05-2020,P012,Organic Face Wash,Skincare,3,10,30,C4001,43,Female,San Francisco,Cash,0%
T3686,17-05-2020,P036,Tea Tree Oil,Skincare,2,12,24,C3686,51,Male,Denver,Mobile Payment,15%
T0073,18-05-2020,P033,Foot Cream,Skincare,2,15,30,C0073,64,Male,Los Angeles,Debit Card,5%
T4063,19-05-2020,P042,Green Tea Capsules,Supplement,5,10,50,C4063,20,Female,Denver,Mobile Payment,15%
T3898,19-05-2020,P022,Toothpaste,Hygiene,5,4,20,C3898,24,Female,Houston,Debit Card,10%
T1511,19-05-2020,P024,Collagen Powder,Supplement,5,30,150,C1511,62,Male,Chicago,Cash,10%
T0316,19-05-2020,P005,Vitamin D3 Supplement,Supplement,4,12,48,C0316,60,Male,Chicago,Mobile Payment,15%
T1853,19-05-2020,P048,Hydrocortisone Cream,Medicine,1,5,5,C1853,65,Male,Houston,Credit Card,10%
T4281,20-05-2020,P023,Acne Treatment Gel,Skincare,3,16,48,C4281,65,Female,Miami,Credit Card,10%
T0469,20-05-2020,P002,Multivitamin Tablet,Supplement,2,15,30,C0469,36,Female,New York,Credit Card,15%
T1322,20-05-2020,P021,Hand Sanitizer,Hygiene,4,3,12,C1322,25,Female,New York,Credit Card,5%
T0682,21-05-2020,P047,Coconut Oil,Haircare,2,12,24,C0682,23,Female,New York,Cash,0%
T2615,21-05-2020,P019,Aloe Vera Gel,Skincare,5,8,40,C2615,44,Female,New York,Debit Card,5%
T4990,21-05-2020,P048,Hydrocortisone Cream,Medicine,2,5,10,C4990,33,Female,San Francisco,Debit Card,10%
T4216,22-05-2020,P045,Vitamin C Serum,Skincare,2,25,50,C4216,28,Male,Seattle,Credit Card,5%
T1332,22-05-2020,P026,Muscle Relaxant Cream,Medicine,2,25,50,C1332,39,Male,San Francisco,Debit Card,15%
T3946,22-05-2020,P045,Vitamin C Serum,Skincare,3,25,75,C3946,20,Female,Seattle,Cash,0%
T2226,23-05-2020,P024,Collagen Powder,Supplement,2,30,60,C2226,27,Female,New York,Credit Card,15%
T1929,26-05-2020,P036,Tea Tree Oil,Skincare,4,12,48,C1929,62,Male,Chicago,Credit Card,0%
T2265,27-05-2020,P040,Hair Conditioner,Haircare,5,13,65,C2265,38,Female,Boston,Debit Card,5%
T0344,27-05-2020,P031,Hydration Powder,Nutrition,4,7,28,C0344,25,Male,Denver,Cash,15%
T1714,29-05-2020,P008,Fish Oil Capsules,Supplement,5,18,90,C1714,20,Male,New York,Debit Card,5%
T2273,29-05-2020,P015,Protein Powder,Nutrition,2,25,50,C2273,47,Female,Seattle,Credit Card,0%
T3565,29-05-2020,P045,Vitamin C Serum,Skincare,1,25,25,C3565,49,Female,Seattle,Credit Card,10%
T0020,30-05-2020,P041,Digestive Enzymes,Supplement,1,18,18,C0020,56,Male,Los Angeles,Cash,0%
T1130,31-05-2020,P010,Lip Balm,Skincare,2,7,14,C1130,24,Male,Houston,Credit Card,10%
T1099,31-05-2020,P047,Coconut Oil,Haircare,2,12,24,C1099,49,Male,Miami,Debit Card,15%
T0405,31-05-2020,P042,Green Tea Capsules,Supplement,3,10,30,C0405,18,Male,Houston,Debit Card,0%
T0318,31-05-2020,P005,Vitamin D3 Supplement,Supplement,3,12,36,C0318,31,Male,Boston,Cash,10%
T3192,01-06-2020,P012,Organic Face Wash,Skincare,2,10,20,C3192,35,Male,Houston,Credit Card,0%
T3038,01-06-2020,P017,Anti-Dandruff Shampoo,Haircare,4,14,56,C3038,32,Female,Chicago,Mobile Payment,0%
T1082,02-06-2020,P027,All-Purpose Ointment,Medicine,4,6,24,C1082,31,Male,Seattle,Mobile Payment,15%
T2930,03-06-2020,P019,Aloe Vera Gel,Skincare,2,8,16,C2930,46,Female,Chicago,Debit Card,15%
T0373,04-06-2020,P009,Antibacterial Handwash,Hygiene,3,5,15,C0373,20,Female,Denver,Cash,15%
T0216,04-06-2020,P038,Liver Health Supplement,Supplement,5,20,100,C0216,57,Female,Chicago,Mobile Payment,5%
T0061,05-06-2020,P042,Green Tea Capsules,Supplement,5,10,50,C0061,61,Female,Houston,Debit Card,5%
T3433,05-06-2020,P046,Sunblock Cream,Skincare,1,20,20,C3433,25,Female,Seattle,Debit Card,0%
T3475,05-06-2020,P018,Moisturizing Lotion,Skincare,2,18,36,C3475,47,Female,Chicago,Credit Card,15%
T1254,05-06-2020,P032,Caffeine Pills,Supplement,4,5,20,C1254,51,Female,Chicago,Debit Card,5%
T3738,05-06-2020,P049,Antifungal Powder,Medicine,5,10,50,C3738,51,Male,New York,Cash,10%
T3238,05-06-2020,P004,Anti-Allergy Cream,Skincare,4,25,100,C3238,47,Female,Seattle,Mobile Payment,10%
T2759,06-06-2020,P002,Multivitamin Tablet,Supplement,3,15,45,C2759,61,Male,Los Angeles,Cash,15%
T3016,07-06-2020,P015,Protein Powder,Nutrition,5,25,125,C3016,56,Female,Miami,Cash,5%
T2776,07-06-2020,P015,Protein Powder,Nutrition,1,25,25,C2776,35,Male,Los Angeles,Debit Card,5%
T1458,07-06-2020,P040,Hair Conditioner,Haircare,3,13,39,C1458,49,Female,Boston,Debit Card,5%
T2040,07-06-2020,P033,Foot Cream,Skincare,4,15,60,C2040,30,Female,Denver,Credit Card,0%
T3836,08-06-2020,P018,Moisturizing Lotion,Skincare,3,18,54,C3836,26,Female,Houston,Debit Card,0%
T1622,08-06-2020,P047,Coconut Oil,Haircare,4,12,48,C1622,20,Male,Seattle,Cash,0%
T3534,09-06-2020,P023,Acne Treatment Gel,Skincare,2,16,32,C3534,40,Female,Seattle,Debit Card,0%
T3647,09-06-2020,P036,Tea Tree Oil,Skincare,5,12,60,C3647,64,Male,Miami,Cash,10%
T0796,10-06-2020,P026,Muscle Relaxant Cream,Medicine,2,25,50,C0796,30,Female,Boston,Debit Card,10%
T1524,10-06-2020,P038,Liver Health Supplement,Supplement,5,20,100,C1524,42,Male,Seattle,Debit Card,5%
T4289,10-06-2020,P001,Pain Relief Capsule,Medicine,4,10,40,C4289,63,Male,Seattle,Mobile Payment,10%
T0612,11-06-2020,P011,Herbal Shampoo,Haircare,4,12,48,C0612,58,Female,Boston,Credit Card,0%
T0063,11-06-2020,P010,Lip Balm,Skincare,4,7,28,C0063,50,Male,Denver,Cash,0%
T1251,11-06-2020,P038,Liver Health Supplement,Supplement,2,20,40,C1251,32,Male,New York,Credit Card,5%
T1085,11-06-2020,P032,Caffeine Pills,Supplement,4,5,20,C1085,59,Female,Chicago,Credit Card,15%
T1150,12-06-2020,P036,Tea Tree Oil,Skincare,3,12,36,C1150,63,Female,Los Angeles,Cash,5%
T3019,12-06-2020,P033,Foot Cream,Skincare,5,15,75,C3019,49,Female,Denver,Mobile Payment,10%
T2468,12-06-2020,P039,Nasal Spray,Medicine,4,8,32,C2468,41,Male,San Francisco,Mobile Payment,5%
T3897,13-06-2020,P036,Tea Tree Oil,Skincare,3,12,36,C3897,37,Female,New York,Debit Card,5%
T0155,13-06-2020,P049,Antifungal Powder,Medicine,3,10,30,C0155,36,Male,Los Angeles,Mobile Payment,15%
T2867,14-06-2020,P029,Zinc Supplement,Supplement,1,10,10,C2867,54,Female,Houston,Cash,10%
T2092,14-06-2020,P028,Omega-3 Capsules,Supplement,1,22,22,C2092,59,Male,New York,Credit Card,5%
T1888,15-06-2020,P017,Anti-Dandruff Shampoo,Haircare,1,14,14,C1888,39,Male,Miami,Mobile Payment,5%
T2756,15-06-2020,P042,Green Tea Capsules,Supplement,4,10,40,C2756,63,Male,Chicago,Mobile Payment,10%
T3317,15-06-2020,P009,Antibacterial Handwash,Hygiene,4,5,20,C3317,65,Male,Chicago,Debit Card,15%
T1317,15-06-2020,P030,Heart Health Supplement,Supplement,4,35,140,C1317,60,Male,Boston,Debit Card,0%
T0971,16-06-2020,P019,Aloe Vera Gel,Skincare,1,8,8,C0971,56,Male,San Francisco,Mobile Payment,10%
T2712,16-06-2020,P002,Multivitamin Tablet,Supplement,3,15,45,C2712,29,Female,Boston,Cash,15%
T0750,17-06-2020,P022,Toothpaste,Hygiene,3,4,12,C0750,26,Male,New York,Mobile Payment,15%
T0016,17-06-2020,P012,Organic Face Wash,Skincare,4,10,40,C0016,52,Female,Los Angeles,Credit Card,15%
T2947,17-06-2020,P014,Calcium Tablets,Supplement,3,15,45,C2947,51,Female,Chicago,Credit Card,5%
T0739,17-06-2020,P020,Elderberry Syrup,Medicine,5,22,110,C0739,52,Female,Los Angeles,Mobile Payment,10%
T3487,18-06-2020,P001,Pain Relief Capsule,Medicine,1,10,10,C3487,58,Male,Los Angeles,Mobile Payment,10%
T3434,20-06-2020,P028,Omega-3 Capsules,Supplement,2,22,44,C3434,23,Female,Los Angeles,Credit Card,5%
T3459,20-06-2020,P028,Omega-3 Capsules,Supplement,4,22,88,C3459,51,Female,Seattle,Debit Card,10%
T2291,21-06-2020,P027,All-Purpose Ointment,Medicine,3,6,18,C2291,24,Male,Seattle,Mobile Payment,0%
T2654,21-06-2020,P010,Lip Balm,Skincare,4,7,28,C2654,41,Male,Los Angeles,Mobile Payment,15%
T3890,21-06-2020,P016,Energy Drink,Beverage,2,5,10,C3890,57,Female,New York,Cash,10%
T4679,21-06-2020,P029,Zinc Supplement,Supplement,4,10,40,C4679,53,Male,Miami,Debit Card,5%
T4560,22-06-2020,P021,Hand Sanitizer,Hygiene,1,3,3,C4560,49,Male,Chicago,Debit Card,0%
T2401,22-06-2020,P020,Elderberry Syrup,Medicine,5,22,110,C2401,53,Male,Seattle,Mobile Payment,5%
T1695,22-06-2020,P022,Toothpaste,Hygiene,1,4,4,C1695,57,Male,Denver,Debit Card,15%
T1394,22-06-2020,P019,Aloe Vera Gel,Skincare,1,8,8,C1394,56,Female,San Francisco,Mobile Payment,15%
T2372,23-06-2020,P045,Vitamin C Serum,Skincare,1,25,25,C2372,50,Female,Boston,Mobile Payment,5%
T0553,23-06-2020,P050,Ear Drops,Medicine,2,6,12,C0553,39,Female,Los Angeles,Credit Card,10%
T1559,23-06-2020,P035,Anti-Wrinkle Cream,Skincare,4,45,180,C1559,40,Male,Chicago,Debit Card,10%
T1954,24-06-2020,P029,Zinc Supplement,Supplement,2,10,20,C1954,18,Female,Chicago,Mobile Payment,15%
T1001,24-06-2020,P014,Calcium Tablets,Supplement,4,15,60,C1001,22,Female,San Francisco,Cash,0%
T1645,24-06-2020,P009,Antibacterial Handwash,Hygiene,5,5,25,C1645,27,Male,Seattle,Cash,15%
T2980,26-06-2020,P039,Nasal Spray,Medicine,5,8,40,C2980,27,Female,Boston,Credit Card,15%
T0086,27-06-2020,P037,Natural Deodorant,Hygiene,3,9,27,C0086,48,Male,Denver,Credit Card,15%
T4347,27-06-2020,P040,Hair Conditioner,Haircare,4,13,52,C4347,19,Female,Denver,Credit Card,0%
T0396,27-06-2020,P050,Ear Drops,Medicine,2,6,12,C0396,23,Female,Chicago,Mobile Payment,0%
T2622,28-06-2020,P033,Foot Cream,Skincare,3,15,45,C2622,41,Female,Denver,Mobile Payment,10%
T3358,28-06-2020,P021,Hand Sanitizer,Hygiene,1,3,3,C3358,35,Female,San Francisco,Cash,10%
T4036,28-06-2020,P035,Anti-Wrinkle Cream,Skincare,3,45,135,C4036,54,Male,Denver,Debit Card,5%
T0651,30-06-2020,P013,Probiotic Supplement,Supplement,5,20,100,C0651,63,Male,Miami,Credit Card,5%
T3484,30-06-2020,P026,Muscle Relaxant Cream,Medicine,5,25,125,C3484,26,Female,Houston,Debit Card,10%
T3379,30-06-2020,P004,Anti-Allergy Cream,Skincare,1,25,25,C3379,23,Female,New York,Cash,5%
T0939,30-06-2020,P048,Hydrocortisone Cream,Medicine,4,5,20,C0939,22,Male,Denver,Mobile Payment,15%
T3830,01-07-2020,P030,Heart Health Supplement,Supplement,5,35,175,C3830,59,Male,San Francisco,Cash,0%
T1754,02-07-2020,P040,Hair Conditioner,Haircare,4,13,52,C1754,53,Male,Miami,Debit Card,15%
T4350,04-07-2020,P047,Coconut Oil,Haircare,2,12,24,C4350,51,Female,Chicago,Debit Card,5%
T3678,05-07-2020,P029,Zinc Supplement,Supplement,2,10,20,C3678,27,Male,Boston,Mobile Payment,10%
T3956,05-07-2020,P036,Tea Tree Oil,Skincare,4,12,48,C3956,41,Female,Houston,Cash,5%
T4344,06-07-2020,P017,Anti-Dandruff Shampoo,Haircare,1,14,14,C4344,34,Male,San Francisco,Cash,0%
T3846,08-07-2020,P033,Foot Cream,Skincare,1,15,15,C3846,65,Female,New York,Debit Card,15%
T2517,09-07-2020,P008,Fish Oil Capsules,Supplement,2,18,36,C2517,29,Male,Seattle,Credit Card,15%
T0387,09-07-2020,P040,Hair Conditioner,Haircare,5,13,65,C0387,53,Male,Chicago,Credit Card,10%
T1554,09-07-2020,P009,Antibacterial Handwash,Hygiene,1,5,5,C1554,63,Female,San Francisco,Debit Card,5%
T1223,09-07-2020,P019,Aloe Vera Gel,Skincare,3,8,24,C1223,54,Male,New York,Debit Card,10%
T1501,09-07-2020,P015,Protein Powder,Nutrition,3,25,75,C1501,40,Male,San Francisco,Credit Card,5%
T3632,10-07-2020,P031,Hydration Powder,Nutrition,4,7,28,C3632,64,Female,San Francisco,Credit Card,0%
T4177,11-07-2020,P047,Coconut Oil,Haircare,3,12,36,C4177,26,Female,Miami,Debit Card,15%
T4142,11-07-2020,P032,Caffeine Pills,Supplement,5,5,25,C4142,46,Male,Denver,Debit Card,10%
T4092,11-07-2020,P046,Sunblock Cream,Skincare,4,20,80,C4092,54,Male,Seattle,Debit Card,10%
T3193,12-07-2020,P024,Collagen Powder,Supplement,5,30,150,C3193,61,Female,Seattle,Mobile Payment,15%
T4624,13-07-2020,P021,Hand Sanitizer,Hygiene,2,3,6,C4624,47,Male,Boston,Credit Card,5%
T4612,14-07-2020,P046,Sunblock Cream,Skincare,1,20,20,C4612,18,Male,Miami,Credit Card,0%
T2340,14-07-2020,P022,Toothpaste,Hygiene,2,4,8,C2340,52,Male,Houston,Cash,10%
T3802,15-07-2020,P003,Cold Syrup,Medicine,4,8,32,C3802,62,Male,Denver,Mobile Payment,0%
T2115,15-07-2020,P033,Foot Cream,Skincare,4,15,60,C2115,54,Female,Boston,Debit Card,15%
T1043,15-07-2020,P050,Ear Drops,Medicine,3,6,18,C1043,57,Male,Miami,Mobile Payment,15%
T4510,15-07-2020,P038,Liver Health Supplement,Supplement,4,20,80,C4510,35,Female,Los Angeles,Mobile Payment,15%
T2045,16-07-2020,P025,Eye Drops,Medicine,5,12,60,C2045,40,Female,San Francisco,Cash,0%
T1443,16-07-2020,P024,Collagen Powder,Supplement,3,30,90,C1443,43,Male,Denver,Cash,15%
T3584,17-07-2020,P009,Antibacterial Handwash,Hygiene,5,5,25,C3584,63,Female,Los Angeles,Credit Card,15%
T1642,17-07-2020,P046,Sunblock Cream,Skincare,1,20,20,C1642,22,Female,Los Angeles,Mobile Payment,5%
T4989,18-07-2020,P010,Lip Balm,Skincare,1,7,7,C4989,63,Female,Los Angeles,Debit Card,5%
T1125,18-07-2020,P030,Heart Health Supplement,Supplement,3,35,105,C1125,22,Female,Seattle,Mobile Payment,5%
T3572,19-07-2020,P036,Tea Tree Oil,Skincare,5,12,60,C3572,27,Male,Denver,Debit Card,10%
T2507,19-07-2020,P014,Calcium Tablets,Supplement,1,15,15,C2507,37,Male,Los Angeles,Debit Card,0%
T1991,19-07-2020,P049,Antifungal Powder,Medicine,5,10,50,C1991,46,Female,Los Angeles,Credit Card,5%
T2059,19-07-2020,P029,Zinc Supplement,Supplement,3,10,30,C2059,23,Male,Los Angeles,Credit Card,10%
T1896,20-07-2020,P025,Eye Drops,Medicine,4,12,48,C1896,27,Female,Chicago,Credit Card,10%
T4755,20-07-2020,P003,Cold Syrup,Medicine,4,8,32,C4755,59,Male,Denver,Debit Card,10%
T1145,21-07-2020,P022,Toothpaste,Hygiene,1,4,4,C1145,28,Male,New York,Cash,10%
T0810,22-07-2020,P043,Pain Relief Patch,Medicine,3,7,21,C0810,65,Male,Chicago,Credit Card,5%
T3714,22-07-2020,P020,Elderberry Syrup,Medicine,1,22,22,C3714,55,Male,San Francisco,Cash,10%
T1084,24-07-2020,P039,Nasal Spray,Medicine,3,8,24,C1084,44,Male,Boston,Mobile Payment,15%
T0323,24-07-2020,P008,Fish Oil Capsules,Supplement,3,18,54,C0323,55,Female,Denver,Mobile Payment,10%
T2038,24-07-2020,P016,Energy Drink,Beverage,1,5,5,C2038,59,Female,San Francisco,Debit Card,15%
T2570,25-07-2020,P035,Anti-Wrinkle Cream,Skincare,5,45,225,C2570,45,Female,San Francisco,Credit Card,0%
T3184,25-07-2020,P030,Heart Health Supplement,Supplement,2,35,70,C3184,39,Male,Los Angeles,Mobile Payment,0%
T0816,25-07-2020,P015,Protein Powder,Nutrition,1,25,25,C0816,64,Male,Miami,Cash,15%
T2308,25-07-2020,P017,Anti-Dandruff Shampoo,Haircare,2,14,28,C2308,29,Male,Los Angeles,Mobile Payment,0%
T2246,26-07-2020,P021,Hand Sanitizer,Hygiene,2,3,6,C2246,35,Male,Seattle,Debit Card,5%
T4722,26-07-2020,P028,Omega-3 Capsules,Supplement,5,22,110,C4722,54,Female,New York,Credit Card,0%
T1983,26-07-2020,P030,Heart Health Supplement,Supplement,1,35,35,C1983,30,Male,Denver,Cash,0%
T4118,26-07-2020,P039,Nasal Spray,Medicine,1,8,8,C4118,20,Male,San Francisco,Mobile Payment,15%
T3412,27-07-2020,P021,Hand Sanitizer,Hygiene,4,3,12,C3412,19,Male,New York,Credit Card,10%
T2293,27-07-2020,P020,Elderberry Syrup,Medicine,4,22,88,C2293,52,Male,Los Angeles,Cash,10%
T2131,27-07-2020,P039,Nasal Spray,Medicine,3,8,24,C2131,35,Male,Miami,Mobile Payment,0%
T1809,28-07-2020,P017,Anti-Dandruff Shampoo,Haircare,2,14,28,C1809,52,Male,San Francisco,Mobile Payment,5%
T4459,28-07-2020,P031,Hydration Powder,Nutrition,2,7,14,C4459,61,Female,Boston,Mobile Payment,15%
T4065,29-07-2020,P050,Ear Drops,Medicine,1,6,6,C4065,46,Male,New York,Cash,5%
T0358,30-07-2020,P005,Vitamin D3 Supplement,Supplement,4,12,48,C0358,47,Male,Boston,Mobile Payment,10%
T3436,31-07-2020,P035,Anti-Wrinkle Cream,Skincare,3,45,135,C3436,51,Male,Miami,Credit Card,15%
T2556,31-07-2020,P033,Foot Cream,Skincare,4,15,60,C2556,31,Female,New York,Debit Card,10%
T2645,31-07-2020,P042,Green Tea Capsules,Supplement,3,10,30,C2645,29,Male,Boston,Debit Card,5%
T1159,31-07-2020,P038,Liver Health Supplement,Supplement,1,20,20,C1159,46,Female,Chicago,Cash,15%
T2450,01-08-2020,P042,Green Tea Capsules,Supplement,3,10,30,C2450,23,Female,Seattle,Credit Card,5%
T1372,01-08-2020,P012,Organic Face Wash,Skincare,5,10,50,C1372,44,Male,Houston,Credit Card,5%
T3676,02-08-2020,P024,Collagen Powder,Supplement,2,30,60,C3676,57,Female,San Francisco,Credit Card,15%
T4506,03-08-2020,P026,Muscle Relaxant Cream,Medicine,3,25,75,C4506,18,Female,San Francisco,Credit Card,10%
T4743,03-08-2020,P013,Probiotic Supplement,Supplement,4,20,80,C4743,28,Female,Boston,Debit Card,10%
T0301,03-08-2020,P002,Multivitamin Tablet,Supplement,4,15,60,C0301,54,Male,Denver,Credit Card,5%
T1475,04-08-2020,P021,Hand Sanitizer,Hygiene,5,3,15,C1475,48,Male,Houston,Cash,0%
T1629,05-08-2020,P030,Heart Health Supplement,Supplement,5,35,175,C1629,53,Male,San Francisco,Credit Card,10%
T3639,08-08-2020,P041,Digestive Enzymes,Supplement,2,18,36,C3639,33,Female,New York,Mobile Payment,0%
T4170,09-08-2020,P037,Natural Deodorant,Hygiene,2,9,18,C4170,59,Female,Los Angeles,Credit Card,15%
T3549,09-08-2020,P050,Ear Drops,Medicine,5,6,30,C3549,51,Female,Miami,Debit Card,5%
T0547,09-08-2020,P048,Hydrocortisone Cream,Medicine,2,5,10,C0547,43,Male,San Francisco,Debit Card,10%
T2392,09-08-2020,P009,Antibacterial Handwash,Hygiene,1,5,5,C2392,44,Female,Los Angeles,Mobile Payment,10%
T3829,10-08-2020,P031,Hydration Powder,Nutrition,3,7,21,C3829,65,Male,New York,Mobile Payment,0%
T4101,10-08-2020,P036,Tea Tree Oil,Skincare,3,12,36,C4101,63,Female,Boston,Cash,15%
T0565,11-08-2020,P003,Cold Syrup,Medicine,3,8,24,C0565,49,Female,New York,Mobile Payment,5%
T4154,11-08-2020,P007,Diabetic Test Strips,Medical Equipment,3,50,150,C4154,39,Female,Seattle,Credit Card,5%
T3477,12-08-2020,P036,Tea Tree Oil,Skincare,4,12,48,C3477,32,Male,Miami,Mobile Payment,5%
T4963,12-08-2020,P037,Natural Deodorant,Hygiene,3,9,27,C4963,33,Male,Denver,Credit Card,5%
T4476,12-08-2020,P026,Muscle Relaxant Cream,Medicine,1,25,25,C4476,20,Female,San Francisco,Cash,10%
T0836,12-08-2020,P035,Anti-Wrinkle Cream,Skincare,3,45,135,C0836,31,Female,New York,Mobile Payment,10%
T3034,13-08-2020,P040,Hair Conditioner,Haircare,1,13,13,C3034,46,Female,Denver,Cash,5%
T4694,13-08-2020,P028,Omega-3 Capsules,Supplement,5,22,110,C4694,30,Female,San Francisco,Cash,0%
T3763,14-08-2020,P048,Hydrocortisone Cream,Medicine,5,5,25,C3763,35,Male,Seattle,Debit Card,15%
T4817,14-08-2020,P027,All-Purpose Ointment,Medicine,2,6,12,C4817,36,Female,Seattle,Debit Card,5%
T2236,14-08-2020,P036,Tea Tree Oil,Skincare,2,12,24,C2236,28,Male,Miami,Debit Card,0%
T0239,14-08-2020,P005,Vitamin D3 Supplement,Supplement,2,12,24,C0239,40,Female,Chicago,Mobile Payment,0%
T0438,15-08-2020,P016,Energy Drink,Beverage,1,5,5,C0438,53,Female,San Francisco,Debit Card,15%
T1442,16-08-2020,P002,Multivitamin Tablet,Supplement,2,15,30,C1442,34,Male,San Francisco,Cash,15%
T3758,16-08-2020,P003,Cold Syrup,Medicine,2,8,16,C3758,27,Female,Denver,Debit Card,15%
T3015,17-08-2020,P008,Fish Oil Capsules,Supplement,2,18,36,C3015,25,Male,Houston,Debit Card,0%
T1201,17-08-2020,P001,Pain Relief Capsule,Medicine,4,10,40,C1201,24,Female,Houston,Mobile Payment,5%
T3502,17-08-2020,P015,Protein Powder,Nutrition,4,25,100,C3502,47,Female,Houston,Credit Card,5%
T0382,18-08-2020,P023,Acne Treatment Gel,Skincare,5,16,80,C0382,40,Male,Miami,Cash,5%
T4404,18-08-2020,P014,Calcium Tablets,Supplement,5,15,75,C4404,54,Female,Boston,Credit Card,15%
T4441,18-08-2020,P012,Organic Face Wash,Skincare,1,10,10,C4441,28,Female,Los Angeles,Debit Card,0%
T0713,18-08-2020,P024,Collagen Powder,Supplement,3,30,90,C0713,33,Male,Boston,Credit Card,0%
T1169,18-08-2020,P003,Cold Syrup,Medicine,1,8,8,C1169,54,Female,Denver,Mobile Payment,10%
T3833,18-08-2020,P009,Antibacterial Handwash,Hygiene,5,5,25,C3833,59,Male,Seattle,Cash,10%
T4499,20-08-2020,P037,Natural Deodorant,Hygiene,4,9,36,C4499,35,Female,San Francisco,Mobile Payment,0%
T1977,21-08-2020,P009,Antibacterial Handwash,Hygiene,3,5,15,C1977,39,Male,Seattle,Cash,0%
T0658,21-08-2020,P038,Liver Health Supplement,Supplement,1,20,20,C0658,50,Female,New York,Credit Card,15%
T2768,21-08-2020,P001,Pain Relief Capsule,Medicine,1,10,10,C2768,38,Female,San Francisco,Credit Card,15%
T4708,21-08-2020,P007,Diabetic Test Strips,Medical Equipment,3,50,150,C4708,30,Female,Houston,Cash,5%
T2237,21-08-2020,P009,Antibacterial Handwash,Hygiene,3,5,15,C2237,20,Male,Denver,Credit Card,10%
T4426,21-08-2020,P028,Omega-3 Capsules,Supplement,3,22,66,C4426,19,Male,Chicago,Credit Card,5%
T3120,23-08-2020,P016,Energy Drink,Beverage,5,5,25,C3120,22,Male,New York,Debit Card,0%
T1409,23-08-2020,P031,Hydration Powder,Nutrition,5,7,35,C1409,38,Female,San Francisco,Debit Card,0%
T4648,23-08-2020,P019,Aloe Vera Gel,Skincare,3,8,24,C4648,62,Male,New York,Credit Card,10%
T0312,24-08-2020,P042,Green Tea Capsules,Supplement,2,10,20,C0312,27,Male,Denver,Cash,10%
T3601,24-08-2020,P004,Anti-Allergy Cream,Skincare,5,25,125,C3601,65,Male,Miami,Debit Card,5%
T3208,24-08-2020,P011,Herbal Shampoo,Haircare,4,12,48,C3208,64,Male,Chicago,Credit Card,10%
T3947,24-08-2020,P009,Antibacterial Handwash,Hygiene,2,5,10,C3947,41,Female,Los Angeles,Credit Card,5%
T2606,25-08-2020,P018,Moisturizing Lotion,Skincare,3,18,54,C2606,51,Male,San Francisco,Mobile Payment,15%
T2890,26-08-2020,P030,Heart Health Supplement,Supplement,4,35,140,C2890,61,Female,Chicago,Mobile Payment,15%
T3059,26-08-2020,P001,Pain Relief Capsule,Medicine,3,10,30,C3059,40,Female,Chicago,Cash,5%
T1749,27-08-2020,P004,Anti-Allergy Cream,Skincare,2,25,50,C1749,52,Female,San Francisco,Debit Card,5%
T2190,27-08-2020,P043,Pain Relief Patch,Medicine,1,7,7,C2190,51,Female,Houston,Debit Card,15%
T0830,27-08-2020,P034,Hair Growth Serum,Haircare,2,28,56,C0830,42,Male,Denver,Credit Card,0%
T1705,29-08-2020,P035,Anti-Wrinkle Cream,Skincare,1,45,45,C1705,53,Female,Seattle,Debit Card,15%
T4343,29-08-2020,P018,Moisturizing Lotion,Skincare,1,18,18,C4343,24,Male,Miami,Debit Card,15%
T4930,29-08-2020,P006,Cough Drops,Medicine,4,2.5,10,C4930,50,Male,Seattle,Mobile Payment,5%
T0989,31-08-2020,P029,Zinc Supplement,Supplement,5,10,50,C0989,54,Female,Houston,Cash,5%
T0635,31-08-2020,P032,Caffeine Pills,Supplement,4,5,20,C0635,25,Female,Boston,Debit Card,5%
T2200,02-09-2020,P033,Foot Cream,Skincare,1,15,15,C2200,36,Male,Houston,Debit Card,15%
T1785,02-09-2020,P003,Cold Syrup,Medicine,2,8,16,C1785,55,Female,Seattle,Mobile Payment,5%
T0637,04-09-2020,P005,Vitamin D3 Supplement,Supplement,3,12,36,C0637,45,Male,San Francisco,Cash,5%
T3149,05-09-2020,P022,Toothpaste,Hygiene,5,4,20,C3149,28,Male,Chicago,Cash,0%
T3563,06-09-2020,P009,Antibacterial Handwash,Hygiene,5,5,25,C3563,63,Male,Miami,Credit Card,10%
T1842,07-09-2020,P034,Hair Growth Serum,Haircare,4,28,112,C1842,34,Male,Seattle,Credit Card,15%
T1740,07-09-2020,P019,Aloe Vera Gel,Skincare,4,8,32,C1740,57,Male,Boston,Debit Card,15%
T1181,07-09-2020,P003,Cold Syrup,Medicine,3,8,24,C1181,32,Female,Seattle,Mobile Payment,0%
T4221,08-09-2020,P031,Hydration Powder,Nutrition,3,7,21,C4221,28,Male,Seattle,Credit Card,10%
T1369,09-09-2020,P005,Vitamin D3 Supplement,Supplement,2,12,24,C1369,47,Male,Miami,Debit Card,0%
T0572,09-09-2020,P041,Digestive Enzymes,Supplement,3,18,54,C0572,62,Female,Los Angeles,Credit Card,0%
T3628,10-09-2020,P050,Ear Drops,Medicine,3,6,18,C3628,55,Male,Los Angeles,Credit Card,5%
T2276,10-09-2020,P012,Organic Face Wash,Skincare,2,10,20,C2276,43,Male,Seattle,Cash,5%
T0115,10-09-2020,P001,Pain Relief Capsule,Medicine,1,10,10,C0115,54,Female,San Francisco,Mobile Payment,10%
T1420,10-09-2020,P021,Hand Sanitizer,Hygiene,3,3,9,C1420,53,Female,San Francisco,Cash,0%
T0376,10-09-2020,P040,Hair Conditioner,Haircare,1,13,13,C0376,59,Male,New York,Debit Card,0%
T3285,11-09-2020,P006,Cough Drops,Medicine,2,2.5,5,C3285,56,Male,Los Angeles,Debit Card,0%
T3559,12-09-2020,P022,Toothpaste,Hygiene,2,4,8,C3559,23,Female,Houston,Credit Card,0%
T4549,12-09-2020,P025,Eye Drops,Medicine,1,12,12,C4549,64,Female,Denver,Credit Card,0%
T2305,12-09-2020,P011,Herbal Shampoo,Haircare,4,12,48,C2305,21,Female,Los Angeles,Cash,15%
T1751,12-09-2020,P026,Muscle Relaxant Cream,Medicine,3,25,75,C1751,37,Female,Los Angeles,Debit Card,10%
T4877,13-09-2020,P028,Omega-3 Capsules,Supplement,2,22,44,C4877,31,Female,Miami,Debit Card,15%
T1932,13-09-2020,P016,Energy Drink,Beverage,5,5,25,C1932,52,Female,Los Angeles,Debit Card,10%
T2146,13-09-2020,P007,Diabetic Test Strips,Medical Equipment,3,50,150,C2146,31,Female,Chicago,Cash,15%
T3720,14-09-2020,P028,Omega-3 Capsules,Supplement,5,22,110,C3720,46,Male,New York,Cash,5%
T0863,14-09-2020,P035,Anti-Wrinkle Cream,Skincare,2,45,90,C0863,50,Female,Boston,Debit Card,5%
T0194,16-09-2020,P045,Vitamin C Serum,Skincare,5,25,125,C0194,48,Female,Miami,Cash,5%
T0686,16-09-2020,P034,Hair Growth Serum,Haircare,3,28,84,C0686,59,Female,San Francisco,Mobile Payment,5%
T1611,16-09-2020,P042,Green Tea Capsules,Supplement,3,10,30,C1611,29,Female,New York,Debit Card,15%
T4371,16-09-2020,P009,Antibacterial Handwash,Hygiene,4,5,20,C4371,44,Female,San Francisco,Mobile Payment,10%
T3774,17-09-2020,P042,Green Tea Capsules,Supplement,4,10,40,C3774,49,Female,Denver,Debit Card,5%
T0308,18-09-2020,P020,Elderberry Syrup,Medicine,2,22,44,C0308,25,Male,New York,Debit Card,15%
T3156,18-09-2020,P039,Nasal Spray,Medicine,1,8,8,C3156,64,Female,Denver,Cash,5%
T4197,18-09-2020,P036,Tea Tree Oil,Skincare,4,12,48,C4197,64,Female,Los Angeles,Cash,5%
T0967,18-09-2020,P024,Collagen Powder,Supplement,4,30,120,C0967,32,Male,Houston,Credit Card,15%
T3247,18-09-2020,P004,Anti-Allergy Cream,Skincare,1,25,25,C3247,38,Male,Denver,Mobile Payment,0%
T3845,19-09-2020,P025,Eye Drops,Medicine,3,12,36,C3845,60,Female,Seattle,Debit Card,15%
T1924,19-09-2020,P050,Ear Drops,Medicine,2,6,12,C1924,18,Female,Chicago,Credit Card,10%
T1839,19-09-2020,P026,Muscle Relaxant Cream,Medicine,1,25,25,C1839,37,Male,Boston,Mobile Payment,15%
T2725,19-09-2020,P010,Lip Balm,Skincare,4,7,28,C2725,20,Female,New York,Mobile Payment,0%
T1700,20-09-2020,P036,Tea Tree Oil,Skincare,5,12,60,C1700,53,Female,Los Angeles,Credit Card,15%
T0545,20-09-2020,P033,Foot Cream,Skincare,1,15,15,C0545,23,Male,Miami,Debit Card,5%
T2805,20-09-2020,P037,Natural Deodorant,Hygiene,1,9,9,C2805,21,Female,New York,Debit Card,5%
T0229,20-09-2020,P030,Heart Health Supplement,Supplement,1,35,35,C0229,56,Male,San Francisco,Cash,0%
T2057,20-09-2020,P044,Joint Health Tablets,Supplement,5,32,160,C2057,24,Male,New York,Credit Card,0%
T1397,21-09-2020,P021,Hand Sanitizer,Hygiene,4,3,12,C1397,26,Female,Boston,Credit Card,5%
T0125,21-09-2020,P010,Lip Balm,Skincare,5,7,35,C0125,48,Female,Chicago,Mobile Payment,10%
T2741,22-09-2020,P033,Foot Cream,Skincare,3,15,45,C2741,42,Female,Boston,Credit Card,5%
T3629,22-09-2020,P004,Anti-Allergy Cream,Skincare,5,25,125,C3629,50,Male,Seattle,Mobile Payment,0%
T0743,22-09-2020,P034,Hair Growth Serum,Haircare,3,28,84,C0743,29,Female,San Francisco,Mobile Payment,0%
T3351,23-09-2020,P003,Cold Syrup,Medicine,3,8,24,C3351,48,Male,Los Angeles,Debit Card,10%
T1164,23-09-2020,P014,Calcium Tablets,Supplement,5,15,75,C1164,41,Male,Chicago,Credit Card,5%
T0247,23-09-2020,P028,Omega-3 Capsules,Supplement,3,22,66,C0247,25,Male,New York,Cash,10%
T4044,23-09-2020,P035,Anti-Wrinkle Cream,Skincare,5,45,225,C4044,45,Female,Boston,Credit Card,5%
T2008,24-09-2020,P034,Hair Growth Serum,Haircare,3,28,84,C2008,19,Female,Los Angeles,Debit Card,10%
T0647,24-09-2020,P036,Tea Tree Oil,Skincare,1,12,12,C0647,18,Male,Miami,Credit Card,15%
T0922,25-09-2020,P005,Vitamin D3 Supplement,Supplement,2,12,24,C0922,61,Female,Seattle,Credit Card,5%
T0058,25-09-2020,P006,Cough Drops,Medicine,2,2.5,5,C0058,64,Male,New York,Credit Card,0%
T3032,25-09-2020,P034,Hair Growth Serum,Haircare,4,28,112,C3032,38,Male,Miami,Cash,0%
T2694,25-09-2020,P016,Energy Drink,Beverage,5,5,25,C2694,61,Female,Seattle,Mobile Payment,5%
T3083,25-09-2020,P043,Pain Relief Patch,Medicine,3,7,21,C3083,31,Male,New York,Cash,15%
T4053,26-09-2020,P019,Aloe Vera Gel,Skincare,3,8,24,C4053,33,Male,Denver,Cash,0%
T4160,27-09-2020,P047,Coconut Oil,Haircare,1,12,12,C4160,34,Female,San Francisco,Debit Card,10%
T1373,27-09-2020,P002,Multivitamin Tablet,Supplement,2,15,30,C1373,46,Male,Los Angeles,Mobile Payment,5%
T3365,30-09-2020,P024,Collagen Powder,Supplement,4,30,120,C3365,38,Female,San Francisco,Cash,15%
T2747,30-09-2020,P020,Elderberry Syrup,Medicine,2,22,44,C2747,32,Female,Houston,Mobile Payment,5%
T2029,30-09-2020,P033,Foot Cream,Skincare,2,15,30,C2029,24,Female,Denver,Debit Card,15%
T0798,01-10-2020,P004,Anti-Allergy Cream,Skincare,5,25,125,C0798,26,Male,Chicago,Credit Card,15%
T1121,01-10-2020,P037,Natural Deodorant,Hygiene,5,9,45,C1121,49,Female,Seattle,Credit Card,10%
T2052,01-10-2020,P003,Cold Syrup,Medicine,4,8,32,C2052,30,Male,San Francisco,Cash,5%
T0416,01-10-2020,P006,Cough Drops,Medicine,2,2.5,5,C0416,61,Male,Seattle,Mobile Payment,5%
T1547,01-10-2020,P025,Eye Drops,Medicine,3,12,36,C1547,25,Female,Chicago,Mobile Payment,0%
T1587,01-10-2020,P024,Collagen Powder,Supplement,1,30,30,C1587,22,Male,New York,Cash,10%
T1570,02-10-2020,P007,Diabetic Test Strips,Medical Equipment,2,50,100,C1570,36,Male,Seattle,Credit Card,15%
T0089,03-10-2020,P011,Herbal Shampoo,Haircare,2,12,24,C0089,40,Male,Houston,Cash,5%
T3355,03-10-2020,P035,Anti-Wrinkle Cream,Skincare,5,45,225,C3355,61,Male,Denver,Debit Card,15%
T3928,04-10-2020,P031,Hydration Powder,Nutrition,2,7,14,C3928,61,Male,Houston,Mobile Payment,5%
T0654,04-10-2020,P003,Cold Syrup,Medicine,3,8,24,C0654,32,Female,Miami,Debit Card,5%
T2743,04-10-2020,P034,Hair Growth Serum,Haircare,4,28,112,C2743,19,Male,Denver,Credit Card,10%
T0324,05-10-2020,P021,Hand Sanitizer,Hygiene,2,3,6,C0324,30,Female,San Francisco,Debit Card,5%
T1069,05-10-2020,P038,Liver Health Supplement,Supplement,1,20,20,C1069,20,Male,Boston,Debit Card,0%
T4948,05-10-2020,P016,Energy Drink,Beverage,5,5,25,C4948,39,Male,Chicago,Mobile Payment,0%
T3366,05-10-2020,P020,Elderberry Syrup,Medicine,2,22,44,C3366,29,Female,Houston,Credit Card,15%
T1261,05-10-2020,P036,Tea Tree Oil,Skincare,1,12,12,C1261,22,Male,Chicago,Mobile Payment,5%
T4881,06-10-2020,P005,Vitamin D3 Supplement,Supplement,2,12,24,C4881,41,Female,Miami,Mobile Payment,10%
T2088,06-10-2020,P014,Calcium Tablets,Supplement,4,15,60,C2088,47,Male,Miami,Credit Card,10%
T2962,07-10-2020,P040,Hair Conditioner,Haircare,3,13,39,C2962,35,Female,Denver,Cash,5%
T1787,07-10-2020,P050,Ear Drops,Medicine,3,6,18,C1787,38,Male,Miami,Cash,0%
T0864,07-10-2020,P006,Cough Drops,Medicine,4,2.5,10,C0864,57,Female,Miami,Cash,5%
T0345,08-10-2020,P018,Moisturizing Lotion,Skincare,5,18,90,C0345,26,Male,San Francisco,Mobile Payment,10%
T2513,08-10-2020,P005,Vitamin D3 Supplement,Supplement,2,12,24,C2513,40,Male,Boston,Debit Card,15%
T0500,09-10-2020,P046,Sunblock Cream,Skincare,5,20,100,C0500,36,Male,Boston,Credit Card,5%
T1360,09-10-2020,P049,Antifungal Powder,Medicine,1,10,10,C1360,36,Male,Boston,Mobile Payment,10%
T2203,09-10-2020,P031,Hydration Powder,Nutrition,3,7,21,C2203,63,Female,Boston,Credit Card,5%
T1633,10-10-2020,P047,Coconut Oil,Haircare,3,12,36,C1633,39,Female,San Francisco,Credit Card,5%
T1742,10-10-2020,P022,Toothpaste,Hygiene,4,4,16,C1742,62,Male,Los Angeles,Mobile Payment,5%
T1955,10-10-2020,P049,Antifungal Powder,Medicine,5,10,50,C1955,51,Female,Los Angeles,Mobile Payment,0%
T4609,10-10-2020,P048,Hydrocortisone Cream,Medicine,4,5,20,C4609,35,Male,San Francisco,Debit Card,0%
T3777,11-10-2020,P034,Hair Growth Serum,Haircare,1,28,28,C3777,22,Male,Boston,Cash,10%
T4840,11-10-2020,P002,Multivitamin Tablet,Supplement,3,15,45,C4840,54,Male,Seattle,Mobile Payment,15%
T2177,12-10-2020,P037,Natural Deodorant,Hygiene,3,9,27,C2177,45,Female,New York,Mobile Payment,5%
T3981,13-10-2020,P031,Hydration Powder,Nutrition,5,7,35,C3981,31,Female,New York,Debit Card,5%
T2924,13-10-2020,P006,Cough Drops,Medicine,5,2.5,12.5,C2924,30,Female,Chicago,Mobile Payment,0%
T4091,13-10-2020,P018,Moisturizing Lotion,Skincare,2,18,36,C4091,45,Male,Boston,Debit Card,0%
T2338,13-10-2020,P024,Collagen Powder,Supplement,5,30,150,C2338,39,Male,Miami,Credit Card,5%
T0482,13-10-2020,P005,Vitamin D3 Supplement,Supplement,4,12,48,C0482,28,Male,Los Angeles,Mobile Payment,15%
T0449,14-10-2020,P049,Antifungal Powder,Medicine,2,10,20,C0449,49,Male,Los Angeles,Cash,5%
T4326,14-10-2020,P021,Hand Sanitizer,Hygiene,3,3,9,C4326,54,Male,New York,Credit Card,15%
T4202,14-10-2020,P026,Muscle Relaxant Cream,Medicine,3,25,75,C4202,18,Female,Seattle,Cash,10%
T3332,15-10-2020,P037,Natural Deodorant,Hygiene,5,9,45,C3332,61,Male,Boston,Cash,10%
T0594,15-10-2020,P014,Calcium Tablets,Supplement,5,15,75,C0594,61,Male,Houston,Cash,5%
T1456,16-10-2020,P034,Hair Growth Serum,Haircare,3,28,84,C1456,57,Female,Chicago,Debit Card,10%
T3438,16-10-2020,P002,Multivitamin Tablet,Supplement,1,15,15,C3438,55,Male,Houston,Credit Card,0%
T1484,17-10-2020,P013,Probiotic Supplement,Supplement,4,20,80,C1484,56,Female,Denver,Debit Card,10%
T4856,17-10-2020,P029,Zinc Supplement,Supplement,1,10,10,C4856,40,Female,Miami,Credit Card,15%
T2526,17-10-2020,P039,Nasal Spray,Medicine,1,8,8,C2526,52,Female,Seattle,Credit Card,15%
T3798,18-10-2020,P041,Digestive Enzymes,Supplement,3,18,54,C3798,33,Female,Seattle,Cash,5%
T3498,18-10-2020,P007,Diabetic Test Strips,Medical Equipment,1,50,50,C3498,23,Female,Houston,Cash,5%
T2375,19-10-2020,P035,Anti-Wrinkle Cream,Skincare,2,45,90,C2375,49,Female,Houston,Credit Card,15%
T4128,19-10-2020,P002,Multivitamin Tablet,Supplement,5,15,75,C4128,31,Female,Houston,Cash,10%
T0534,20-10-2020,P024,Collagen Powder,Supplement,3,30,90,C0534,39,Female,New York,Cash,15%
T2316,20-10-2020,P038,Liver Health Supplement,Supplement,1,20,20,C2316,55,Male,San Francisco,Debit Card,10%
T0497,21-10-2020,P013,Probiotic Supplement,Supplement,3,20,60,C0497,53,Female,Miami,Cash,10%
T4256,21-10-2020,P028,Omega-3 Capsules,Supplement,3,22,66,C4256,27,Male,Houston,Debit Card,0%
T3452,22-10-2020,P030,Heart Health Supplement,Supplement,4,35,140,C3452,20,Female,Miami,Debit Card,0%
T2405,23-10-2020,P005,Vitamin D3 Supplement,Supplement,5,12,60,C2405,57,Female,Houston,Debit Card,10%
T1359,23-10-2020,P008,Fish Oil Capsules,Supplement,1,18,18,C1359,47,Male,Houston,Credit Card,5%
T0978,23-10-2020,P011,Herbal Shampoo,Haircare,1,12,12,C0978,45,Female,Seattle,Credit Card,15%
T0787,24-10-2020,P022,Toothpaste,Hygiene,5,4,20,C0787,20,Female,Boston,Debit Card,5%
T0145,24-10-2020,P050,Ear Drops,Medicine,1,6,6,C0145,23,Female,New York,Debit Card,0%
T1141,24-10-2020,P012,Organic Face Wash,Skincare,1,10,10,C1141,42,Male,Denver,Credit Card,15%
T3722,24-10-2020,P035,Anti-Wrinkle Cream,Skincare,2,45,90,C3722,31,Male,New York,Mobile Payment,15%
T4669,24-10-2020,P037,Natural Deodorant,Hygiene,5,9,45,C4669,28,Female,New York,Cash,5%
T0244,26-10-2020,P020,Elderberry Syrup,Medicine,4,22,88,C0244,62,Female,Houston,Cash,15%
T2288,26-10-2020,P038,Liver Health Supplement,Supplement,5,20,100,C2288,41,Male,Houston,Cash,0%
T3918,27-10-2020,P050,Ear Drops,Medicine,1,6,6,C3918,41,Male,Denver,Debit Card,5%
T0172,27-10-2020,P043,Pain Relief Patch,Medicine,5,7,35,C0172,19,Male,Los Angeles,Cash,15%
T4422,27-10-2020,P010,Lip Balm,Skincare,4,7,28,C4422,35,Male,Los Angeles,Credit Card,10%
T3463,28-10-2020,P031,Hydration Powder,Nutrition,3,7,21,C3463,19,Female,Miami,Debit Card,5%
T1237,28-10-2020,P008,Fish Oil Capsules,Supplement,5,18,90,C1237,58,Female,Boston,Cash,15%
T4074,29-10-2020,P042,Green Tea Capsules,Supplement,3,10,30,C4074,42,Female,Seattle,Cash,0%
T1437,29-10-2020,P033,Foot Cream,Skincare,3,15,45,C1437,57,Male,Houston,Debit Card,15%
T0435,30-10-2020,P001,Pain Relief Capsule,Medicine,3,10,30,C0435,47,Male,Chicago,Cash,15%
T0767,30-10-2020,P026,Muscle Relaxant Cream,Medicine,1,25,25,C0767,52,Female,Miami,Mobile Payment,5%
T1632,30-10-2020,P003,Cold Syrup,Medicine,5,8,40,C1632,26,Female,Los Angeles,Credit Card,15%
T3451,31-10-2020,P042,Green Tea Capsules,Supplement,3,10,30,C3451,63,Male,Boston,Mobile Payment,0%
T3989,31-10-2020,P032,Caffeine Pills,Supplement,2,5,10,C3989,60,Male,Miami,Mobile Payment,10%
T4556,01-11-2020,P022,Toothpaste,Hygiene,2,4,8,C4556,53,Male,Miami,Mobile Payment,15%
T4016,01-11-2020,P044,Joint Health Tablets,Supplement,5,32,160,C4016,65,Female,Denver,Cash,15%
T0850,03-11-2020,P031,Hydration Powder,Nutrition,1,7,7,C0850,31,Female,New York,Debit Card,5%
T4267,03-11-2020,P029,Zinc Supplement,Supplement,3,10,30,C4267,46,Male,Chicago,Credit Card,10%
T2826,03-11-2020,P028,Omega-3 Capsules,Supplement,4,22,88,C2826,31,Female,Denver,Mobile Payment,15%
T2560,04-11-2020,P046,Sunblock Cream,Skincare,3,20,60,C2560,52,Male,Denver,Debit Card,0%
T1405,04-11-2020,P005,Vitamin D3 Supplement,Supplement,4,12,48,C1405,31,Female,New York,Credit Card,0%
T2677,04-11-2020,P016,Energy Drink,Beverage,4,5,20,C2677,43,Male,San Francisco,Debit Card,10%
T3049,05-11-2020,P048,Hydrocortisone Cream,Medicine,1,5,5,C3049,39,Female,Seattle,Credit Card,15%
T3527,05-11-2020,P010,Lip Balm,Skincare,2,7,14,C3527,18,Male,New York,Cash,10%
T3668,05-11-2020,P005,Vitamin D3 Supplement,Supplement,3,12,36,C3668,53,Female,Denver,Mobile Payment,10%
T2352,05-11-2020,P040,Hair Conditioner,Haircare,1,13,13,C2352,20,Female,Houston,Debit Card,15%
T1488,05-11-2020,P017,Anti-Dandruff Shampoo,Haircare,2,14,28,C1488,46,Female,Chicago,Cash,5%
T2714,05-11-2020,P028,Omega-3 Capsules,Supplement,1,22,22,C2714,45,Female,Denver,Cash,0%
T0281,05-11-2020,P004,Anti-Allergy Cream,Skincare,5,25,125,C0281,61,Female,Los Angeles,Credit Card,0%
T3431,06-11-2020,P029,Zinc Supplement,Supplement,2,10,20,C3431,27,Male,Los Angeles,Cash,15%
T2733,07-11-2020,P042,Green Tea Capsules,Supplement,3,10,30,C2733,42,Female,Houston,Debit Card,15%
T0507,07-11-2020,P018,Moisturizing Lotion,Skincare,1,18,18,C0507,54,Female,Denver,Mobile Payment,0%
T3950,09-11-2020,P024,Collagen Powder,Supplement,3,30,90,C3950,37,Male,Seattle,Debit Card,0%
T2292,10-11-2020,P006,Cough Drops,Medicine,2,2.5,5,C2292,21,Female,Chicago,Cash,15%
T4489,10-11-2020,P007,Diabetic Test Strips,Medical Equipment,3,50,150,C4489,62,Female,Houston,Cash,5%
T1328,10-11-2020,P031,Hydration Powder,Nutrition,5,7,35,C1328,43,Male,Chicago,Mobile Payment,10%
T2816,11-11-2020,P002,Multivitamin Tablet,Supplement,1,15,15,C2816,50,Female,Seattle,Debit Card,15%
T3619,11-11-2020,P035,Anti-Wrinkle Cream,Skincare,3,45,135,C3619,49,Female,San Francisco,Debit Card,10%
T2106,11-11-2020,P027,All-Purpose Ointment,Medicine,4,6,24,C2106,52,Female,Houston,Cash,0%
T1837,12-11-2020,P027,All-Purpose Ointment,Medicine,5,6,30,C1837,26,Female,Chicago,Cash,10%
T2432,12-11-2020,P049,Antifungal Powder,Medicine,2,10,20,C2432,57,Female,New York,Debit Card,10%
T2330,13-11-2020,P040,Hair Conditioner,Haircare,5,13,65,C2330,30,Male,Seattle,Credit Card,0%
T1077,13-11-2020,P018,Moisturizing Lotion,Skincare,5,18,90,C1077,34,Female,New York,Mobile Payment,15%
T1134,13-11-2020,P020,Elderberry Syrup,Medicine,2,22,44,C1134,48,Female,Miami,Cash,5%
T4970,13-11-2020,P028,Omega-3 Capsules,Supplement,1,22,22,C4970,19,Male,Boston,Debit Card,15%
T4090,13-11-2020,P037,Natural Deodorant,Hygiene,4,9,36,C4090,30,Male,San Francisco,Mobile Payment,5%
T2731,15-11-2020,P046,Sunblock Cream,Skincare,4,20,80,C2731,31,Female,Houston,Debit Card,0%
T3110,15-11-2020,P034,Hair Growth Serum,Haircare,5,28,140,C3110,35,Female,Seattle,Cash,5%
T0341,16-11-2020,P034,Hair Growth Serum,Haircare,3,28,84,C0341,28,Male,Los Angeles,Credit Card,15%
T2822,16-11-2020,P006,Cough Drops,Medicine,2,2.5,5,C2822,42,Female,Houston,Mobile Payment,15%
T3246,17-11-2020,P023,Acne Treatment Gel,Skincare,3,16,48,C3246,31,Male,New York,Cash,15%
T4730,18-11-2020,P030,Heart Health Supplement,Supplement,1,35,35,C4730,56,Male,Denver,Debit Card,0%
T3555,19-11-2020,P037,Natural Deodorant,Hygiene,3,9,27,C3555,46,Male,San Francisco,Cash,15%
T2558,19-11-2020,P025,Eye Drops,Medicine,2,12,24,C2558,49,Male,Los Angeles,Mobile Payment,15%
T4851,19-11-2020,P018,Moisturizing Lotion,Skincare,4,18,72,C4851,22,Male,Boston,Debit Card,0%
T0401,20-11-2020,P019,Aloe Vera Gel,Skincare,5,8,40,C0401,59,Female,Denver,Mobile Payment,5%
T3542,20-11-2020,P045,Vitamin C Serum,Skincare,4,25,100,C3542,28,Male,New York,Mobile Payment,5%
T4178,20-11-2020,P002,Multivitamin Tablet,Supplement,2,15,30,C4178,37,Female,Denver,Mobile Payment,10%
T2601,20-11-2020,P001,Pain Relief Capsule,Medicine,2,10,20,C2601,27,Male,New York,Cash,15%
T4838,21-11-2020,P029,Zinc Supplement,Supplement,5,10,50,C4838,27,Female,Los Angeles,Mobile Payment,0%
T4418,22-11-2020,P028,Omega-3 Capsules,Supplement,3,22,66,C4418,22,Male,Miami,Credit Card,5%
T1083,22-11-2020,P001,Pain Relief Capsule,Medicine,3,10,30,C1083,21,Female,Boston,Mobile Payment,0%
T4259,22-11-2020,P002,Multivitamin Tablet,Supplement,1,15,15,C4259,50,Male,New York,Cash,10%
T3256,23-11-2020,P040,Hair Conditioner,Haircare,1,13,13,C3256,30,Female,Los Angeles,Credit Card,10%
T0630,23-11-2020,P045,Vitamin C Serum,Skincare,3,25,75,C0630,38,Female,Boston,Credit Card,0%
T0629,23-11-2020,P001,Pain Relief Capsule,Medicine,1,10,10,C0629,42,Female,Seattle,Mobile Payment,10%
T1173,23-11-2020,P018,Moisturizing Lotion,Skincare,2,18,36,C1173,45,Male,Houston,Debit Card,10%
T1835,24-11-2020,P020,Elderberry Syrup,Medicine,4,22,88,C1835,27,Male,San Francisco,Cash,5%
T1425,24-11-2020,P014,Calcium Tablets,Supplement,5,15,75,C1425,45,Male,New York,Debit Card,15%
T3504,24-11-2020,P026,Muscle Relaxant Cream,Medicine,1,25,25,C3504,47,Female,Seattle,Cash,5%
T1494,25-11-2020,P019,Aloe Vera Gel,Skincare,1,8,8,C1494,21,Female,Boston,Cash,10%
T3419,26-11-2020,P043,Pain Relief Patch,Medicine,3,7,21,C3419,56,Female,Boston,Cash,10%
T3013,26-11-2020,P035,Anti-Wrinkle Cream,Skincare,4,45,180,C3013,42,Female,Seattle,Mobile Payment,0%
T2196,27-11-2020,P014,Calcium Tablets,Supplement,2,15,30,C2196,40,Male,Miami,Mobile Payment,15%
T0140,27-11-2020,P045,Vitamin C Serum,Skincare,1,25,25,C0140,46,Female,Seattle,Mobile Payment,10%
T3762,28-11-2020,P043,Pain Relief Patch,Medicine,1,7,7,C3762,61,Female,Miami,Debit Card,0%
T4865,28-11-2020,P029,Zinc Supplement,Supplement,3,10,30,C4865,62,Male,Boston,Credit Card,5%
T4195,28-11-2020,P014,Calcium Tablets,Supplement,3,15,45,C4195,27,Female,Boston,Cash,5%
T1668,28-11-2020,P049,Antifungal Powder,Medicine,3,10,30,C1668,48,Female,Houston,Cash,0%
T2278,29-11-2020,P010,Lip Balm,Skincare,3,7,21,C2278,59,Male,Houston,Cash,0%
T4208,29-11-2020,P038,Liver Health Supplement,Supplement,2,20,40,C4208,40,Male,Seattle,Credit Card,10%
T3239,29-11-2020,P049,Antifungal Powder,Medicine,5,10,50,C3239,64,Female,Los Angeles,Cash,10%
T2737,03-12-2020,P039,Nasal Spray,Medicine,2,8,16,C2737,20,Female,Los Angeles,Credit Card,5%
T0942,03-12-2020,P031,Hydration Powder,Nutrition,2,7,14,C0942,63,Male,San Francisco,Cash,10%
T1747,03-12-2020,P045,Vitamin C Serum,Skincare,4,25,100,C1747,42,Male,Boston,Cash,10%
T2229,04-12-2020,P021,Hand Sanitizer,Hygiene,5,3,15,C2229,64,Female,Seattle,Mobile Payment,15%
T0055,04-12-2020,P044,Joint Health Tablets,Supplement,3,32,96,C0055,37,Female,Seattle,Credit Card,15%
T0138,05-12-2020,P005,Vitamin D3 Supplement,Supplement,3,12,36,C0138,46,Female,Los Angeles,Mobile Payment,10%
T0208,05-12-2020,P015,Protein Powder,Nutrition,2,25,50,C0208,61,Male,San Francisco,Credit Card,15%
T2504,06-12-2020,P021,Hand Sanitizer,Hygiene,4,3,12,C2504,46,Female,Denver,Mobile Payment,10%
T4992,06-12-2020,P001,Pain Relief Capsule,Medicine,3,10,30,C4992,53,Male,Boston,Cash,5%
T0600,06-12-2020,P004,Anti-Allergy Cream,Skincare,3,25,75,C0600,30,Male,Boston,Debit Card,10%
T4903,06-12-2020,P011,Herbal Shampoo,Haircare,2,12,24,C4903,62,Female,New York,Cash,10%
T2199,06-12-2020,P017,Anti-Dandruff Shampoo,Haircare,3,14,42,C2199,32,Male,San Francisco,Credit Card,0%
T1993,07-12-2020,P031,Hydration Powder,Nutrition,1,7,7,C1993,47,Female,Boston,Debit Card,5%
T1539,07-12-2020,P030,Heart Health Supplement,Supplement,3,35,105,C1539,60,Male,San Francisco,Credit Card,0%
T0867,08-12-2020,P009,Antibacterial Handwash,Hygiene,2,5,10,C0867,65,Male,New York,Credit Card,10%
T2952,09-12-2020,P037,Natural Deodorant,Hygiene,2,9,18,C2952,24,Female,San Francisco,Mobile Payment,15%
T1551,10-12-2020,P049,Antifungal Powder,Medicine,5,10,50,C1551,35,Female,Seattle,Mobile Payment,0%
T3446,10-12-2020,P007,Diabetic Test Strips,Medical Equipment,2,50,100,C3446,57,Male,Boston,Debit Card,5%
T1679,11-12-2020,P042,Green Tea Capsules,Supplement,1,10,10,C1679,30,Female,Houston,Credit Card,10%
T3627,11-12-2020,P045,Vitamin C Serum,Skincare,1,25,25,C3627,59,Male,New York,Mobile Payment,0%
T1427,12-12-2020,P050,Ear Drops,Medicine,4,6,24,C1427,61,Female,Chicago,Credit Card,5%
T3371,12-12-2020,P002,Multivitamin Tablet,Supplement,1,15,15,C3371,40,Male,Boston,Credit Card,10%
T1003,12-12-2020,P019,Aloe Vera Gel,Skincare,3,8,24,C1003,19,Female,Denver,Debit Card,5%
T1879,12-12-2020,P010,Lip Balm,Skincare,1,7,7,C1879,33,Female,New York,Credit Card,0%
T2061,13-12-2020,P046,Sunblock Cream,Skincare,5,20,100,C2061,50,Male,Seattle,Debit Card,15%
T2390,13-12-2020,P026,Muscle Relaxant Cream,Medicine,4,25,100,C2390,20,Male,Miami,Credit Card,0%
T4237,14-12-2020,P040,Hair Conditioner,Haircare,1,13,13,C4237,28,Male,Houston,Cash,10%
T4491,14-12-2020,P032,Caffeine Pills,Supplement,3,5,15,C4491,35,Male,Miami,Cash,15%
T2297,14-12-2020,P041,Digestive Enzymes,Supplement,5,18,90,C2297,59,Male,Denver,Credit Card,0%
T1264,15-12-2020,P043,Pain Relief Patch,Medicine,5,7,35,C1264,20,Female,Miami,Debit Card,5%
T2820,16-12-2020,P035,Anti-Wrinkle Cream,Skincare,3,45,135,C2820,20,Male,Los Angeles,Debit Card,10%
T3182,16-12-2020,P004,Anti-Allergy Cream,Skincare,2,25,50,C3182,39,Male,Seattle,Debit Card,10%
T2280,17-12-2020,P003,Cold Syrup,Medicine,1,8,8,C2280,41,Male,Los Angeles,Mobile Payment,0%
T1832,17-12-2020,P031,Hydration Powder,Nutrition,5,7,35,C1832,24,Female,Denver,Debit Card,5%
T4860,17-12-2020,P049,Antifungal Powder,Medicine,3,10,30,C4860,57,Female,Houston,Debit Card,0%
T3277,18-12-2020,P043,Pain Relief Patch,Medicine,5,7,35,C3277,64,Male,New York,Cash,10%
T1128,19-12-2020,P027,All-Purpose Ointment,Medicine,4,6,24,C1128,36,Female,Chicago,Mobile Payment,0%
T2857,20-12-2020,P015,Protein Powder,Nutrition,4,25,100,C2857,58,Male,New York,Cash,10%
T3497,21-12-2020,P019,Aloe Vera Gel,Skincare,2,8,16,C3497,63,Female,Seattle,Credit Card,10%
T2889,21-12-2020,P014,Calcium Tablets,Supplement,3,15,45,C2889,47,Male,Los Angeles,Cash,10%
T4746,22-12-2020,P010,Lip Balm,Skincare,3,7,21,C4746,33,Male,Los Angeles,Debit Card,5%
T4553,23-12-2020,P006,Cough Drops,Medicine,1,2.5,2.5,C4553,63,Male,Houston,Debit Card,0%
T3708,24-12-2020,P023,Acne Treatment Gel,Skincare,1,16,16,C3708,18,Male,Chicago,Mobile Payment,5%
T3311,24-12-2020,P023,Acne Treatment Gel,Skincare,3,16,48,C3311,60,Female,New York,Mobile Payment,5%
T3596,24-12-2020,P018,Moisturizing Lotion,Skincare,5,18,90,C3596,65,Female,Los Angeles,Cash,10%
T1530,25-12-2020,P029,Zinc Supplement,Supplement,2,10,20,C1530,29,Male,Los Angeles,Credit Card,15%
T1848,26-12-2020,P048,Hydrocortisone Cream,Medicine,4,5,20,C1848,28,Female,Houston,Debit Card,15%
T2345,26-12-2020,P020,Elderberry Syrup,Medicine,3,22,66,C2345,42,Female,Seattle,Debit Card,15%
T1660,27-12-2020,P044,Joint Health Tablets,Supplement,5,32,160,C1660,45,Female,Los Angeles,Debit Card,15%
T1967,28-12-2020,P042,Green Tea Capsules,Supplement,3,10,30,C1967,55,Female,Boston,Credit Card,15%
T3742,28-12-2020,P004,Anti-Allergy Cream,Skincare,3,25,75,C3742,39,Male,Los Angeles,Credit Card,10%
T1504,28-12-2020,P005,Vitamin D3 Supplement,Supplement,3,12,36,C1504,21,Male,San Francisco,Cash,10%
T3255,28-12-2020,P019,Aloe Vera Gel,Skincare,2,8,16,C3255,62,Female,Houston,Cash,5%
T2745,29-12-2020,P045,Vitamin C Serum,Skincare,2,25,50,C2745,38,Female,New York,Mobile Payment,0%
T0214,30-12-2020,P033,Foot Cream,Skincare,2,15,30,C0214,63,Female,Chicago,Credit Card,5%
T0279,30-12-2020,P027,All-Purpose Ointment,Medicine,1,6,6,C0279,62,Female,Chicago,Mobile Payment,10%
T0676,30-12-2020,P007,Diabetic Test Strips,Medical Equipment,2,50,100,C0676,19,Male,Chicago,Debit Card,0%
T4527,30-12-2020,P031,Hydration Powder,Nutrition,3,7,21,C4527,31,Male,San Francisco,Mobile Payment,10%
T3739,31-12-2020,P023,Acne Treatment Gel,Skincare,2,16,32,C3739,42,Male,Los Angeles,Credit Card,15%
T1191,01-01-2021,P042,Green Tea Capsules,Supplement,1,10,10,C1191,57,Male,New York,Debit Card,10%
T2692,01-01-2021,P049,Antifungal Powder,Medicine,4,10,40,C2692,20,Female,San Francisco,Debit Card,10%
T0291,01-01-2021,P005,Vitamin D3 Supplement,Supplement,4,12,48,C0291,33,Male,New York,Mobile Payment,5%
T0411,02-01-2021,P014,Calcium Tablets,Supplement,5,15,75,C0411,35,Female,Los Angeles,Mobile Payment,5%
T2116,02-01-2021,P029,Zinc Supplement,Supplement,5,10,50,C2116,61,Female,San Francisco,Credit Card,15%
T2799,03-01-2021,P022,Toothpaste,Hygiene,1,4,4,C2799,37,Female,Denver,Debit Card,0%
T4943,04-01-2021,P038,Liver Health Supplement,Supplement,5,20,100,C4943,36,Male,New York,Debit Card,15%
T1055,05-01-2021,P037,Natural Deodorant,Hygiene,2,9,18,C1055,31,Male,Chicago,Cash,15%
T4953,05-01-2021,P027,All-Purpose Ointment,Medicine,1,6,6,C4953,23,Female,Los Angeles,Debit Card,0%
T1891,06-01-2021,P034,Hair Growth Serum,Haircare,2,28,56,C1891,28,Male,Boston,Credit Card,5%
T4507,06-01-2021,P046,Sunblock Cream,Skincare,3,20,60,C4507,27,Female,Boston,Credit Card,0%
T3772,06-01-2021,P010,Lip Balm,Skincare,3,7,21,C3772,48,Male,Boston,Mobile Payment,0%
T0116,07-01-2021,P023,Acne Treatment Gel,Skincare,1,16,16,C0116,48,Female,Seattle,Cash,10%
T2642,07-01-2021,P038,Liver Health Supplement,Supplement,2,20,40,C2642,42,Male,Houston,Debit Card,5%
T4667,07-01-2021,P041,Digestive Enzymes,Supplement,1,18,18,C4667,36,Male,Chicago,Cash,0%
T1753,07-01-2021,P002,Multivitamin Tablet,Supplement,5,15,75,C1753,57,Male,Los Angeles,Credit Card,5%
T0564,08-01-2021,P028,Omega-3 Capsules,Supplement,4,22,88,C0564,22,Male,Miami,Credit Card,15%
T4345,08-01-2021,P026,Muscle Relaxant Cream,Medicine,1,25,25,C4345,18,Female,Houston,Mobile Payment,0%
T4530,08-01-2021,P020,Elderberry Syrup,Medicine,4,22,88,C4530,22,Male,Seattle,Mobile Payment,5%
T0306,09-01-2021,P008,Fish Oil Capsules,Supplement,5,18,90,C0306,49,Male,Seattle,Debit Card,0%
T0491,09-01-2021,P011,Herbal Shampoo,Haircare,1,12,12,C0491,23,Female,Denver,Cash,10%
T4392,10-01-2021,P014,Calcium Tablets,Supplement,5,15,75,C4392,41,Female,New York,Debit Card,0%
T2566,10-01-2021,P030,Heart Health Supplement,Supplement,1,35,35,C2566,44,Male,Denver,Credit Card,0%
T4537,10-01-2021,P030,Heart Health Supplement,Supplement,4,35,140,C4537,21,Male,New York,Credit Card,0%
T3984,11-01-2021,P001,Pain Relief Capsule,Medicine,3,10,30,C3984,45,Female,San Francisco,Credit Card,0%
T4462,11-01-2021,P003,Cold Syrup,Medicine,4,8,32,C4462,45,Male,Boston,Debit Card,5%
T4106,11-01-2021,P016,Energy Drink,Beverage,2,5,10,C4106,19,Male,Boston,Credit Card,0%
T0508,11-01-2021,P019,Aloe Vera Gel,Skincare,3,8,24,C0508,22,Male,Houston,Debit Card,10%
T4965,11-01-2021,P039,Nasal Spray,Medicine,1,8,8,C4965,41,Male,Seattle,Mobile Payment,0%
T3743,11-01-2021,P035,Anti-Wrinkle Cream,Skincare,4,45,180,C3743,39,Male,Los Angeles,Cash,0%
T1899,12-01-2021,P004,Anti-Allergy Cream,Skincare,5,25,125,C1899,54,Male,Boston,Credit Card,10%
T1311,12-01-2021,P045,Vitamin C Serum,Skincare,1,25,25,C1311,48,Male,Miami,Credit Card,0%
T2783,12-01-2021,P043,Pain Relief Patch,Medicine,5,7,35,C2783,63,Male,Boston,Debit Card,5%
T2373,12-01-2021,P010,Lip Balm,Skincare,2,7,14,C2373,24,Female,Denver,Debit Card,0%
T3616,13-01-2021,P029,Zinc Supplement,Supplement,3,10,30,C3616,26,Male,New York,Credit Card,15%
T0726,13-01-2021,P004,Anti-Allergy Cream,Skincare,2,25,50,C0726,41,Female,Denver,Debit Card,10%
T3612,13-01-2021,P029,Zinc Supplement,Supplement,3,10,30,C3612,31,Female,Miami,Debit Card,15%
T2982,14-01-2021,P011,Herbal Shampoo,Haircare,1,12,12,C2982,47,Male,Seattle,Credit Card,10%
T1255,14-01-2021,P031,Hydration Powder,Nutrition,5,7,35,C1255,41,Male,Chicago,Debit Card,0%
T4526,16-01-2021,P007,Diabetic Test Strips,Medical Equipment,2,50,100,C4526,25,Male,Los Angeles,Cash,10%
T1451,17-01-2021,P047,Coconut Oil,Haircare,4,12,48,C1451,48,Male,Boston,Cash,0%
T2948,17-01-2021,P015,Protein Powder,Nutrition,4,25,100,C2948,25,Male,Seattle,Credit Card,0%
T3045,17-01-2021,P003,Cold Syrup,Medicine,3,8,24,C3045,48,Female,San Francisco,Credit Card,0%
T0161,17-01-2021,P022,Toothpaste,Hygiene,5,4,20,C0161,61,Male,Miami,Debit Card,10%
T4076,17-01-2021,P026,Muscle Relaxant Cream,Medicine,3,25,75,C4076,32,Male,Seattle,Cash,10%
T4414,18-01-2021,P016,Energy Drink,Beverage,5,5,25,C4414,37,Male,Denver,Cash,10%
T1803,19-01-2021,P045,Vitamin C Serum,Skincare,5,25,125,C1803,36,Male,Chicago,Credit Card,10%
T1271,19-01-2021,P038,Liver Health Supplement,Supplement,1,20,20,C1271,31,Male,Miami,Debit Card,15%
T4020,20-01-2021,P034,Hair Growth Serum,Haircare,1,28,28,C4020,19,Male,San Francisco,Debit Card,10%
T2152,20-01-2021,P047,Coconut Oil,Haircare,2,12,24,C2152,46,Female,New York,Mobile Payment,15%
T4175,22-01-2021,P038,Liver Health Supplement,Supplement,3,20,60,C4175,32,Male,Boston,Cash,5%
T2239,22-01-2021,P027,All-Purpose Ointment,Medicine,4,6,24,C2239,29,Male,Seattle,Credit Card,0%
T4795,24-01-2021,P038,Liver Health Supplement,Supplement,1,20,20,C4795,19,Male,Houston,Cash,0%
T4958,24-01-2021,P046,Sunblock Cream,Skincare,5,20,100,C4958,47,Male,Boston,Mobile Payment,5%
T4737,25-01-2021,P004,Anti-Allergy Cream,Skincare,4,25,100,C4737,46,Male,Denver,Debit Card,10%
T0273,26-01-2021,P003,Cold Syrup,Medicine,4,8,32,C0273,20,Male,Miami,Mobile Payment,5%
T0474,27-01-2021,P030,Heart Health Supplement,Supplement,1,35,35,C0474,64,Female,Boston,Cash,5%
T3871,27-01-2021,P005,Vitamin D3 Supplement,Supplement,4,12,48,C3871,40,Male,Seattle,Cash,15%
T2271,28-01-2021,P025,Eye Drops,Medicine,2,12,24,C2271,31,Male,Chicago,Cash,10%
T4671,28-01-2021,P022,Toothpaste,Hygiene,4,4,16,C4671,62,Male,Houston,Cash,0%
T2565,29-01-2021,P004,Anti-Allergy Cream,Skincare,5,25,125,C2565,49,Female,Chicago,Cash,15%
T0852,29-01-2021,P031,Hydration Powder,Nutrition,2,7,14,C0852,35,Male,New York,Mobile Payment,0%
T0107,29-01-2021,P049,Antifungal Powder,Medicine,1,10,10,C0107,23,Male,San Francisco,Cash,15%
T2840,30-01-2021,P012,Organic Face Wash,Skincare,2,10,20,C2840,52,Male,Boston,Credit Card,0%
T2427,30-01-2021,P046,Sunblock Cream,Skincare,3,20,60,C2427,49,Male,San Francisco,Credit Card,0%
T1703,01-02-2021,P046,Sunblock Cream,Skincare,3,20,60,C1703,49,Male,Boston,Mobile Payment,15%
T3550,01-02-2021,P048,Hydrocortisone Cream,Medicine,4,5,20,C3550,26,Female,Seattle,Credit Card,5%
T3128,01-02-2021,P002,Multivitamin Tablet,Supplement,1,15,15,C3128,55,Female,Houston,Credit Card,0%
T4783,02-02-2021,P010,Lip Balm,Skincare,5,7,35,C4783,44,Male,Houston,Credit Card,0%
T4513,02-02-2021,P001,Pain Relief Capsule,Medicine,1,10,10,C4513,26,Male,Denver,Debit Card,5%
T2032,03-02-2021,P026,Muscle Relaxant Cream,Medicine,2,25,50,C2032,35,Male,Seattle,Cash,5%
T2593,03-02-2021,P047,Coconut Oil,Haircare,3,12,36,C2593,59,Male,Denver,Mobile Payment,0%
T3620,04-02-2021,P008,Fish Oil Capsules,Supplement,1,18,18,C3620,34,Female,Boston,Debit Card,15%
T0589,04-02-2021,P007,Diabetic Test Strips,Medical Equipment,1,50,50,C0589,58,Female,Houston,Debit Card,5%
T4155,04-02-2021,P005,Vitamin D3 Supplement,Supplement,4,12,48,C4155,53,Female,Seattle,Mobile Payment,5%
T3861,04-02-2021,P009,Antibacterial Handwash,Hygiene,2,5,10,C3861,53,Female,Miami,Debit Card,10%
T2859,05-02-2021,P034,Hair Growth Serum,Haircare,2,28,56,C2859,25,Male,Miami,Credit Card,15%
T2903,06-02-2021,P022,Toothpaste,Hygiene,2,4,8,C2903,19,Male,Denver,Mobile Payment,15%
T2186,06-02-2021,P040,Hair Conditioner,Haircare,4,13,52,C2186,51,Male,New York,Debit Card,10%
T1492,08-02-2021,P021,Hand Sanitizer,Hygiene,4,3,12,C1492,48,Female,Seattle,Debit Card,0%
T2009,09-02-2021,P025,Eye Drops,Medicine,1,12,12,C2009,19,Female,Miami,Debit Card,0%
T1118,10-02-2021,P036,Tea Tree Oil,Skincare,5,12,60,C1118,62,Female,Chicago,Cash,0%
T1100,11-02-2021,P004,Anti-Allergy Cream,Skincare,3,25,75,C1100,39,Female,Denver,Credit Card,5%
T1719,11-02-2021,P033,Foot Cream,Skincare,2,15,30,C1719,64,Male,Miami,Credit Card,10%
T3319,11-02-2021,P035,Anti-Wrinkle Cream,Skincare,5,45,225,C3319,18,Male,New York,Credit Card,15%
T0280,11-02-2021,P044,Joint Health Tablets,Supplement,3,32,96,C0280,39,Male,Los Angeles,Mobile Payment,5%
T1198,11-02-2021,P004,Anti-Allergy Cream,Skincare,5,25,125,C1198,43,Female,Seattle,Credit Card,5%
T1104,11-02-2021,P004,Anti-Allergy Cream,Skincare,2,25,50,C1104,64,Male,Seattle,Debit Card,5%
T4991,12-02-2021,P038,Liver Health Supplement,Supplement,5,20,100,C4991,27,Female,Boston,Mobile Payment,5%
T2302,14-02-2021,P021,Hand Sanitizer,Hygiene,3,3,9,C2302,56,Female,Denver,Credit Card,10%
T2658,15-02-2021,P050,Ear Drops,Medicine,1,6,6,C2658,26,Female,New York,Debit Card,5%
T1400,15-02-2021,P037,Natural Deodorant,Hygiene,4,9,36,C1400,18,Male,New York,Debit Card,15%
T3334,16-02-2021,P037,Natural Deodorant,Hygiene,3,9,27,C3334,44,Male,Denver,Mobile Payment,10%
T3177,16-02-2021,P048,Hydrocortisone Cream,Medicine,5,5,25,C3177,40,Female,Miami,Cash,5%
T4490,19-02-2021,P035,Anti-Wrinkle Cream,Skincare,4,45,180,C4490,59,Female,Houston,Mobile Payment,0%
T0458,19-02-2021,P043,Pain Relief Patch,Medicine,2,7,14,C0458,64,Female,Boston,Credit Card,10%
T3856,19-02-2021,P033,Foot Cream,Skincare,2,15,30,C3856,24,Male,Houston,Credit Card,10%
T3181,20-02-2021,P004,Anti-Allergy Cream,Skincare,3,25,75,C3181,33,Male,Seattle,Cash,5%
T2680,21-02-2021,P049,Antifungal Powder,Medicine,4,10,40,C2680,59,Female,Boston,Debit Card,0%
T0962,21-02-2021,P022,Toothpaste,Hygiene,1,4,4,C0962,48,Female,Denver,Mobile Payment,0%
T0591,21-02-2021,P024,Collagen Powder,Supplement,3,30,90,C0591,26,Female,Houston,Mobile Payment,10%
T3821,22-02-2021,P033,Foot Cream,Skincare,2,15,30,C3821,23,Male,Denver,Debit Card,0%
T2862,22-02-2021,P012,Organic Face Wash,Skincare,3,10,30,C2862,22,Female,Houston,Cash,0%
T1047,23-02-2021,P003,Cold Syrup,Medicine,2,8,16,C1047,21,Female,New York,Mobile Payment,15%
T3864,23-02-2021,P011,Herbal Shampoo,Haircare,2,12,24,C3864,41,Female,Houston,Credit Card,0%
T4251,23-02-2021,P004,Anti-Allergy Cream,Skincare,3,25,75,C4251,18,Male,New York,Cash,10%
T0627,24-02-2021,P002,Multivitamin Tablet,Supplement,2,15,30,C0627,49,Female,New York,Debit Card,10%
T3073,25-02-2021,P044,Joint Health Tablets,Supplement,2,32,64,C3073,54,Male,New York,Credit Card,10%
T3338,26-02-2021,P008,Fish Oil Capsules,Supplement,1,18,18,C3338,62,Female,Chicago,Debit Card,15%
T1880,26-02-2021,P005,Vitamin D3 Supplement,Supplement,2,12,24,C1880,23,Male,Chicago,Cash,0%
T0072,26-02-2021,P016,Energy Drink,Beverage,1,5,5,C0072,62,Male,Chicago,Cash,15%
T1453,26-02-2021,P002,Multivitamin Tablet,Supplement,2,15,30,C1453,56,Female,Chicago,Cash,5%
T3603,27-02-2021,P006,Cough Drops,Medicine,2,2.5,5,C3603,62,Male,Los Angeles,Mobile Payment,0%
T2101,27-02-2021,P012,Organic Face Wash,Skincare,1,10,10,C2101,61,Female,Seattle,Mobile Payment,5%
T1805,01-03-2021,P013,Probiotic Supplement,Supplement,1,20,20,C1805,47,Male,Miami,Debit Card,15%
T2121,02-03-2021,P050,Ear Drops,Medicine,4,6,24,C2121,30,Male,New York,Debit Card,5%
T3380,02-03-2021,P046,Sunblock Cream,Skincare,5,20,100,C3380,19,Female,San Francisco,Mobile Payment,0%
T1095,03-03-2021,P034,Hair Growth Serum,Haircare,2,28,56,C1095,45,Female,Seattle,Debit Card,10%
T1337,03-03-2021,P025,Eye Drops,Medicine,4,12,48,C1337,38,Male,Boston,Credit Card,0%
T4719,03-03-2021,P021,Hand Sanitizer,Hygiene,1,3,3,C4719,60,Female,Miami,Cash,10%
T4453,04-03-2021,P024,Collagen Powder,Supplement,2,30,60,C4453,30,Male,Boston,Debit Card,15%
T4862,04-03-2021,P019,Aloe Vera Gel,Skincare,1,8,8,C4862,49,Male,New York,Cash,5%
T0021,06-03-2021,P019,Aloe Vera Gel,Skincare,5,8,40,C0021,27,Male,Houston,Debit Card,0%
T3137,06-03-2021,P049,Antifungal Powder,Medicine,3,10,30,C3137,64,Female,Miami,Debit Card,10%
T1783,06-03-2021,P014,Calcium Tablets,Supplement,4,15,60,C1783,57,Male,San Francisco,Debit Card,10%
T0385,06-03-2021,P044,Joint Health Tablets,Supplement,5,32,160,C0385,64,Female,Los Angeles,Mobile Payment,15%
T1940,07-03-2021,P017,Anti-Dandruff Shampoo,Haircare,1,14,14,C1940,20,Male,San Francisco,Mobile Payment,0%
T2696,07-03-2021,P002,Multivitamin Tablet,Supplement,4,15,60,C2696,58,Female,San Francisco,Debit Card,10%
T4121,07-03-2021,P021,Hand Sanitizer,Hygiene,5,3,15,C4121,47,Male,Boston,Mobile Payment,15%
T4705,07-03-2021,P047,Coconut Oil,Haircare,1,12,12,C4705,55,Female,Boston,Debit Card,15%
T1578,09-03-2021,P008,Fish Oil Capsules,Supplement,3,18,54,C1578,26,Female,Denver,Credit Card,10%
T4184,10-03-2021,P013,Probiotic Supplement,Supplement,4,20,80,C4184,59,Female,Los Angeles,Debit Card,5%
T4955,10-03-2021,P009,Antibacterial Handwash,Hygiene,5,5,25,C4955,56,Female,Los Angeles,Cash,10%
T0370,10-03-2021,P006,Cough Drops,Medicine,5,2.5,12.5,C0370,36,Male,New York,Debit Card,0%
T4603,10-03-2021,P015,Protein Powder,Nutrition,4,25,100,C4603,62,Male,San Francisco,Mobile Payment,10%
T3293,11-03-2021,P006,Cough Drops,Medicine,3,2.5,7.5,C3293,59,Male,San Francisco,Debit Card,10%
T4949,11-03-2021,P031,Hydration Powder,Nutrition,1,7,7,C4949,31,Male,New York,Cash,10%
T2907,12-03-2021,P011,Herbal Shampoo,Haircare,2,12,24,C2907,63,Female,Houston,Cash,0%
T3545,12-03-2021,P050,Ear Drops,Medicine,1,6,6,C3545,36,Female,Los Angeles,Cash,5%
T3769,12-03-2021,P025,Eye Drops,Medicine,2,12,24,C3769,28,Female,Boston,Credit Card,0%
T1756,15-03-2021,P036,Tea Tree Oil,Skincare,1,12,12,C1756,52,Female,Los Angeles,Debit Card,5%
T2503,15-03-2021,P023,Acne Treatment Gel,Skincare,3,16,48,C2503,46,Female,Los Angeles,Debit Card,0%
T3176,15-03-2021,P012,Organic Face Wash,Skincare,1,10,10,C3176,38,Female,New York,Credit Card,5%
T3354,16-03-2021,P047,Coconut Oil,Haircare,4,12,48,C3354,48,Male,Los Angeles,Credit Card,5%
T3778,16-03-2021,P023,Acne Treatment Gel,Skincare,4,16,64,C3778,37,Female,San Francisco,Mobile Payment,10%
T1393,16-03-2021,P031,Hydration Powder,Nutrition,5,7,35,C1393,20,Male,Denver,Mobile Payment,5%
T1362,17-03-2021,P030,Heart Health Supplement,Supplement,5,35,175,C1362,24,Male,Los Angeles,Cash,5%
T0833,17-03-2021,P030,Heart Health Supplement,Supplement,5,35,175,C0833,62,Female,Boston,Debit Card,15%
T1505,17-03-2021,P032,Caffeine Pills,Supplement,2,5,10,C1505,50,Female,Denver,Cash,5%
T0032,18-03-2021,P047,Coconut Oil,Haircare,5,12,60,C0032,33,Female,Seattle,Credit Card,10%
T4022,18-03-2021,P006,Cough Drops,Medicine,4,2.5,10,C4022,49,Female,Denver,Debit Card,15%
T1921,18-03-2021,P050,Ear Drops,Medicine,2,6,12,C1921,54,Male,Miami,Debit Card,15%
T3482,19-03-2021,P016,Energy Drink,Beverage,1,5,5,C3482,42,Male,Miami,Debit Card,0%
T1840,20-03-2021,P008,Fish Oil Capsules,Supplement,1,18,18,C1840,63,Female,Chicago,Debit Card,10%
T3536,20-03-2021,P020,Elderberry Syrup,Medicine,2,22,44,C3536,36,Male,Houston,Mobile Payment,10%
T3715,20-03-2021,P018,Moisturizing Lotion,Skincare,3,18,54,C3715,22,Male,New York,Debit Card,10%
T4831,20-03-2021,P021,Hand Sanitizer,Hygiene,4,3,12,C4831,48,Female,Los Angeles,Cash,5%
T1718,21-03-2021,P003,Cold Syrup,Medicine,2,8,16,C1718,38,Female,Boston,Mobile Payment,15%
T1661,21-03-2021,P044,Joint Health Tablets,Supplement,2,32,64,C1661,57,Female,Houston,Credit Card,10%
T2072,21-03-2021,P048,Hydrocortisone Cream,Medicine,3,5,15,C2072,61,Female,Chicago,Mobile Payment,0%
T4017,22-03-2021,P030,Heart Health Supplement,Supplement,2,35,70,C4017,42,Female,Chicago,Cash,5%
T1791,22-03-2021,P004,Anti-Allergy Cream,Skincare,2,25,50,C1791,31,Female,Boston,Mobile Payment,10%
T4003,22-03-2021,P006,Cough Drops,Medicine,2,2.5,5,C4003,41,Male,Houston,Cash,0%
T3938,23-03-2021,P017,Anti-Dandruff Shampoo,Haircare,4,14,56,C3938,64,Male,Boston,Debit Card,10%
T4200,23-03-2021,P021,Hand Sanitizer,Hygiene,4,3,12,C4200,21,Female,Denver,Credit Card,5%
T4978,23-03-2021,P001,Pain Relief Capsule,Medicine,3,10,30,C4978,26,Female,Houston,Credit Card,5%
T1948,24-03-2021,P023,Acne Treatment Gel,Skincare,2,16,32,C1948,35,Male,Denver,Cash,5%
T2681,24-03-2021,P012,Organic Face Wash,Skincare,2,10,20,C2681,43,Male,Chicago,Cash,15%
T1435,24-03-2021,P018,Moisturizing Lotion,Skincare,5,18,90,C1435,18,Male,Los Angeles,Debit Card,10%
T1297,24-03-2021,P029,Zinc Supplement,Supplement,1,10,10,C1297,35,Female,Los Angeles,Credit Card,15%
T1281,25-03-2021,P046,Sunblock Cream,Skincare,5,20,100,C1281,63,Female,New York,Debit Card,10%
T0832,25-03-2021,P016,Energy Drink,Beverage,2,5,10,C0832,43,Female,New York,Mobile Payment,0%
T1269,25-03-2021,P044,Joint Health Tablets,Supplement,2,32,64,C1269,51,Male,Seattle,Debit Card,10%
T4994,27-03-2021,P015,Protein Powder,Nutrition,4,25,100,C4994,30,Female,Chicago,Debit Card,15%
T4699,27-03-2021,P012,Organic Face Wash,Skincare,3,10,30,C4699,30,Female,Miami,Credit Card,0%
T2407,27-03-2021,P044,Joint Health Tablets,Supplement,5,32,160,C2407,45,Male,Boston,Debit Card,10%
T1806,27-03-2021,P017,Anti-Dandruff Shampoo,Haircare,4,14,56,C1806,58,Female,New York,Credit Card,0%
T0264,27-03-2021,P047,Coconut Oil,Haircare,4,12,48,C0264,29,Male,Los Angeles,Cash,5%
T3713,27-03-2021,P017,Anti-Dandruff Shampoo,Haircare,1,14,14,C3713,43,Male,Boston,Cash,0%
T1998,28-03-2021,P019,Aloe Vera Gel,Skincare,2,8,16,C1998,45,Male,Seattle,Debit Card,0%
T0090,28-03-2021,P030,Heart Health Supplement,Supplement,4,35,140,C0090,26,Female,Denver,Cash,10%
T0257,29-03-2021,P004,Anti-Allergy Cream,Skincare,1,25,25,C0257,63,Female,Los Angeles,Debit Card,5%
T1220,29-03-2021,P005,Vitamin D3 Supplement,Supplement,3,12,36,C1220,56,Female,New York,Mobile Payment,15%
T2135,29-03-2021,P022,Toothpaste,Hygiene,3,4,12,C2135,37,Male,Chicago,Cash,10%
T1296,30-03-2021,P024,Collagen Powder,Supplement,3,30,90,C1296,19,Male,Houston,Debit Card,15%
T1599,30-03-2021,P039,Nasal Spray,Medicine,1,8,8,C1599,46,Male,Houston,Credit Card,10%
T4124,30-03-2021,P048,Hydrocortisone Cream,Medicine,5,5,25,C4124,46,Male,Chicago,Cash,5%
T3121,31-03-2021,P022,Toothpaste,Hygiene,4,4,16,C3121,30,Male,Los Angeles,Mobile Payment,15%
T1279,01-04-2021,P004,Anti-Allergy Cream,Skincare,3,25,75,C1279,40,Female,San Francisco,Credit Card,10%
T4077,02-04-2021,P006,Cough Drops,Medicine,5,2.5,12.5,C4077,57,Female,Chicago,Credit Card,5%
T4849,02-04-2021,P015,Protein Powder,Nutrition,1,25,25,C4849,36,Female,Houston,Mobile Payment,0%
T4094,02-04-2021,P018,Moisturizing Lotion,Skincare,5,18,90,C4094,51,Male,Chicago,Mobile Payment,10%
T2807,02-04-2021,P019,Aloe Vera Gel,Skincare,2,8,16,C2807,41,Male,Boston,Cash,10%
T0223,03-04-2021,P018,Moisturizing Lotion,Skincare,4,18,72,C0223,56,Male,Miami,Credit Card,10%
T2448,03-04-2021,P010,Lip Balm,Skincare,3,7,21,C2448,54,Male,San Francisco,Mobile Payment,15%
T2197,03-04-2021,P044,Joint Health Tablets,Supplement,3,32,96,C2197,44,Male,San Francisco,Cash,0%
T1958,03-04-2021,P010,Lip Balm,Skincare,4,7,28,C1958,65,Female,Boston,Debit Card,10%
T2027,04-04-2021,P027,All-Purpose Ointment,Medicine,5,6,30,C2027,53,Female,San Francisco,Debit Card,5%
T0827,04-04-2021,P012,Organic Face Wash,Skincare,4,10,40,C0827,38,Male,Los Angeles,Debit Card,5%
T0445,04-04-2021,P037,Natural Deodorant,Hygiene,3,9,27,C0445,42,Male,San Francisco,Mobile Payment,15%
T0463,05-04-2021,P029,Zinc Supplement,Supplement,4,10,40,C0463,19,Male,Denver,Cash,0%
T0006,06-04-2021,P019,Aloe Vera Gel,Skincare,1,8,8,C0006,25,Male,San Francisco,Mobile Payment,10%
T3383,07-04-2021,P023,Acne Treatment Gel,Skincare,3,16,48,C3383,51,Male,Boston,Mobile Payment,5%
T1663,07-04-2021,P039,Nasal Spray,Medicine,3,8,24,C1663,26,Female,Los Angeles,Cash,5%
T1564,07-04-2021,P032,Caffeine Pills,Supplement,2,5,10,C1564,49,Male,Los Angeles,Credit Card,5%
T4929,07-04-2021,P004,Anti-Allergy Cream,Skincare,4,25,100,C4929,63,Female,Denver,Cash,10%
T1894,07-04-2021,P023,Acne Treatment Gel,Skincare,3,16,48,C1894,37,Male,Boston,Debit Card,10%
T4146,07-04-2021,P030,Heart Health Supplement,Supplement,2,35,70,C4146,57,Female,Denver,Cash,5%
T3472,08-04-2021,P039,Nasal Spray,Medicine,2,8,16,C3472,26,Female,Seattle,Debit Card,5%
T1897,10-04-2021,P015,Protein Powder,Nutrition,4,25,100,C1897,31,Male,Los Angeles,Mobile Payment,0%
T1477,10-04-2021,P007,Diabetic Test Strips,Medical Equipment,4,50,200,C1477,33,Female,Boston,Debit Card,5%
T1025,11-04-2021,P020,Elderberry Syrup,Medicine,4,22,88,C1025,36,Male,New York,Cash,10%
T0350,11-04-2021,P023,Acne Treatment Gel,Skincare,3,16,48,C0350,27,Male,San Francisco,Debit Card,10%
T2463,11-04-2021,P045,Vitamin C Serum,Skincare,3,25,75,C2463,56,Male,San Francisco,Mobile Payment,10%
T2474,11-04-2021,P005,Vitamin D3 Supplement,Supplement,1,12,12,C2474,48,Female,Miami,Cash,10%
T4691,12-04-2021,P034,Hair Growth Serum,Haircare,4,28,112,C4691,53,Female,Boston,Mobile Payment,0%
T4975,13-04-2021,P049,Antifungal Powder,Medicine,2,10,20,C4975,49,Male,Denver,Mobile Payment,0%
T3842,14-04-2021,P021,Hand Sanitizer,Hygiene,5,3,15,C3842,18,Male,Miami,Mobile Payment,10%
T3398,14-04-2021,P001,Pain Relief Capsule,Medicine,2,10,20,C3398,20,Male,Boston,Credit Card,10%
T0702,14-04-2021,P044,Joint Health Tablets,Supplement,5,32,160,C0702,60,Male,Miami,Cash,10%
T1333,14-04-2021,P050,Ear Drops,Medicine,5,6,30,C1333,21,Male,San Francisco,Mobile Payment,5%
T0250,14-04-2021,P042,Green Tea Capsules,Supplement,1,10,10,C0250,54,Male,New York,Cash,5%
T3097,14-04-2021,P006,Cough Drops,Medicine,4,2.5,10,C3097,54,Male,Los Angeles,Credit Card,15%
T0096,15-04-2021,P034,Hair Growth Serum,Haircare,2,28,56,C0096,18,Female,Seattle,Cash,15%
T1781,15-04-2021,P013,Probiotic Supplement,Supplement,3,20,60,C1781,55,Female,Houston,Mobile Payment,15%
T0972,15-04-2021,P017,Anti-Dandruff Shampoo,Haircare,4,14,56,C0972,38,Male,Boston,Mobile Payment,0%
T1731,15-04-2021,P030,Heart Health Supplement,Supplement,4,35,140,C1731,34,Female,Seattle,Debit Card,5%
T1974,16-04-2021,P031,Hydration Powder,Nutrition,1,7,7,C1974,41,Female,Los Angeles,Credit Card,15%
T4601,16-04-2021,P008,Fish Oil Capsules,Supplement,2,18,36,C4601,28,Male,Houston,Mobile Payment,10%
T2574,16-04-2021,P018,Moisturizing Lotion,Skincare,4,18,72,C2574,52,Male,New York,Mobile Payment,10%
T0296,17-04-2021,P037,Natural Deodorant,Hygiene,2,9,18,C0296,32,Male,Denver,Credit Card,5%
T3237,17-04-2021,P027,All-Purpose Ointment,Medicine,1,6,6,C3237,30,Female,Los Angeles,Mobile Payment,0%
T1852,17-04-2021,P031,Hydration Powder,Nutrition,4,7,28,C1852,62,Male,Houston,Debit Card,10%
T0657,18-04-2021,P029,Zinc Supplement,Supplement,3,10,30,C0657,46,Female,Boston,Credit Card,0%
T4968,18-04-2021,P006,Cough Drops,Medicine,5,2.5,12.5,C4968,52,Female,Chicago,Debit Card,15%
T0711,19-04-2021,P028,Omega-3 Capsules,Supplement,1,22,22,C0711,38,Female,Denver,Cash,0%
T0641,20-04-2021,P018,Moisturizing Lotion,Skincare,3,18,54,C0641,26,Male,San Francisco,Debit Card,0%
T3349,21-04-2021,P046,Sunblock Cream,Skincare,2,20,40,C3349,21,Male,Miami,Debit Card,5%
T0071,22-04-2021,P032,Caffeine Pills,Supplement,4,5,20,C0071,51,Female,San Francisco,Debit Card,5%
T3767,23-04-2021,P034,Hair Growth Serum,Haircare,5,28,140,C3767,41,Male,Chicago,Credit Card,15%
T4706,23-04-2021,P005,Vitamin D3 Supplement,Supplement,3,12,36,C4706,47,Female,Boston,Cash,15%
T2989,23-04-2021,P048,Hydrocortisone Cream,Medicine,2,5,10,C2989,38,Male,San Francisco,Mobile Payment,0%
T3819,24-04-2021,P002,Multivitamin Tablet,Supplement,1,15,15,C3819,35,Male,Denver,Cash,15%
T3587,24-04-2021,P020,Elderberry Syrup,Medicine,5,22,110,C3587,31,Female,Houston,Debit Card,10%
T1325,25-04-2021,P036,Tea Tree Oil,Skincare,1,12,12,C1325,39,Female,Seattle,Mobile Payment,0%
T3044,25-04-2021,P007,Diabetic Test Strips,Medical Equipment,2,50,100,C3044,63,Male,Boston,Credit Card,5%
T0806,25-04-2021,P031,Hydration Powder,Nutrition,2,7,14,C0806,32,Male,Chicago,Mobile Payment,0%
T3822,26-04-2021,P036,Tea Tree Oil,Skincare,3,12,36,C3822,26,Female,San Francisco,Mobile Payment,15%
T0930,26-04-2021,P003,Cold Syrup,Medicine,1,8,8,C0930,60,Female,Chicago,Debit Card,5%
T1674,27-04-2021,P013,Probiotic Supplement,Supplement,5,20,100,C1674,40,Male,Denver,Debit Card,5%
T2074,28-04-2021,P047,Coconut Oil,Haircare,5,12,60,C2074,45,Female,Los Angeles,Credit Card,10%
T3850,28-04-2021,P024,Collagen Powder,Supplement,2,30,60,C3850,44,Male,Miami,Debit Card,0%
T0424,29-04-2021,P031,Hydration Powder,Nutrition,4,7,28,C0424,43,Female,Seattle,Mobile Payment,15%
T3524,29-04-2021,P049,Antifungal Powder,Medicine,4,10,40,C3524,43,Female,Miami,Mobile Payment,15%
T2017,29-04-2021,P014,Calcium Tablets,Supplement,5,15,75,C2017,53,Male,Miami,Mobile Payment,15%
T0769,30-04-2021,P002,Multivitamin Tablet,Supplement,1,15,15,C0769,56,Female,San Francisco,Debit Card,10%
T1946,30-04-2021,P034,Hair Growth Serum,Haircare,3,28,84,C1946,29,Male,Seattle,Credit Card,0%
T0289,01-05-2021,P010,Lip Balm,Skincare,1,7,7,C0289,31,Male,New York,Credit Card,15%
T0153,01-05-2021,P041,Digestive Enzymes,Supplement,1,18,18,C0153,55,Male,New York,Cash,15%
T1101,02-05-2021,P012,Organic Face Wash,Skincare,1,10,10,C1101,58,Female,Boston,Mobile Payment,5%
T2498,02-05-2021,P019,Aloe Vera Gel,Skincare,1,8,8,C2498,49,Male,Denver,Credit Card,15%
T3611,02-05-2021,P006,Cough Drops,Medicine,5,2.5,12.5,C3611,46,Female,Boston,Cash,5%
T2018,02-05-2021,P045,Vitamin C Serum,Skincare,1,25,25,C2018,31,Female,San Francisco,Debit Card,15%
T3386,04-05-2021,P002,Multivitamin Tablet,Supplement,2,15,30,C3386,65,Male,Los Angeles,Mobile Payment,10%
T1000,04-05-2021,P027,All-Purpose Ointment,Medicine,2,6,12,C1000,36,Female,Denver,Mobile Payment,10%
T0749,04-05-2021,P008,Fish Oil Capsules,Supplement,2,18,36,C0749,55,Male,Miami,Mobile Payment,15%
T3273,05-05-2021,P035,Anti-Wrinkle Cream,Skincare,3,45,135,C3273,60,Male,Chicago,Cash,10%
T4770,05-05-2021,P040,Hair Conditioner,Haircare,4,13,52,C4770,58,Male,Los Angeles,Mobile Payment,0%
T0085,05-05-2021,P038,Liver Health Supplement,Supplement,3,20,60,C0085,44,Male,New York,Mobile Payment,10%
T0722,06-05-2021,P030,Heart Health Supplement,Supplement,3,35,105,C0722,20,Male,Chicago,Debit Card,0%
T0354,06-05-2021,P015,Protein Powder,Nutrition,3,25,75,C0354,18,Female,Chicago,Mobile Payment,0%
T2319,07-05-2021,P011,Herbal Shampoo,Haircare,3,12,36,C2319,20,Female,Boston,Debit Card,15%
T4592,07-05-2021,P034,Hair Growth Serum,Haircare,2,28,56,C4592,51,Female,Seattle,Cash,10%
T1686,08-05-2021,P024,Collagen Powder,Supplement,2,30,60,C1686,19,Female,New York,Mobile Payment,5%
T1957,08-05-2021,P025,Eye Drops,Medicine,4,12,48,C1957,26,Male,Boston,Debit Card,10%
T2402,08-05-2021,P017,Anti-Dandruff Shampoo,Haircare,3,14,42,C2402,32,Female,Denver,Cash,0%
T3835,09-05-2021,P044,Joint Health Tablets,Supplement,3,32,96,C3835,44,Male,Los Angeles,Mobile Payment,0%
T0879,09-05-2021,P014,Calcium Tablets,Supplement,2,15,30,C0879,21,Male,Miami,Mobile Payment,15%
T1866,09-05-2021,P016,Energy Drink,Beverage,1,5,5,C1866,45,Male,Miami,Credit Card,5%
T2174,09-05-2021,P041,Digestive Enzymes,Supplement,4,18,72,C2174,37,Male,San Francisco,Debit Card,10%
T3047,10-05-2021,P032,Caffeine Pills,Supplement,1,5,5,C3047,18,Female,New York,Mobile Payment,5%
T4995,10-05-2021,P029,Zinc Supplement,Supplement,2,10,20,C4995,33,Male,San Francisco,Cash,10%
T3706,11-05-2021,P040,Hair Conditioner,Haircare,3,13,39,C3706,31,Female,Boston,Debit Card,5%
T3123,11-05-2021,P029,Zinc Supplement,Supplement,2,10,20,C3123,46,Male,Los Angeles,Cash,5%
T1596,13-05-2021,P025,Eye Drops,Medicine,3,12,36,C1596,47,Male,San Francisco,Credit Card,5%
T1046,13-05-2021,P017,Anti-Dandruff Shampoo,Haircare,3,14,42,C1046,53,Female,Houston,Mobile Payment,0%
T3813,15-05-2021,P041,Digestive Enzymes,Supplement,2,18,36,C3813,34,Male,New York,Cash,5%
T3683,15-05-2021,P003,Cold Syrup,Medicine,5,8,40,C3683,18,Female,Seattle,Cash,15%
T4807,16-05-2021,P050,Ear Drops,Medicine,4,6,24,C4807,62,Female,Denver,Debit Card,15%
T2413,16-05-2021,P049,Antifungal Powder,Medicine,3,10,30,C2413,37,Male,Seattle,Debit Card,0%
T2909,16-05-2021,P030,Heart Health Supplement,Supplement,2,35,70,C2909,59,Male,Miami,Mobile Payment,0%
T0038,17-05-2021,P009,Antibacterial Handwash,Hygiene,1,5,5,C0038,20,Female,San Francisco,Cash,5%
T3857,18-05-2021,P033,Foot Cream,Skincare,5,15,75,C3857,52,Female,Houston,Credit Card,0%
T3105,18-05-2021,P029,Zinc Supplement,Supplement,4,10,40,C3105,64,Female,Los Angeles,Credit Card,0%
T2274,19-05-2021,P005,Vitamin D3 Supplement,Supplement,4,12,48,C2274,44,Female,San Francisco,Cash,15%
T4168,19-05-2021,P045,Vitamin C Serum,Skincare,4,25,100,C4168,29,Female,Chicago,Credit Card,15%
T4942,20-05-2021,P023,Acne Treatment Gel,Skincare,3,16,48,C4942,55,Female,Miami,Credit Card,15%
T3161,20-05-2021,P041,Digestive Enzymes,Supplement,3,18,54,C3161,35,Female,Denver,Cash,0%
T2014,22-05-2021,P032,Caffeine Pills,Supplement,4,5,20,C2014,46,Female,Boston,Cash,10%
T2492,22-05-2021,P018,Moisturizing Lotion,Skincare,2,18,36,C2492,56,Male,San Francisco,Debit Card,10%
T4596,22-05-2021,P028,Omega-3 Capsules,Supplement,2,22,44,C4596,19,Male,New York,Mobile Payment,10%
T4655,22-05-2021,P042,Green Tea Capsules,Supplement,3,10,30,C4655,38,Male,Miami,Credit Card,5%
T1327,22-05-2021,P013,Probiotic Supplement,Supplement,1,20,20,C1327,60,Male,San Francisco,Debit Card,10%
T4004,23-05-2021,P027,All-Purpose Ointment,Medicine,1,6,6,C4004,41,Male,San Francisco,Mobile Payment,10%
T2336,23-05-2021,P031,Hydration Powder,Nutrition,3,7,21,C2336,39,Male,Los Angeles,Mobile Payment,0%
T0260,23-05-2021,P017,Anti-Dandruff Shampoo,Haircare,5,14,70,C0260,29,Female,Denver,Credit Card,15%
T4341,23-05-2021,P033,Foot Cream,Skincare,5,15,75,C4341,37,Male,Seattle,Credit Card,15%
T0193,24-05-2021,P043,Pain Relief Patch,Medicine,2,7,14,C0193,21,Female,Houston,Credit Card,0%
T3834,25-05-2021,P001,Pain Relief Capsule,Medicine,5,10,50,C3834,37,Female,Los Angeles,Debit Card,0%
T0304,26-05-2021,P038,Liver Health Supplement,Supplement,4,20,80,C0304,33,Male,San Francisco,Credit Card,15%
T4458,26-05-2021,P026,Muscle Relaxant Cream,Medicine,3,25,75,C4458,65,Male,Los Angeles,Debit Card,10%
T0068,27-05-2021,P022,Toothpaste,Hygiene,3,4,12,C0068,58,Female,San Francisco,Mobile Payment,5%
T2312,27-05-2021,P015,Protein Powder,Nutrition,2,25,50,C2312,21,Female,Denver,Credit Card,0%
T0313,28-05-2021,P049,Antifungal Powder,Medicine,2,10,20,C0313,54,Male,Chicago,Mobile Payment,0%
T4435,28-05-2021,P034,Hair Growth Serum,Haircare,2,28,56,C4435,41,Male,Houston,Debit Card,0%
T3884,28-05-2021,P022,Toothpaste,Hygiene,1,4,4,C3884,56,Male,Denver,Mobile Payment,0%
T2039,28-05-2021,P047,Coconut Oil,Haircare,4,12,48,C2039,52,Male,Denver,Cash,15%
T3578,28-05-2021,P032,Caffeine Pills,Supplement,5,5,25,C3578,56,Female,San Francisco,Credit Card,5%
T1506,29-05-2021,P005,Vitamin D3 Supplement,Supplement,5,12,60,C1506,65,Male,Houston,Mobile Payment,5%
T4129,29-05-2021,P034,Hair Growth Serum,Haircare,1,28,28,C4129,38,Male,Denver,Debit Card,10%
T4825,30-05-2021,P035,Anti-Wrinkle Cream,Skincare,2,45,90,C4825,41,Male,Boston,Credit Card,5%
T0648,30-05-2021,P004,Anti-Allergy Cream,Skincare,5,25,125,C0648,19,Male,New York,Debit Card,10%
T2081,30-05-2021,P026,Muscle Relaxant Cream,Medicine,4,25,100,C2081,49,Female,Denver,Credit Card,10%
T3838,30-05-2021,P045,Vitamin C Serum,Skincare,1,25,25,C3838,61,Male,New York,Credit Card,5%
T3761,30-05-2021,P043,Pain Relief Patch,Medicine,1,7,7,C3761,39,Male,Miami,Cash,5%
T4021,31-05-2021,P014,Calcium Tablets,Supplement,2,15,30,C4021,42,Male,San Francisco,Debit Card,0%
T2627,31-05-2021,P006,Cough Drops,Medicine,1,2.5,2.5,C2627,51,Female,Miami,Mobile Payment,15%
T4457,31-05-2021,P005,Vitamin D3 Supplement,Supplement,1,12,12,C4457,35,Female,Houston,Debit Card,10%
T4636,31-05-2021,P029,Zinc Supplement,Supplement,3,10,30,C4636,62,Male,Houston,Credit Card,15%
T0136,01-06-2021,P045,Vitamin C Serum,Skincare,2,25,50,C0136,61,Male,Los Angeles,Cash,10%
T2320,03-06-2021,P031,Hydration Powder,Nutrition,2,7,14,C2320,20,Female,San Francisco,Debit Card,5%
T0655,04-06-2021,P014,Calcium Tablets,Supplement,5,15,75,C0655,61,Male,San Francisco,Cash,5%
T3940,04-06-2021,P001,Pain Relief Capsule,Medicine,4,10,40,C3940,19,Male,Chicago,Credit Card,0%
T1286,04-06-2021,P005,Vitamin D3 Supplement,Supplement,5,12,60,C1286,36,Male,Los Angeles,Mobile Payment,10%
T1112,04-06-2021,P013,Probiotic Supplement,Supplement,5,20,100,C1112,50,Female,Seattle,Debit Card,15%
T3109,04-06-2021,P027,All-Purpose Ointment,Medicine,2,6,12,C3109,30,Female,Houston,Mobile Payment,10%
T4455,06-06-2021,P010,Lip Balm,Skincare,5,7,35,C4455,19,Male,Denver,Cash,15%
T0712,06-06-2021,P035,Anti-Wrinkle Cream,Skincare,5,45,225,C0712,34,Male,Denver,Mobile Payment,0%
T2482,06-06-2021,P018,Moisturizing Lotion,Skincare,1,18,18,C2482,36,Male,Denver,Cash,0%
T0558,07-06-2021,P026,Muscle Relaxant Cream,Medicine,5,25,125,C0558,39,Female,Miami,Mobile Payment,15%
T0231,07-06-2021,P028,Omega-3 Capsules,Supplement,3,22,66,C0231,56,Male,Seattle,Mobile Payment,10%
T4069,08-06-2021,P038,Liver Health Supplement,Supplement,2,20,40,C4069,45,Female,Miami,Mobile Payment,15%
T4696,08-06-2021,P025,Eye Drops,Medicine,1,12,12,C4696,61,Female,Denver,Cash,15%
T0563,08-06-2021,P016,Energy Drink,Beverage,1,5,5,C0563,18,Male,Los Angeles,Mobile Payment,10%
T2500,08-06-2021,P025,Eye Drops,Medicine,3,12,36,C2500,48,Male,Boston,Credit Card,5%
T0212,10-06-2021,P046,Sunblock Cream,Skincare,3,20,60,C0212,58,Male,San Francisco,Mobile Payment,10%
T1075,10-06-2021,P022,Toothpaste,Hygiene,3,4,12,C1075,36,Male,New York,Credit Card,15%
T4693,11-06-2021,P034,Hair Growth Serum,Haircare,1,28,28,C4693,32,Male,Miami,Mobile Payment,10%
T1388,11-06-2021,P027,All-Purpose Ointment,Medicine,5,6,30,C1388,61,Male,San Francisco,Cash,0%
T4037,11-06-2021,P026,Muscle Relaxant Cream,Medicine,3,25,75,C4037,18,Male,San Francisco,Debit Card,15%
T4700,13-06-2021,P010,Lip Balm,Skincare,4,7,28,C4700,60,Female,Denver,Credit Card,0%
T1609,13-06-2021,P037,Natural Deodorant,Hygiene,2,9,18,C1609,34,Male,Boston,Cash,0%
T1039,14-06-2021,P045,Vitamin C Serum,Skincare,1,25,25,C1039,56,Female,Miami,Debit Card,10%
T2354,15-06-2021,P035,Anti-Wrinkle Cream,Skincare,4,45,180,C2354,58,Female,San Francisco,Mobile Payment,15%
T2178,16-06-2021,P044,Joint Health Tablets,Supplement,4,32,128,C2178,46,Male,Denver,Debit Card,5%
T4548,16-06-2021,P032,Caffeine Pills,Supplement,2,5,10,C4548,58,Male,San Francisco,Debit Card,10%
T4748,17-06-2021,P046,Sunblock Cream,Skincare,3,20,60,C4748,33,Male,Houston,Cash,5%
T3152,18-06-2021,P006,Cough Drops,Medicine,3,2.5,7.5,C3152,44,Female,New York,Cash,5%
T3682,18-06-2021,P008,Fish Oil Capsules,Supplement,3,18,54,C3682,55,Male,Miami,Mobile Payment,10%
T0894,18-06-2021,P045,Vitamin C Serum,Skincare,5,25,125,C0894,21,Female,Los Angeles,Debit Card,10%
T4685,19-06-2021,P020,Elderberry Syrup,Medicine,5,22,110,C4685,49,Male,New York,Credit Card,5%
T4982,19-06-2021,P044,Joint Health Tablets,Supplement,3,32,96,C4982,24,Male,New York,Mobile Payment,10%
T0846,19-06-2021,P020,Elderberry Syrup,Medicine,2,22,44,C0846,55,Female,Seattle,Credit Card,5%
T2988,19-06-2021,P047,Coconut Oil,Haircare,1,12,12,C2988,40,Female,Los Angeles,Mobile Payment,5%
T4196,19-06-2021,P038,Liver Health Supplement,Supplement,4,20,80,C4196,34,Male,Denver,Debit Card,10%
T3968,19-06-2021,P011,Herbal Shampoo,Haircare,2,12,24,C3968,42,Female,Houston,Cash,5%
T0951,19-06-2021,P031,Hydration Powder,Nutrition,4,7,28,C0951,58,Female,Miami,Cash,0%
T3885,21-06-2021,P015,Protein Powder,Nutrition,5,25,125,C3885,31,Male,Miami,Mobile Payment,10%
T0885,21-06-2021,P049,Antifungal Powder,Medicine,5,10,50,C0885,61,Male,Los Angeles,Credit Card,0%
T3006,21-06-2021,P023,Acne Treatment Gel,Skincare,1,16,16,C3006,65,Male,Houston,Debit Card,5%
T2156,21-06-2021,P043,Pain Relief Patch,Medicine,4,7,28,C2156,19,Female,Miami,Debit Card,0%
T1768,21-06-2021,P045,Vitamin C Serum,Skincare,3,25,75,C1768,40,Male,Miami,Cash,0%
T1666,21-06-2021,P004,Anti-Allergy Cream,Skincare,5,25,125,C1666,47,Female,New York,Credit Card,5%
T1652,23-06-2021,P022,Toothpaste,Hygiene,2,4,8,C1652,52,Female,Denver,Mobile Payment,15%
T3521,23-06-2021,P041,Digestive Enzymes,Supplement,5,18,90,C3521,24,Female,Denver,Mobile Payment,5%
T0114,23-06-2021,P046,Sunblock Cream,Skincare,4,20,80,C0114,54,Male,New York,Cash,15%
T0052,23-06-2021,P001,Pain Relief Capsule,Medicine,1,10,10,C0052,37,Female,Denver,Credit Card,15%
T4956,24-06-2021,P025,Eye Drops,Medicine,4,12,48,C4956,63,Male,San Francisco,Mobile Payment,0%
T3669,24-06-2021,P050,Ear Drops,Medicine,3,6,18,C3669,32,Male,Chicago,Cash,15%
T3113,25-06-2021,P017,Anti-Dandruff Shampoo,Haircare,3,14,42,C3113,58,Female,Chicago,Debit Card,5%
T4774,25-06-2021,P041,Digestive Enzymes,Supplement,4,18,72,C4774,47,Female,Los Angeles,Credit Card,10%
T1071,25-06-2021,P026,Muscle Relaxant Cream,Medicine,5,25,125,C1071,61,Male,New York,Credit Card,5%
T3539,25-06-2021,P002,Multivitamin Tablet,Supplement,2,15,30,C3539,23,Male,Seattle,Cash,0%
T3310,25-06-2021,P039,Nasal Spray,Medicine,1,8,8,C3310,20,Male,Seattle,Credit Card,15%
T2676,26-06-2021,P035,Anti-Wrinkle Cream,Skincare,4,45,180,C2676,24,Male,Denver,Cash,0%
T1782,27-06-2021,P021,Hand Sanitizer,Hygiene,3,3,9,C1782,56,Male,Los Angeles,Credit Card,0%
T1016,27-06-2021,P043,Pain Relief Patch,Medicine,5,7,35,C1016,22,Male,Miami,Cash,10%
T2394,28-06-2021,P041,Digestive Enzymes,Supplement,3,18,54,C2394,52,Female,Boston,Debit Card,5%
T0696,28-06-2021,P031,Hydration Powder,Nutrition,1,7,7,C0696,64,Male,San Francisco,Cash,15%
T3796,28-06-2021,P030,Heart Health Supplement,Supplement,4,35,140,C3796,65,Female,Chicago,Mobile Payment,10%
T4760,29-06-2021,P030,Heart Health Supplement,Supplement,4,35,140,C4760,56,Female,Seattle,Debit Card,0%
T2821,30-06-2021,P011,Herbal Shampoo,Haircare,2,12,24,C2821,54,Female,Boston,Credit Card,10%
T1790,30-06-2021,P035,Anti-Wrinkle Cream,Skincare,1,45,45,C1790,52,Male,Seattle,Credit Card,5%
T0165,30-06-2021,P002,Multivitamin Tablet,Supplement,2,15,30,C0165,44,Male,New York,Mobile Payment,10%
T4729,01-07-2021,P037,Natural Deodorant,Hygiene,2,9,18,C4729,51,Female,Miami,Debit Card,15%
T3750,02-07-2021,P021,Hand Sanitizer,Hygiene,4,3,12,C3750,23,Female,Boston,Debit Card,0%
T3996,03-07-2021,P016,Energy Drink,Beverage,4,5,20,C3996,65,Male,Houston,Credit Card,15%
T4931,05-07-2021,P013,Probiotic Supplement,Supplement,3,20,60,C4931,60,Male,Chicago,Debit Card,5%
T0634,05-07-2021,P037,Natural Deodorant,Hygiene,4,9,36,C0634,18,Female,Denver,Credit Card,5%
T4372,06-07-2021,P011,Herbal Shampoo,Haircare,3,12,36,C4372,27,Female,New York,Debit Card,15%
T2912,06-07-2021,P018,Moisturizing Lotion,Skincare,5,18,90,C2912,31,Male,Denver,Cash,10%
T2220,07-07-2021,P002,Multivitamin Tablet,Supplement,4,15,60,C2220,31,Male,Boston,Debit Card,10%
T2818,07-07-2021,P043,Pain Relief Patch,Medicine,5,7,35,C2818,41,Male,Boston,Mobile Payment,15%
T0996,09-07-2021,P030,Heart Health Supplement,Supplement,1,35,35,C0996,49,Female,San Francisco,Mobile Payment,5%
T2332,09-07-2021,P019,Aloe Vera Gel,Skincare,3,8,24,C2332,19,Female,Houston,Debit Card,10%
T0791,09-07-2021,P001,Pain Relief Capsule,Medicine,4,10,40,C0791,46,Female,San Francisco,Debit Card,5%
T2748,10-07-2021,P022,Toothpaste,Hygiene,2,4,8,C2748,45,Male,Miami,Credit Card,5%
T1675,10-07-2021,P048,Hydrocortisone Cream,Medicine,4,5,20,C1675,22,Male,Boston,Debit Card,10%
T2595,11-07-2021,P006,Cough Drops,Medicine,5,2.5,12.5,C2595,34,Male,Boston,Debit Card,0%
T4105,12-07-2021,P048,Hydrocortisone Cream,Medicine,5,5,25,C4105,33,Male,New York,Credit Card,10%
T3439,12-07-2021,P010,Lip Balm,Skincare,3,7,21,C3439,54,Female,Miami,Mobile Payment,15%
T3789,13-07-2021,P014,Calcium Tablets,Supplement,5,15,75,C3789,37,Male,Miami,Mobile Payment,15%
T0249,14-07-2021,P006,Cough Drops,Medicine,2,2.5,5,C0249,22,Male,Boston,Debit Card,10%
T1884,15-07-2021,P034,Hair Growth Serum,Haircare,3,28,84,C1884,31,Male,San Francisco,Credit Card,10%
T2207,15-07-2021,P048,Hydrocortisone Cream,Medicine,3,5,15,C2207,45,Male,Houston,Debit Card,0%
T4950,16-07-2021,P037,Natural Deodorant,Hygiene,5,9,45,C4950,45,Male,Seattle,Debit Card,5%
T3284,16-07-2021,P008,Fish Oil Capsules,Supplement,1,18,18,C3284,50,Female,Houston,Mobile Payment,15%
T0143,16-07-2021,P004,Anti-Allergy Cream,Skincare,3,25,75,C0143,59,Male,San Francisco,Cash,0%
T3249,16-07-2021,P012,Organic Face Wash,Skincare,2,10,20,C3249,59,Female,Denver,Mobile Payment,15%
T3107,17-07-2021,P015,Protein Powder,Nutrition,2,25,50,C3107,59,Female,Los Angeles,Credit Card,5%
T3026,17-07-2021,P034,Hair Growth Serum,Haircare,4,28,112,C3026,46,Female,Los Angeles,Debit Card,0%
T1033,18-07-2021,P014,Calcium Tablets,Supplement,2,15,30,C1033,53,Female,Boston,Cash,10%
T2327,19-07-2021,P018,Moisturizing Lotion,Skincare,2,18,36,C2327,52,Female,Chicago,Debit Card,15%
T2752,19-07-2021,P038,Liver Health Supplement,Supplement,4,20,80,C2752,23,Female,Los Angeles,Mobile Payment,10%
T3998,20-07-2021,P027,All-Purpose Ointment,Medicine,3,6,18,C3998,51,Male,Seattle,Mobile Payment,0%
T1156,21-07-2021,P050,Ear Drops,Medicine,4,6,24,C1156,36,Male,Chicago,Mobile Payment,0%
T2626,21-07-2021,P025,Eye Drops,Medicine,5,12,60,C2626,61,Male,Houston,Cash,5%
T2181,21-07-2021,P011,Herbal Shampoo,Haircare,4,12,48,C2181,37,Male,San Francisco,Mobile Payment,10%
T1067,22-07-2021,P050,Ear Drops,Medicine,1,6,6,C1067,48,Female,Chicago,Debit Card,15%
T4668,23-07-2021,P039,Nasal Spray,Medicine,5,8,40,C4668,24,Female,Chicago,Credit Card,5%
T1227,23-07-2021,P013,Probiotic Supplement,Supplement,2,20,40,C1227,57,Male,Miami,Debit Card,10%
T1175,24-07-2021,P016,Energy Drink,Beverage,4,5,20,C1175,32,Female,Chicago,Mobile Payment,5%
T2641,25-07-2021,P004,Anti-Allergy Cream,Skincare,1,25,25,C2641,26,Male,Seattle,Mobile Payment,10%
T0389,25-07-2021,P012,Organic Face Wash,Skincare,3,10,30,C0389,33,Male,Miami,Debit Card,10%
T1748,25-07-2021,P014,Calcium Tablets,Supplement,1,15,15,C1748,27,Female,Seattle,Debit Card,5%
T2214,27-07-2021,P032,Caffeine Pills,Supplement,3,5,15,C2214,45,Male,Miami,Mobile Payment,15%
T3085,29-07-2021,P031,Hydration Powder,Nutrition,5,7,35,C3085,52,Female,Chicago,Debit Card,0%
T1971,29-07-2021,P030,Heart Health Supplement,Supplement,4,35,140,C1971,19,Male,Houston,Mobile Payment,15%
T1459,29-07-2021,P010,Lip Balm,Skincare,1,7,7,C1459,31,Female,Boston,Debit Card,0%
T0314,29-07-2021,P009,Antibacterial Handwash,Hygiene,3,5,15,C0314,31,Male,New York,Cash,10%
T3115,30-07-2021,P025,Eye Drops,Medicine,2,12,24,C3115,59,Male,Los Angeles,Credit Card,5%
T0192,30-07-2021,P035,Anti-Wrinkle Cream,Skincare,3,45,135,C0192,29,Female,Chicago,Credit Card,0%
T0117,30-07-2021,P041,Digestive Enzymes,Supplement,5,18,90,C0117,65,Female,Denver,Debit Card,15%
T4880,30-07-2021,P022,Toothpaste,Hygiene,1,4,4,C4880,54,Male,San Francisco,Debit Card,15%
T0519,31-07-2021,P013,Probiotic Supplement,Supplement,4,20,80,C0519,28,Male,Houston,Debit Card,15%
T3370,31-07-2021,P045,Vitamin C Serum,Skincare,1,25,25,C3370,58,Female,Chicago,Debit Card,5%
T4947,31-07-2021,P048,Hydrocortisone Cream,Medicine,1,5,5,C4947,30,Female,Denver,Cash,5%
T1595,31-07-2021,P005,Vitamin D3 Supplement,Supplement,3,12,36,C1595,64,Female,Boston,Cash,10%
T0162,01-08-2021,P032,Caffeine Pills,Supplement,5,5,25,C0162,55,Female,Los Angeles,Debit Card,5%
T4373,02-08-2021,P034,Hair Growth Serum,Haircare,1,28,28,C4373,36,Male,New York,Mobile Payment,0%
T4087,03-08-2021,P035,Anti-Wrinkle Cream,Skincare,5,45,225,C4087,38,Male,Denver,Debit Card,0%
T2899,03-08-2021,P030,Heart Health Supplement,Supplement,4,35,140,C2899,54,Male,Boston,Cash,15%
T1819,04-08-2021,P004,Anti-Allergy Cream,Skincare,5,25,125,C1819,64,Female,Houston,Cash,5%
T1987,04-08-2021,P026,Muscle Relaxant Cream,Medicine,5,25,125,C1987,20,Female,Seattle,Credit Card,0%
T3786,05-08-2021,P003,Cold Syrup,Medicine,5,8,40,C3786,61,Female,Chicago,Credit Card,0%
T4777,05-08-2021,P026,Muscle Relaxant Cream,Medicine,1,25,25,C4777,53,Female,New York,Cash,0%
T2087,06-08-2021,P028,Omega-3 Capsules,Supplement,5,22,110,C2087,47,Male,Seattle,Cash,10%
T3476,06-08-2021,P017,Anti-Dandruff Shampoo,Haircare,2,14,28,C3476,58,Female,Los Angeles,Debit Card,10%
T2064,06-08-2021,P014,Calcium Tablets,Supplement,4,15,60,C2064,24,Male,Houston,Cash,10%
T0975,07-08-2021,P043,Pain Relief Patch,Medicine,5,7,35,C0975,50,Male,Miami,Cash,15%
T3378,07-08-2021,P010,Lip Balm,Skincare,5,7,35,C3378,18,Male,Chicago,Credit Card,5%
T1349,07-08-2021,P002,Multivitamin Tablet,Supplement,2,15,30,C1349,59,Female,Chicago,Debit Card,0%
T3148,07-08-2021,P040,Hair Conditioner,Haircare,5,13,65,C3148,65,Male,Seattle,Credit Card,10%
T1426,08-08-2021,P016,Energy Drink,Beverage,3,5,15,C1426,18,Female,Denver,Mobile Payment,10%
T3469,08-08-2021,P006,Cough Drops,Medicine,5,2.5,12.5,C3469,26,Male,Houston,Credit Card,15%
T3889,09-08-2021,P048,Hydrocortisone Cream,Medicine,2,5,10,C3889,63,Male,New York,Cash,0%
T4531,09-08-2021,P015,Protein Powder,Nutrition,5,25,125,C4531,46,Female,Boston,Debit Card,0%
T1213,09-08-2021,P017,Anti-Dandruff Shampoo,Haircare,1,14,14,C1213,65,Male,Los Angeles,Cash,15%
T4837,10-08-2021,P020,Elderberry Syrup,Medicine,5,22,110,C4837,29,Male,Seattle,Credit Card,0%
T0976,10-08-2021,P013,Probiotic Supplement,Supplement,4,20,80,C0976,23,Female,Los Angeles,Cash,15%
T2833,10-08-2021,P040,Hair Conditioner,Haircare,3,13,39,C2833,46,Female,Los Angeles,Debit Card,10%
T2137,10-08-2021,P014,Calcium Tablets,Supplement,4,15,60,C2137,61,Male,Houston,Cash,5%
T1272,11-08-2021,P044,Joint Health Tablets,Supplement,2,32,64,C1272,34,Male,Boston,Mobile Payment,0%
T1289,12-08-2021,P036,Tea Tree Oil,Skincare,3,12,36,C1289,28,Female,Chicago,Credit Card,0%
T1138,12-08-2021,P014,Calcium Tablets,Supplement,2,15,30,C1138,35,Male,Seattle,Credit Card,10%
T2786,13-08-2021,P006,Cough Drops,Medicine,3,2.5,7.5,C2786,50,Male,Seattle,Debit Card,0%
T3948,13-08-2021,P044,Joint Health Tablets,Supplement,2,32,64,C3948,31,Female,Los Angeles,Mobile Payment,10%
T4608,13-08-2021,P045,Vitamin C Serum,Skincare,4,25,100,C4608,55,Female,Houston,Mobile Payment,0%
T3309,13-08-2021,P046,Sunblock Cream,Skincare,3,20,60,C3309,25,Male,Boston,Mobile Payment,15%
T2485,13-08-2021,P028,Omega-3 Capsules,Supplement,4,22,88,C2485,32,Male,Los Angeles,Mobile Payment,0%
T1704,14-08-2021,P023,Acne Treatment Gel,Skincare,4,16,64,C1704,36,Female,Houston,Debit Card,15%
T0490,14-08-2021,P030,Heart Health Supplement,Supplement,5,35,175,C0490,18,Female,Los Angeles,Debit Card,15%
T0601,15-08-2021,P050,Ear Drops,Medicine,5,6,30,C0601,38,Male,Denver,Credit Card,15%
T4379,15-08-2021,P045,Vitamin C Serum,Skincare,1,25,25,C4379,21,Female,New York,Credit Card,0%
T2979,15-08-2021,P002,Multivitamin Tablet,Supplement,2,15,30,C2979,30,Female,Seattle,Cash,10%
T3635,15-08-2021,P007,Diabetic Test Strips,Medical Equipment,1,50,50,C3635,57,Male,Chicago,Debit Card,15%
T2619,15-08-2021,P008,Fish Oil Capsules,Supplement,3,18,54,C2619,53,Male,Houston,Cash,0%
T1232,16-08-2021,P033,Foot Cream,Skincare,5,15,75,C1232,63,Female,Seattle,Mobile Payment,10%
T1672,16-08-2021,P011,Herbal Shampoo,Haircare,2,12,24,C1672,43,Male,Miami,Cash,0%
T3782,16-08-2021,P044,Joint Health Tablets,Supplement,3,32,96,C3782,54,Male,Houston,Debit Card,15%
T2843,17-08-2021,P002,Multivitamin Tablet,Supplement,1,15,15,C2843,49,Male,Chicago,Mobile Payment,10%
T3397,17-08-2021,P003,Cold Syrup,Medicine,5,8,40,C3397,34,Female,San Francisco,Debit Card,15%
T3982,17-08-2021,P008,Fish Oil Capsules,Supplement,5,18,90,C3982,28,Female,Denver,Cash,10%
T1604,18-08-2021,P013,Probiotic Supplement,Supplement,3,20,60,C1604,63,Female,Seattle,Debit Card,0%
T3373,18-08-2021,P029,Zinc Supplement,Supplement,5,10,50,C3373,46,Female,Boston,Mobile Payment,15%
T2002,20-08-2021,P050,Ear Drops,Medicine,1,6,6,C2002,55,Female,San Francisco,Debit Card,0%
T2994,21-08-2021,P034,Hair Growth Serum,Haircare,3,28,84,C2994,54,Male,Houston,Cash,5%
T2837,22-08-2021,P019,Aloe Vera Gel,Skincare,1,8,8,C2837,56,Male,Seattle,Cash,15%
T2775,22-08-2021,P030,Heart Health Supplement,Supplement,4,35,140,C2775,50,Male,Houston,Mobile Payment,15%
T2719,23-08-2021,P041,Digestive Enzymes,Supplement,2,18,36,C2719,21,Female,New York,Credit Card,5%
T0325,23-08-2021,P012,Organic Face Wash,Skincare,1,10,10,C0325,56,Female,Seattle,Mobile Payment,5%
T0051,23-08-2021,P010,Lip Balm,Skincare,2,7,14,C0051,30,Male,Los Angeles,Mobile Payment,15%
T0493,23-08-2021,P049,Antifungal Powder,Medicine,1,10,10,C0493,32,Male,Boston,Debit Card,10%
T3021,23-08-2021,P039,Nasal Spray,Medicine,4,8,32,C3021,25,Female,San Francisco,Debit Card,5%
T0397,23-08-2021,P038,Liver Health Supplement,Supplement,4,20,80,C0397,31,Male,New York,Cash,10%
T3969,23-08-2021,P037,Natural Deodorant,Hygiene,5,9,45,C3969,38,Male,San Francisco,Cash,0%
T2679,24-08-2021,P048,Hydrocortisone Cream,Medicine,5,5,25,C2679,52,Male,New York,Credit Card,10%
T4898,24-08-2021,P031,Hydration Powder,Nutrition,5,7,35,C4898,32,Female,San Francisco,Credit Card,10%
T3975,25-08-2021,P005,Vitamin D3 Supplement,Supplement,5,12,60,C3975,25,Male,Denver,Mobile Payment,0%
T2684,25-08-2021,P019,Aloe Vera Gel,Skincare,3,8,24,C2684,54,Male,Miami,Debit Card,15%
T2785,26-08-2021,P050,Ear Drops,Medicine,1,6,6,C2785,54,Female,San Francisco,Credit Card,0%
T4575,27-08-2021,P015,Protein Powder,Nutrition,5,25,125,C4575,49,Male,Denver,Credit Card,15%
T0467,27-08-2021,P019,Aloe Vera Gel,Skincare,4,8,32,C0467,18,Female,New York,Mobile Payment,5%
T2815,28-08-2021,P027,All-Purpose Ointment,Medicine,1,6,6,C2815,58,Female,New York,Credit Card,0%
T3621,30-08-2021,P036,Tea Tree Oil,Skincare,5,12,60,C3621,50,Female,San Francisco,Debit Card,10%
T4832,31-08-2021,P005,Vitamin D3 Supplement,Supplement,5,12,60,C4832,51,Female,Houston,Credit Card,15%
T4143,31-08-2021,P050,Ear Drops,Medicine,3,6,18,C4143,30,Female,Seattle,Debit Card,5%
T2415,01-09-2021,P004,Anti-Allergy Cream,Skincare,2,25,50,C2415,24,Female,Houston,Cash,5%
T3865,02-09-2021,P017,Anti-Dandruff Shampoo,Haircare,4,14,56,C3865,29,Female,New York,Credit Card,10%
T3955,03-09-2021,P019,Aloe Vera Gel,Skincare,1,8,8,C3955,42,Female,Miami,Credit Card,15%
T1845,03-09-2021,P019,Aloe Vera Gel,Skincare,2,8,16,C1845,32,Female,Houston,Cash,5%
T2019,03-09-2021,P018,Moisturizing Lotion,Skincare,2,18,36,C2019,29,Female,Chicago,Debit Card,0%
T3607,04-09-2021,P025,Eye Drops,Medicine,4,12,48,C3607,25,Female,Boston,Cash,15%
T1074,05-09-2021,P042,Green Tea Capsules,Supplement,2,10,20,C1074,58,Male,New York,Debit Card,10%
T0151,05-09-2021,P028,Omega-3 Capsules,Supplement,2,22,44,C0151,57,Female,New York,Credit Card,15%
T4976,05-09-2021,P030,Heart Health Supplement,Supplement,1,35,35,C4976,56,Female,Chicago,Mobile Payment,10%
T3491,05-09-2021,P032,Caffeine Pills,Supplement,3,5,15,C3491,57,Female,Denver,Credit Card,0%
T1225,06-09-2021,P029,Zinc Supplement,Supplement,2,10,20,C1225,49,Male,San Francisco,Mobile Payment,0%
T4781,06-09-2021,P010,Lip Balm,Skincare,3,7,21,C4781,65,Female,Boston,Mobile Payment,5%
T1869,06-09-2021,P014,Calcium Tablets,Supplement,3,15,45,C1869,29,Female,Houston,Mobile Payment,15%
T0130,07-09-2021,P003,Cold Syrup,Medicine,1,8,8,C0130,49,Male,Denver,Mobile Payment,5%
T0342,08-09-2021,P041,Digestive Enzymes,Supplement,5,18,90,C0342,49,Female,Boston,Credit Card,5%
T0183,08-09-2021,P019,Aloe Vera Gel,Skincare,1,8,8,C0183,40,Male,Chicago,Debit Card,0%
T4148,08-09-2021,P029,Zinc Supplement,Supplement,3,10,30,C4148,28,Female,Houston,Cash,15%
T2266,09-09-2021,P024,Collagen Powder,Supplement,1,30,30,C2266,38,Female,San Francisco,Mobile Payment,15%
T2968,09-09-2021,P041,Digestive Enzymes,Supplement,5,18,90,C2968,41,Male,Denver,Mobile Payment,0%
T1485,09-09-2021,P030,Heart Health Supplement,Supplement,2,35,70,C1485,60,Female,Chicago,Mobile Payment,5%
T4997,09-09-2021,P002,Multivitamin Tablet,Supplement,5,15,75,C4997,57,Male,Los Angeles,Mobile Payment,5%
T2411,10-09-2021,P035,Anti-Wrinkle Cream,Skincare,4,45,180,C2411,59,Male,Houston,Cash,5%
T4248,10-09-2021,P044,Joint Health Tablets,Supplement,1,32,32,C4248,62,Male,Houston,Debit Card,10%
T0460,10-09-2021,P034,Hair Growth Serum,Haircare,4,28,112,C0460,62,Male,Denver,Cash,0%
T0935,11-09-2021,P036,Tea Tree Oil,Skincare,1,12,12,C0935,50,Male,Denver,Mobile Payment,5%
T2620,12-09-2021,P036,Tea Tree Oil,Skincare,5,12,60,C2620,55,Female,Los Angeles,Credit Card,0%
T4303,12-09-2021,P040,Hair Conditioner,Haircare,1,13,13,C4303,58,Male,Miami,Mobile Payment,10%
T1300,12-09-2021,P045,Vitamin C Serum,Skincare,2,25,50,C1300,48,Female,Houston,Credit Card,10%
T2763,12-09-2021,P010,Lip Balm,Skincare,1,7,7,C2763,18,Male,Boston,Cash,5%
T2464,12-09-2021,P022,Toothpaste,Hygiene,4,4,16,C2464,35,Female,Miami,Mobile Payment,15%
T4716,13-09-2021,P037,Natural Deodorant,Hygiene,1,9,9,C4716,29,Male,San Francisco,Debit Card,0%
T3327,13-09-2021,P036,Tea Tree Oil,Skincare,4,12,48,C3327,34,Female,Houston,Cash,10%
T0113,13-09-2021,P013,Probiotic Supplement,Supplement,1,20,20,C0113,59,Male,Boston,Debit Card,10%
T3254,14-09-2021,P008,Fish Oil Capsules,Supplement,3,18,54,C3254,59,Male,Chicago,Cash,10%
T1389,14-09-2021,P009,Antibacterial Handwash,Hygiene,3,5,15,C1389,26,Female,Miami,Credit Card,5%
T4130,14-09-2021,P040,Hair Conditioner,Haircare,1,13,13,C4130,55,Female,San Francisco,Mobile Payment,10%
T0080,14-09-2021,P042,Green Tea Capsules,Supplement,5,10,50,C0080,57,Male,Houston,Debit Card,0%
T0204,15-09-2021,P016,Energy Drink,Beverage,4,5,20,C0204,58,Female,Boston,Debit Card,10%
T4230,16-09-2021,P031,Hydration Powder,Nutrition,2,7,14,C4230,49,Male,Chicago,Debit Card,0%
T4749,16-09-2021,P042,Green Tea Capsules,Supplement,4,10,40,C4749,56,Female,Los Angeles,Debit Card,15%
T3677,17-09-2021,P031,Hydration Powder,Nutrition,5,7,35,C3677,47,Male,Boston,Debit Card,10%
T1780,17-09-2021,P015,Protein Powder,Nutrition,5,25,125,C1780,46,Male,Denver,Credit Card,5%
T0542,17-09-2021,P024,Collagen Powder,Supplement,5,30,150,C0542,31,Female,Boston,Debit Card,0%
T3305,17-09-2021,P019,Aloe Vera Gel,Skincare,4,8,32,C3305,21,Male,New York,Credit Card,15%
T0062,18-09-2021,P026,Muscle Relaxant Cream,Medicine,3,25,75,C0062,36,Female,Seattle,Debit Card,0%
T3537,18-09-2021,P014,Calcium Tablets,Supplement,2,15,30,C3537,20,Female,Chicago,Cash,5%
T4006,18-09-2021,P004,Anti-Allergy Cream,Skincare,5,25,125,C4006,47,Female,Boston,Debit Card,15%
T3146,19-09-2021,P017,Anti-Dandruff Shampoo,Haircare,1,14,14,C3146,58,Male,Boston,Mobile Payment,5%
T0480,19-09-2021,P035,Anti-Wrinkle Cream,Skincare,1,45,45,C0480,19,Female,Los Angeles,Mobile Payment,0%
T0592,20-09-2021,P048,Hydrocortisone Cream,Medicine,2,5,10,C0592,63,Male,Miami,Mobile Payment,5%
T4272,20-09-2021,P034,Hair Growth Serum,Haircare,3,28,84,C4272,38,Male,Chicago,Debit Card,0%
T2887,22-09-2021,P048,Hydrocortisone Cream,Medicine,5,5,25,C2887,43,Female,New York,Cash,10%
T1639,22-09-2021,P049,Antifungal Powder,Medicine,3,10,30,C1639,34,Male,Seattle,Debit Card,0%
T1433,23-09-2021,P003,Cold Syrup,Medicine,5,8,40,C1433,32,Male,Boston,Debit Card,10%
T1994,24-09-2021,P022,Toothpaste,Hygiene,4,4,16,C1994,32,Male,Miami,Debit Card,10%
T0958,25-09-2021,P050,Ear Drops,Medicine,3,6,18,C0958,45,Male,Miami,Cash,5%
T2184,26-09-2021,P037,Natural Deodorant,Hygiene,3,9,27,C2184,37,Female,San Francisco,Credit Card,10%
T1313,26-09-2021,P002,Multivitamin Tablet,Supplement,5,15,75,C1313,48,Male,Boston,Mobile Payment,10%
T0479,26-09-2021,P013,Probiotic Supplement,Supplement,2,20,40,C0479,20,Female,Los Angeles,Cash,5%
T1769,27-09-2021,P046,Sunblock Cream,Skincare,4,20,80,C1769,46,Female,Miami,Mobile Payment,5%
T4826,27-09-2021,P039,Nasal Spray,Medicine,1,8,8,C4826,24,Female,Boston,Cash,0%
T2163,27-09-2021,P004,Anti-Allergy Cream,Skincare,3,25,75,C2163,20,Female,Boston,Debit Card,0%
T2364,27-09-2021,P004,Anti-Allergy Cream,Skincare,1,25,25,C2364,21,Male,Los Angeles,Debit Card,10%
T3980,28-09-2021,P015,Protein Powder,Nutrition,2,25,50,C3980,26,Female,Seattle,Debit Card,10%
T4864,28-09-2021,P002,Multivitamin Tablet,Supplement,5,15,75,C4864,44,Male,New York,Debit Card,10%
T3276,30-09-2021,P008,Fish Oil Capsules,Supplement,2,18,36,C3276,22,Male,Houston,Credit Card,15%
T3413,30-09-2021,P050,Ear Drops,Medicine,5,6,30,C3413,33,Female,Boston,Mobile Payment,10%
T2012,01-10-2021,P049,Antifungal Powder,Medicine,1,10,10,C2012,33,Male,San Francisco,Debit Card,5%
T3209,01-10-2021,P030,Heart Health Supplement,Supplement,4,35,140,C3209,24,Female,San Francisco,Credit Card,15%
T3920,01-10-2021,P029,Zinc Supplement,Supplement,3,10,30,C3920,23,Male,Denver,Mobile Payment,10%
T0706,01-10-2021,P036,Tea Tree Oil,Skincare,4,12,48,C0706,64,Male,Los Angeles,Mobile Payment,0%
T0029,02-10-2021,P046,Sunblock Cream,Skincare,2,20,40,C0029,30,Female,Miami,Cash,0%
T4268,02-10-2021,P050,Ear Drops,Medicine,2,6,12,C4268,61,Female,Denver,Cash,15%
T4977,02-10-2021,P024,Collagen Powder,Supplement,5,30,150,C4977,45,Male,Boston,Cash,5%
T4926,03-10-2021,P021,Hand Sanitizer,Hygiene,5,3,15,C4926,40,Male,New York,Cash,15%
T0533,03-10-2021,P018,Moisturizing Lotion,Skincare,4,18,72,C0533,37,Female,Miami,Mobile Payment,5%
T4835,03-10-2021,P023,Acne Treatment Gel,Skincare,3,16,48,C4835,54,Male,Houston,Cash,0%
T4393,04-10-2021,P020,Elderberry Syrup,Medicine,3,22,66,C4393,32,Female,Boston,Debit Card,15%
T4051,05-10-2021,P030,Heart Health Supplement,Supplement,3,35,105,C4051,55,Female,Miami,Mobile Payment,0%
T3465,05-10-2021,P006,Cough Drops,Medicine,4,2.5,10,C3465,26,Female,Boston,Cash,10%
T2233,05-10-2021,P009,Antibacterial Handwash,Hygiene,4,5,20,C2233,44,Female,San Francisco,Credit Card,5%
T0856,06-10-2021,P036,Tea Tree Oil,Skincare,5,12,60,C0856,48,Female,Denver,Credit Card,5%
T2882,09-10-2021,P025,Eye Drops,Medicine,4,12,48,C2882,37,Male,Chicago,Debit Card,10%
T4409,10-10-2021,P003,Cold Syrup,Medicine,3,8,24,C4409,47,Female,Miami,Mobile Payment,5%
T1422,10-10-2021,P015,Protein Powder,Nutrition,1,25,25,C1422,42,Male,Denver,Debit Card,5%
T4434,10-10-2021,P019,Aloe Vera Gel,Skincare,2,8,16,C4434,26,Male,San Francisco,Credit Card,15%
T4384,10-10-2021,P028,Omega-3 Capsules,Supplement,5,22,110,C4384,65,Female,Boston,Debit Card,10%
T4244,10-10-2021,P049,Antifungal Powder,Medicine,5,10,50,C4244,49,Male,Chicago,Mobile Payment,5%
T0326,10-10-2021,P035,Anti-Wrinkle Cream,Skincare,4,45,180,C0326,57,Female,Los Angeles,Credit Card,5%
T2790,12-10-2021,P025,Eye Drops,Medicine,5,12,60,C2790,23,Male,New York,Debit Card,0%
T4762,12-10-2021,P003,Cold Syrup,Medicine,1,8,8,C4762,38,Male,Denver,Mobile Payment,10%
T3117,12-10-2021,P031,Hydration Powder,Nutrition,3,7,21,C3117,34,Female,Houston,Mobile Payment,5%
T2586,12-10-2021,P044,Joint Health Tablets,Supplement,5,32,160,C2586,25,Female,Miami,Debit Card,0%
T2091,12-10-2021,P040,Hair Conditioner,Haircare,1,13,13,C2091,48,Female,Miami,Mobile Payment,15%
T1078,12-10-2021,P043,Pain Relief Patch,Medicine,2,7,14,C1078,22,Female,San Francisco,Credit Card,0%
T0454,13-10-2021,P039,Nasal Spray,Medicine,1,8,8,C0454,38,Female,San Francisco,Mobile Payment,10%
T2071,13-10-2021,P035,Anti-Wrinkle Cream,Skincare,3,45,135,C2071,47,Male,Denver,Mobile Payment,15%
T4492,13-10-2021,P008,Fish Oil Capsules,Supplement,1,18,18,C4492,48,Male,New York,Credit Card,10%
T3228,14-10-2021,P008,Fish Oil Capsules,Supplement,5,18,90,C3228,52,Female,Houston,Mobile Payment,10%
T0765,14-10-2021,P038,Liver Health Supplement,Supplement,1,20,20,C0765,54,Female,Houston,Credit Card,15%
T2044,14-10-2021,P038,Liver Health Supplement,Supplement,1,20,20,C2044,39,Male,Miami,Cash,10%
T1942,14-10-2021,P019,Aloe Vera Gel,Skincare,1,8,8,C1942,26,Male,Boston,Cash,5%
T4014,15-10-2021,P003,Cold Syrup,Medicine,2,8,16,C4014,50,Female,New York,Mobile Payment,10%
T3623,15-10-2021,P001,Pain Relief Capsule,Medicine,4,10,40,C3623,51,Female,Los Angeles,Debit Card,0%
T3592,15-10-2021,P043,Pain Relief Patch,Medicine,2,7,14,C3592,19,Male,Miami,Credit Card,0%
T4786,16-10-2021,P050,Ear Drops,Medicine,4,6,24,C4786,25,Female,Boston,Credit Card,5%
T4727,16-10-2021,P033,Foot Cream,Skincare,1,15,15,C4727,40,Female,Seattle,Cash,15%
T0917,16-10-2021,P011,Herbal Shampoo,Haircare,3,12,36,C0917,31,Male,Los Angeles,Mobile Payment,15%
T0775,17-10-2021,P037,Natural Deodorant,Hygiene,3,9,27,C0775,26,Female,Miami,Debit Card,5%
T1228,17-10-2021,P038,Liver Health Supplement,Supplement,4,20,80,C1228,57,Female,Denver,Debit Card,5%
T1811,19-10-2021,P004,Anti-Allergy Cream,Skincare,4,25,100,C1811,56,Female,Miami,Debit Card,10%
T4650,19-10-2021,P013,Probiotic Supplement,Supplement,2,20,40,C4650,43,Male,New York,Mobile Payment,15%
T3988,20-10-2021,P011,Herbal Shampoo,Haircare,4,12,48,C3988,34,Male,Boston,Debit Card,10%
T3852,20-10-2021,P009,Antibacterial Handwash,Hygiene,2,5,10,C3852,52,Female,Houston,Mobile Payment,15%
T0210,21-10-2021,P043,Pain Relief Patch,Medicine,1,7,7,C0210,19,Male,Miami,Mobile Payment,5%
T3749,21-10-2021,P037,Natural Deodorant,Hygiene,2,9,18,C3749,19,Female,Chicago,Debit Card,15%
T4107,21-10-2021,P040,Hair Conditioner,Haircare,1,13,13,C4107,30,Male,Denver,Credit Card,15%
T3576,22-10-2021,P046,Sunblock Cream,Skincare,2,20,40,C3576,41,Female,Los Angeles,Mobile Payment,15%
T3423,22-10-2021,P025,Eye Drops,Medicine,4,12,48,C3423,64,Male,Miami,Mobile Payment,15%
T2860,22-10-2021,P032,Caffeine Pills,Supplement,2,5,10,C2860,29,Female,Miami,Debit Card,0%
T1496,23-10-2021,P002,Multivitamin Tablet,Supplement,2,15,30,C1496,23,Male,Los Angeles,Debit Card,5%
T2958,23-10-2021,P033,Foot Cream,Skincare,5,15,75,C2958,45,Male,Houston,Credit Card,15%
T4550,23-10-2021,P029,Zinc Supplement,Supplement,1,10,10,C4550,63,Male,Miami,Mobile Payment,15%
T4402,24-10-2021,P030,Heart Health Supplement,Supplement,5,35,175,C4402,20,Female,Seattle,Credit Card,15%
T4451,24-10-2021,P028,Omega-3 Capsules,Supplement,4,22,88,C4451,50,Male,San Francisco,Mobile Payment,5%
T2630,24-10-2021,P043,Pain Relief Patch,Medicine,1,7,7,C2630,34,Female,Seattle,Debit Card,15%
T3103,25-10-2021,P003,Cold Syrup,Medicine,3,8,24,C3103,42,Male,Houston,Debit Card,0%
T0985,25-10-2021,P019,Aloe Vera Gel,Skincare,2,8,16,C0985,41,Male,Miami,Cash,5%
T2649,25-10-2021,P008,Fish Oil Capsules,Supplement,2,18,36,C2649,49,Male,Miami,Debit Card,10%
T1310,25-10-2021,P050,Ear Drops,Medicine,3,6,18,C1310,55,Male,New York,Mobile Payment,15%
T4614,26-10-2021,P040,Hair Conditioner,Haircare,2,13,26,C4614,40,Male,Los Angeles,Mobile Payment,10%
T4890,27-10-2021,P019,Aloe Vera Gel,Skincare,3,8,24,C4890,21,Female,New York,Mobile Payment,15%
T1147,27-10-2021,P003,Cold Syrup,Medicine,3,8,24,C1147,20,Female,Denver,Credit Card,10%
T3187,27-10-2021,P026,Muscle Relaxant Cream,Medicine,2,25,50,C3187,51,Female,Denver,Cash,5%
T4878,27-10-2021,P046,Sunblock Cream,Skincare,2,20,40,C4878,27,Female,San Francisco,Debit Card,0%
T0986,28-10-2021,P039,Nasal Spray,Medicine,5,8,40,C0986,20,Male,Chicago,Mobile Payment,15%
T2447,28-10-2021,P038,Liver Health Supplement,Supplement,5,20,100,C2447,31,Female,San Francisco,Credit Card,10%
T2691,30-10-2021,P021,Hand Sanitizer,Hygiene,5,3,15,C2691,26,Female,Boston,Mobile Payment,0%
T4540,30-10-2021,P037,Natural Deodorant,Hygiene,2,9,18,C4540,64,Male,Miami,Debit Card,15%
T2568,30-10-2021,P032,Caffeine Pills,Supplement,4,5,20,C2568,47,Female,Houston,Cash,5%
T1915,31-10-2021,P036,Tea Tree Oil,Skincare,3,12,36,C1915,53,Female,Denver,Mobile Payment,5%
T4288,31-10-2021,P011,Herbal Shampoo,Haircare,4,12,48,C4288,38,Female,Boston,Credit Card,15%
T4542,01-11-2021,P004,Anti-Allergy Cream,Skincare,2,25,50,C4542,32,Male,Seattle,Cash,0%
T4444,01-11-2021,P012,Organic Face Wash,Skincare,5,10,50,C4444,40,Male,Denver,Cash,0%
T2095,01-11-2021,P035,Anti-Wrinkle Cream,Skincare,2,45,90,C2095,19,Female,Chicago,Debit Card,15%
T4902,02-11-2021,P038,Liver Health Supplement,Supplement,2,20,40,C4902,33,Female,San Francisco,Credit Card,15%
T3944,02-11-2021,P034,Hair Growth Serum,Haircare,3,28,84,C3944,44,Female,Miami,Credit Card,15%
T3912,03-11-2021,P049,Antifungal Powder,Medicine,2,10,20,C3912,54,Male,Boston,Cash,10%
T1461,03-11-2021,P029,Zinc Supplement,Supplement,4,10,40,C1461,27,Male,Denver,Mobile Payment,5%
T4394,04-11-2021,P009,Antibacterial Handwash,Hygiene,2,5,10,C4394,56,Male,Denver,Credit Card,10%
T4144,05-11-2021,P032,Caffeine Pills,Supplement,3,5,15,C4144,27,Female,Boston,Credit Card,15%
T1108,05-11-2021,P010,Lip Balm,Skincare,5,7,35,C1108,50,Male,New York,Debit Card,0%
T2010,05-11-2021,P027,All-Purpose Ointment,Medicine,4,6,24,C2010,44,Female,Denver,Debit Card,10%
T2306,05-11-2021,P011,Herbal Shampoo,Haircare,4,12,48,C2306,18,Female,Seattle,Credit Card,10%
T4874,06-11-2021,P006,Cough Drops,Medicine,4,2.5,10,C4874,32,Female,Chicago,Mobile Payment,5%
T0046,07-11-2021,P044,Joint Health Tablets,Supplement,3,32,96,C0046,43,Male,New York,Mobile Payment,10%
T3025,07-11-2021,P037,Natural Deodorant,Hygiene,4,9,36,C3025,29,Male,Houston,Mobile Payment,0%
T4521,08-11-2021,P044,Joint Health Tablets,Supplement,4,32,128,C4521,60,Female,Los Angeles,Credit Card,10%
T0238,08-11-2021,P011,Herbal Shampoo,Haircare,4,12,48,C0238,31,Female,New York,Mobile Payment,5%
T2516,09-11-2021,P035,Anti-Wrinkle Cream,Skincare,4,45,180,C2516,51,Male,Houston,Cash,15%
T3645,09-11-2021,P050,Ear Drops,Medicine,5,6,30,C3645,44,Male,Denver,Cash,5%
T1035,11-11-2021,P033,Foot Cream,Skincare,5,15,75,C1035,56,Female,Denver,Cash,15%
T1293,12-11-2021,P015,Protein Powder,Nutrition,5,25,125,C1293,50,Male,Seattle,Cash,0%
T1669,12-11-2021,P015,Protein Powder,Nutrition,4,25,100,C1669,23,Male,Boston,Credit Card,5%
T2838,13-11-2021,P004,Anti-Allergy Cream,Skincare,5,25,125,C2838,27,Female,San Francisco,Debit Card,15%
T2848,13-11-2021,P030,Heart Health Supplement,Supplement,4,35,140,C2848,50,Female,Los Angeles,Credit Card,0%
T4011,13-11-2021,P016,Energy Drink,Beverage,3,5,15,C4011,18,Female,Seattle,Cash,10%
T3173,14-11-2021,P013,Probiotic Supplement,Supplement,4,20,80,C3173,19,Male,Los Angeles,Cash,0%
T0219,14-11-2021,P003,Cold Syrup,Medicine,4,8,32,C0219,36,Male,New York,Mobile Payment,10%
T2760,14-11-2021,P031,Hydration Powder,Nutrition,1,7,7,C2760,44,Female,Boston,Mobile Payment,0%
T0622,15-11-2021,P025,Eye Drops,Medicine,2,12,24,C0622,59,Male,Boston,Credit Card,15%
T0346,15-11-2021,P026,Muscle Relaxant Cream,Medicine,4,25,100,C0346,58,Male,New York,Debit Card,5%
T0093,15-11-2021,P037,Natural Deodorant,Hygiene,5,9,45,C0093,22,Female,Miami,Credit Card,5%
T4052,16-11-2021,P022,Toothpaste,Hygiene,2,4,8,C4052,19,Male,San Francisco,Debit Card,15%
T3280,16-11-2021,P041,Digestive Enzymes,Supplement,1,18,18,C3280,25,Female,Houston,Mobile Payment,0%
T0761,16-11-2021,P020,Elderberry Syrup,Medicine,3,22,66,C0761,41,Male,Los Angeles,Credit Card,0%
T3666,17-11-2021,P048,Hydrocortisone Cream,Medicine,3,5,15,C3666,39,Male,San Francisco,Credit Card,15%
T2599,17-11-2021,P033,Foot Cream,Skincare,3,15,45,C2599,30,Female,Miami,Mobile Payment,5%
T4399,18-11-2021,P019,Aloe Vera Gel,Skincare,1,8,8,C4399,50,Male,Denver,Cash,5%
T4370,18-11-2021,P021,Hand Sanitizer,Hygiene,5,3,15,C4370,18,Female,Chicago,Cash,5%
T2938,18-11-2021,P011,Herbal Shampoo,Haircare,4,12,48,C2938,32,Male,Seattle,Mobile Payment,0%
T4159,18-11-2021,P026,Muscle Relaxant Cream,Medicine,3,25,75,C4159,62,Female,Los Angeles,Credit Card,5%
T0529,19-11-2021,P001,Pain Relief Capsule,Medicine,3,10,30,C0529,53,Male,Los Angeles,Mobile Payment,0%
T3942,20-11-2021,P001,Pain Relief Capsule,Medicine,4,10,40,C3942,42,Female,Denver,Cash,10%
T0251,20-11-2021,P039,Nasal Spray,Medicine,3,8,24,C0251,41,Female,San Francisco,Debit Card,15%
T1984,21-11-2021,P008,Fish Oil Capsules,Supplement,2,18,36,C1984,61,Male,Miami,Cash,5%
T2547,21-11-2021,P006,Cough Drops,Medicine,4,2.5,10,C2547,51,Male,Houston,Cash,15%
T1487,22-11-2021,P022,Toothpaste,Hygiene,2,4,8,C1487,28,Female,Chicago,Cash,5%
T3618,22-11-2021,P030,Heart Health Supplement,Supplement,2,35,70,C3618,58,Male,Houston,Debit Card,10%
T4040,22-11-2021,P013,Probiotic Supplement,Supplement,2,20,40,C4040,44,Female,Seattle,Mobile Payment,0%
T0782,22-11-2021,P050,Ear Drops,Medicine,4,6,24,C0782,35,Male,Seattle,Cash,0%
T3141,23-11-2021,P005,Vitamin D3 Supplement,Supplement,3,12,36,C3141,28,Female,Houston,Cash,15%
T4483,23-11-2021,P020,Elderberry Syrup,Medicine,1,22,22,C4483,28,Female,Boston,Mobile Payment,10%
T0347,23-11-2021,P003,Cold Syrup,Medicine,4,8,32,C0347,21,Female,Houston,Debit Card,0%
T1419,23-11-2021,P033,Foot Cream,Skincare,1,15,15,C1419,64,Female,New York,Mobile Payment,15%
T4665,24-11-2021,P048,Hydrocortisone Cream,Medicine,4,5,20,C4665,42,Female,Denver,Credit Card,5%
T3847,24-11-2021,P019,Aloe Vera Gel,Skincare,4,8,32,C3847,19,Female,Houston,Cash,5%
T1720,24-11-2021,P029,Zinc Supplement,Supplement,4,10,40,C1720,58,Female,Los Angeles,Mobile Payment,10%
T1959,25-11-2021,P015,Protein Powder,Nutrition,4,25,100,C1959,29,Male,Miami,Cash,0%
T2902,25-11-2021,P041,Digestive Enzymes,Supplement,1,18,18,C2902,51,Male,New York,Mobile Payment,0%
T0543,25-11-2021,P035,Anti-Wrinkle Cream,Skincare,2,45,90,C0543,26,Female,Denver,Debit Card,10%
T4657,25-11-2021,P017,Anti-Dandruff Shampoo,Haircare,5,14,70,C4657,25,Female,Los Angeles,Debit Card,5%
T2437,25-11-2021,P044,Joint Health Tablets,Supplement,3,32,96,C2437,51,Male,Denver,Cash,10%
T3281,26-11-2021,P008,Fish Oil Capsules,Supplement,5,18,90,C3281,43,Female,San Francisco,Debit Card,5%
T1910,26-11-2021,P026,Muscle Relaxant Cream,Medicine,1,25,25,C1910,30,Female,San Francisco,Cash,0%
T2532,26-11-2021,P023,Acne Treatment Gel,Skincare,3,16,48,C2532,61,Female,San Francisco,Mobile Payment,10%
T3041,26-11-2021,P002,Multivitamin Tablet,Supplement,4,15,60,C3041,20,Female,Houston,Debit Card,0%
T0149,27-11-2021,P041,Digestive Enzymes,Supplement,1,18,18,C0149,26,Female,Miami,Debit Card,5%
T0242,27-11-2021,P028,Omega-3 Capsules,Supplement,3,22,66,C0242,43,Male,Miami,Mobile Payment,10%
T0179,28-11-2021,P010,Lip Balm,Skincare,1,7,7,C0179,40,Male,Boston,Credit Card,15%
T1931,28-11-2021,P031,Hydration Powder,Nutrition,4,7,28,C1931,42,Male,San Francisco,Mobile Payment,5%
T1354,28-11-2021,P003,Cold Syrup,Medicine,4,8,32,C1354,40,Female,Boston,Mobile Payment,5%
T1647,28-11-2021,P034,Hair Growth Serum,Haircare,2,28,56,C1647,65,Female,Seattle,Debit Card,0%
T3935,29-11-2021,P030,Heart Health Supplement,Supplement,1,35,35,C3935,24,Male,San Francisco,Debit Card,15%
T3974,29-11-2021,P001,Pain Relief Capsule,Medicine,5,10,50,C3974,30,Female,Seattle,Debit Card,0%
T0501,29-11-2021,P049,Antifungal Powder,Medicine,4,10,40,C0501,37,Female,Seattle,Mobile Payment,0%
T0610,30-11-2021,P028,Omega-3 Capsules,Supplement,3,22,66,C0610,61,Male,Chicago,Cash,5%
T0485,01-12-2021,P034,Hair Growth Serum,Haircare,1,28,28,C0485,25,Male,Boston,Cash,10%
T2455,02-12-2021,P031,Hydration Powder,Nutrition,1,7,7,C2455,41,Female,Los Angeles,Mobile Payment,0%
T4925,02-12-2021,P040,Hair Conditioner,Haircare,1,13,13,C4925,19,Male,Miami,Mobile Payment,0%
T3347,02-12-2021,P029,Zinc Supplement,Supplement,2,10,20,C3347,60,Female,Boston,Credit Card,0%
T4641,03-12-2021,P031,Hydration Powder,Nutrition,4,7,28,C4641,19,Female,Boston,Cash,15%
T3806,04-12-2021,P029,Zinc Supplement,Supplement,5,10,50,C3806,36,Female,San Francisco,Cash,15%
T0137,04-12-2021,P012,Organic Face Wash,Skincare,1,10,10,C0137,26,Male,Seattle,Credit Card,0%
T3902,04-12-2021,P012,Organic Face Wash,Skincare,3,10,30,C3902,52,Female,Seattle,Cash,5%
T1538,05-12-2021,P009,Antibacterial Handwash,Hygiene,1,5,5,C1538,63,Male,Boston,Credit Card,0%
T1428,05-12-2021,P027,All-Purpose Ointment,Medicine,5,6,30,C1428,19,Male,Denver,Mobile Payment,10%
T2170,05-12-2021,P046,Sunblock Cream,Skincare,5,20,100,C2170,52,Male,Seattle,Mobile Payment,10%
T4156,06-12-2021,P027,All-Purpose Ointment,Medicine,5,6,30,C4156,40,Female,Boston,Cash,15%
T2270,06-12-2021,P045,Vitamin C Serum,Skincare,4,25,100,C2270,34,Female,New York,Cash,10%
T1721,07-12-2021,P013,Probiotic Supplement,Supplement,5,20,100,C1721,18,Male,Boston,Cash,5%
T4279,07-12-2021,P029,Zinc Supplement,Supplement,3,10,30,C4279,18,Male,San Francisco,Debit Card,10%
T3385,07-12-2021,P042,Green Tea Capsules,Supplement,5,10,50,C3385,58,Male,Denver,Credit Card,15%
T1904,08-12-2021,P015,Protein Powder,Nutrition,2,25,50,C1904,46,Male,Houston,Mobile Payment,0%
T1215,08-12-2021,P027,All-Purpose Ointment,Medicine,5,6,30,C1215,38,Male,San Francisco,Cash,0%
T4869,11-12-2021,P045,Vitamin C Serum,Skincare,5,25,125,C4869,48,Female,Miami,Credit Card,0%
T1209,13-12-2021,P040,Hair Conditioner,Haircare,2,13,26,C1209,21,Female,Los Angeles,Credit Card,15%
T0618,13-12-2021,P026,Muscle Relaxant Cream,Medicine,1,25,25,C0618,50,Female,Miami,Credit Card,10%
T4893,13-12-2021,P044,Joint Health Tablets,Supplement,4,32,128,C4893,33,Male,New York,Cash,10%
T0418,13-12-2021,P035,Anti-Wrinkle Cream,Skincare,1,45,45,C0418,64,Female,Los Angeles,Credit Card,10%
T2866,14-12-2021,P013,Probiotic Supplement,Supplement,2,20,40,C2866,44,Female,San Francisco,Cash,15%
T0969,14-12-2021,P010,Lip Balm,Skincare,1,7,7,C0969,38,Female,Houston,Mobile Payment,0%
T2736,15-12-2021,P008,Fish Oil Capsules,Supplement,2,18,36,C2736,29,Male,Chicago,Debit Card,5%
T2241,15-12-2021,P002,Multivitamin Tablet,Supplement,1,15,15,C2241,37,Male,Los Angeles,Credit Card,15%
T0221,15-12-2021,P025,Eye Drops,Medicine,2,12,24,C0221,24,Female,Houston,Mobile Payment,5%
T1268,15-12-2021,P041,Digestive Enzymes,Supplement,2,18,36,C1268,61,Male,Miami,Cash,10%
T3608,16-12-2021,P006,Cough Drops,Medicine,2,2.5,5,C3608,63,Female,Los Angeles,Mobile Payment,5%
T0605,16-12-2021,P008,Fish Oil Capsules,Supplement,4,18,72,C0605,24,Female,Miami,Cash,0%
T3496,16-12-2021,P042,Green Tea Capsules,Supplement,4,10,40,C3496,64,Male,Boston,Cash,10%
T1821,17-12-2021,P007,Diabetic Test Strips,Medical Equipment,1,50,50,C1821,27,Male,New York,Debit Card,0%
T0528,18-12-2021,P013,Probiotic Supplement,Supplement,1,20,20,C0528,55,Male,Seattle,Mobile Payment,0%
T0999,18-12-2021,P023,Acne Treatment Gel,Skincare,1,16,16,C0999,22,Female,Seattle,Credit Card,0%
T1162,18-12-2021,P037,Natural Deodorant,Hygiene,5,9,45,C1162,54,Female,Houston,Cash,5%
T2617,19-12-2021,P016,Energy Drink,Beverage,4,5,20,C2617,35,Male,New York,Credit Card,0%
T3810,19-12-2021,P007,Diabetic Test Strips,Medical Equipment,2,50,100,C3810,28,Female,Seattle,Mobile Payment,5%
T1280,20-12-2021,P017,Anti-Dandruff Shampoo,Haircare,2,14,28,C1280,32,Female,Seattle,Debit Card,5%
T4552,20-12-2021,P011,Herbal Shampoo,Haircare,5,12,60,C4552,29,Male,Chicago,Debit Card,10%
T2510,20-12-2021,P024,Collagen Powder,Supplement,2,30,60,C2510,45,Female,New York,Mobile Payment,0%
T4000,21-12-2021,P024,Collagen Powder,Supplement,4,30,120,C4000,22,Male,Miami,Debit Card,15%
T2141,22-12-2021,P004,Anti-Allergy Cream,Skincare,2,25,50,C2141,62,Female,Denver,Mobile Payment,15%
T1448,22-12-2021,P039,Nasal Spray,Medicine,5,8,40,C1448,55,Female,Denver,Mobile Payment,5%
T1985,22-12-2021,P019,Aloe Vera Gel,Skincare,1,8,8,C1985,21,Female,New York,Debit Card,5%
T2545,23-12-2021,P001,Pain Relief Capsule,Medicine,3,10,30,C2545,46,Male,Boston,Debit Card,10%
T4352,24-12-2021,P049,Antifungal Powder,Medicine,4,10,40,C4352,31,Female,Houston,Debit Card,5%
T2834,25-12-2021,P034,Hair Growth Serum,Haircare,3,28,84,C2834,19,Female,Miami,Cash,5%
T3353,25-12-2021,P046,Sunblock Cream,Skincare,4,20,80,C3353,30,Male,Denver,Debit Card,5%
T3345,25-12-2021,P010,Lip Balm,Skincare,4,7,28,C3345,64,Female,New York,Mobile Payment,10%
T3630,26-12-2021,P031,Hydration Powder,Nutrition,3,7,21,C3630,51,Male,Houston,Mobile Payment,0%
T0993,26-12-2021,P024,Collagen Powder,Supplement,3,30,90,C0993,59,Male,New York,Debit Card,10%
T3652,26-12-2021,P004,Anti-Allergy Cream,Skincare,4,25,100,C3652,36,Male,Los Angeles,Mobile Payment,0%
T0002,27-12-2021,P030,Heart Health Supplement,Supplement,5,35,175,C0002,47,Female,Houston,Debit Card,0%
T1518,27-12-2021,P014,Calcium Tablets,Supplement,5,15,75,C1518,29,Female,Seattle,Cash,10%
T2998,28-12-2021,P025,Eye Drops,Medicine,1,12,12,C2998,58,Female,New York,Credit Card,5%
T3132,28-12-2021,P017,Anti-Dandruff Shampoo,Haircare,5,14,70,C3132,64,Male,San Francisco,Credit Card,0%
T3395,28-12-2021,P020,Elderberry Syrup,Medicine,3,22,66,C3395,42,Female,New York,Debit Card,15%
T3665,28-12-2021,P048,Hydrocortisone Cream,Medicine,4,5,20,C3665,19,Female,Denver,Cash,0%
T2179,29-12-2021,P016,Energy Drink,Beverage,1,5,5,C2179,31,Female,Chicago,Mobile Payment,10%
T0294,29-12-2021,P022,Toothpaste,Hygiene,5,4,20,C0294,54,Female,San Francisco,Credit Card,15%
T1872,29-12-2021,P029,Zinc Supplement,Supplement,4,10,40,C1872,60,Male,Miami,Credit Card,15%
T1777,30-12-2021,P032,Caffeine Pills,Supplement,5,5,25,C1777,39,Male,Chicago,Debit Card,15%
T2254,30-12-2021,P005,Vitamin D3 Supplement,Supplement,4,12,48,C2254,62,Male,Boston,Mobile Payment,15%
T3929,31-12-2021,P040,Hair Conditioner,Haircare,3,13,39,C3929,65,Male,New York,Credit Card,10%
T0246,31-12-2021,P038,Liver Health Supplement,Supplement,5,20,100,C0246,56,Female,Miami,Cash,15%
T1851,31-12-2021,P003,Cold Syrup,Medicine,2,8,16,C1851,55,Female,Seattle,Cash,15%
T2701,01-01-2022,P020,Elderberry Syrup,Medicine,2,22,44,C2701,47,Male,San Francisco,Cash,5%
T1784,01-01-2022,P043,Pain Relief Patch,Medicine,1,7,7,C1784,63,Female,Los Angeles,Cash,15%
T3009,02-01-2022,P017,Anti-Dandruff Shampoo,Haircare,2,14,28,C3009,49,Female,Chicago,Debit Card,0%
T3264,02-01-2022,P044,Joint Health Tablets,Supplement,1,32,32,C3264,60,Female,San Francisco,Credit Card,15%
T3958,02-01-2022,P045,Vitamin C Serum,Skincare,3,25,75,C3958,65,Male,Chicago,Mobile Payment,10%
T4565,03-01-2022,P027,All-Purpose Ointment,Medicine,3,6,18,C4565,40,Female,Houston,Mobile Payment,0%
T3000,03-01-2022,P004,Anti-Allergy Cream,Skincare,5,25,125,C3000,40,Male,Chicago,Credit Card,15%
T2852,03-01-2022,P003,Cold Syrup,Medicine,4,8,32,C2852,57,Male,San Francisco,Mobile Payment,0%
T4584,05-01-2022,P031,Hydration Powder,Nutrition,2,7,14,C4584,62,Male,Houston,Credit Card,0%
T0502,06-01-2022,P047,Coconut Oil,Haircare,3,12,36,C0502,30,Male,Los Angeles,Debit Card,15%
T2079,07-01-2022,P008,Fish Oil Capsules,Supplement,1,18,18,C2079,53,Female,San Francisco,Mobile Payment,5%
T3458,07-01-2022,P013,Probiotic Supplement,Supplement,3,20,60,C3458,62,Female,Boston,Cash,5%
T0576,08-01-2022,P026,Muscle Relaxant Cream,Medicine,3,25,75,C0576,34,Male,Los Angeles,Cash,5%
T1658,08-01-2022,P050,Ear Drops,Medicine,3,6,18,C1658,50,Male,Boston,Mobile Payment,15%
T0678,08-01-2022,P001,Pain Relief Capsule,Medicine,2,10,20,C0678,49,Male,Houston,Cash,10%
T4287,08-01-2022,P028,Omega-3 Capsules,Supplement,1,22,22,C4287,32,Male,Miami,Debit Card,15%
T3922,09-01-2022,P037,Natural Deodorant,Hygiene,2,9,18,C3922,42,Female,New York,Mobile Payment,10%
T2126,09-01-2022,P029,Zinc Supplement,Supplement,5,10,50,C2126,37,Male,Boston,Mobile Payment,0%
T1565,09-01-2022,P033,Foot Cream,Skincare,4,15,60,C1565,31,Female,Miami,Debit Card,5%
T0160,10-01-2022,P025,Eye Drops,Medicine,4,12,48,C0160,33,Male,Seattle,Cash,0%
T2789,10-01-2022,P022,Toothpaste,Hygiene,4,4,16,C2789,56,Male,Denver,Debit Card,15%
T3752,10-01-2022,P018,Moisturizing Lotion,Skincare,2,18,36,C3752,49,Female,Houston,Cash,10%
T3343,11-01-2022,P030,Heart Health Supplement,Supplement,5,35,175,C3343,43,Female,Los Angeles,Mobile Payment,10%
T0241,11-01-2022,P041,Digestive Enzymes,Supplement,1,18,18,C0241,18,Female,Houston,Credit Card,5%
T0890,11-01-2022,P002,Multivitamin Tablet,Supplement,4,15,60,C0890,46,Male,Miami,Cash,10%
T0546,12-01-2022,P031,Hydration Powder,Nutrition,5,7,35,C0546,48,Female,Miami,Credit Card,10%
T1986,12-01-2022,P007,Diabetic Test Strips,Medical Equipment,1,50,50,C1986,22,Female,San Francisco,Credit Card,5%
T2334,13-01-2022,P009,Antibacterial Handwash,Hygiene,2,5,10,C2334,33,Female,Denver,Debit Card,0%
T3435,13-01-2022,P035,Anti-Wrinkle Cream,Skincare,1,45,45,C3435,61,Male,Boston,Credit Card,10%
T3518,14-01-2022,P027,All-Purpose Ointment,Medicine,1,6,6,C3518,30,Male,Los Angeles,Cash,0%
T1788,15-01-2022,P008,Fish Oil Capsules,Supplement,5,18,90,C1788,38,Male,New York,Mobile Payment,0%
T2374,16-01-2022,P006,Cough Drops,Medicine,1,2.5,2.5,C2374,63,Female,Denver,Credit Card,5%
T3515,16-01-2022,P009,Antibacterial Handwash,Hygiene,4,5,20,C3515,53,Male,Chicago,Cash,15%
T4413,17-01-2022,P050,Ear Drops,Medicine,1,6,6,C4413,43,Female,Los Angeles,Credit Card,15%
T2335,17-01-2022,P012,Organic Face Wash,Skincare,4,10,40,C2335,30,Male,Houston,Cash,15%
T3448,17-01-2022,P037,Natural Deodorant,Hygiene,4,9,36,C3448,62,Female,Chicago,Debit Card,0%
T3904,18-01-2022,P027,All-Purpose Ointment,Medicine,2,6,12,C3904,58,Male,New York,Debit Card,15%
T3514,19-01-2022,P006,Cough Drops,Medicine,4,2.5,10,C3514,60,Female,Miami,Cash,5%
T2037,20-01-2022,P041,Digestive Enzymes,Supplement,4,18,72,C2037,34,Female,San Francisco,Mobile Payment,0%
T0427,21-01-2022,P013,Probiotic Supplement,Supplement,1,20,20,C0427,55,Female,Houston,Mobile Payment,15%
T2704,21-01-2022,P039,Nasal Spray,Medicine,5,8,40,C2704,27,Male,Miami,Mobile Payment,0%
T0614,23-01-2022,P044,Joint Health Tablets,Supplement,1,32,32,C0614,58,Male,Houston,Cash,5%
T3807,23-01-2022,P019,Aloe Vera Gel,Skincare,5,8,40,C3807,29,Male,Seattle,Credit Card,10%
T2188,23-01-2022,P034,Hair Growth Serum,Haircare,5,28,140,C2188,54,Male,Los Angeles,Credit Card,10%
T4115,23-01-2022,P005,Vitamin D3 Supplement,Supplement,4,12,48,C4115,49,Female,Seattle,Credit Card,0%
T2480,23-01-2022,P007,Diabetic Test Strips,Medical Equipment,5,50,250,C2480,44,Male,Boston,Debit Card,0%
T4557,24-01-2022,P034,Hair Growth Serum,Haircare,5,28,140,C4557,29,Female,Miami,Cash,15%
T3770,24-01-2022,P034,Hair Growth Serum,Haircare,5,28,140,C3770,48,Female,New York,Credit Card,5%
T4280,24-01-2022,P030,Heart Health Supplement,Supplement,2,35,70,C4280,42,Female,Chicago,Debit Card,5%
T2614,26-01-2022,P014,Calcium Tablets,Supplement,5,15,75,C2614,32,Male,Los Angeles,Mobile Payment,5%
T0551,26-01-2022,P037,Natural Deodorant,Hygiene,3,9,27,C0551,59,Male,New York,Cash,15%
T0708,27-01-2022,P037,Natural Deodorant,Hygiene,5,9,45,C0708,44,Male,Los Angeles,Debit Card,5%
T1594,27-01-2022,P049,Antifungal Powder,Medicine,2,10,20,C1594,52,Male,Miami,Debit Card,15%
T1895,27-01-2022,P012,Organic Face Wash,Skincare,4,10,40,C1895,41,Female,Houston,Cash,0%
T3396,27-01-2022,P025,Eye Drops,Medicine,2,12,24,C3396,36,Female,Seattle,Debit Card,0%
T4485,28-01-2022,P033,Foot Cream,Skincare,5,15,75,C4485,49,Male,Miami,Cash,0%
T4131,28-01-2022,P045,Vitamin C Serum,Skincare,4,25,100,C4131,26,Male,Miami,Mobile Payment,5%
T1619,28-01-2022,P019,Aloe Vera Gel,Skincare,1,8,8,C1619,27,Male,Denver,Credit Card,15%
T3269,29-01-2022,P045,Vitamin C Serum,Skincare,5,25,125,C3269,49,Female,New York,Cash,0%
T3609,29-01-2022,P019,Aloe Vera Gel,Skincare,1,8,8,C3609,42,Female,Boston,Credit Card,10%
T3129,30-01-2022,P003,Cold Syrup,Medicine,5,8,40,C3129,26,Male,Los Angeles,Credit Card,10%
T3849,30-01-2022,P016,Energy Drink,Beverage,4,5,20,C3849,29,Male,Miami,Cash,5%
T4059,31-01-2022,P050,Ear Drops,Medicine,4,6,24,C4059,61,Female,New York,Mobile Payment,5%
T2898,01-02-2022,P015,Protein Powder,Nutrition,3,25,75,C2898,23,Female,Boston,Mobile Payment,15%
T1449,01-02-2022,P037,Natural Deodorant,Hygiene,1,9,9,C1449,39,Female,New York,Debit Card,15%
T1278,01-02-2022,P010,Lip Balm,Skincare,2,7,14,C1278,47,Female,Houston,Debit Card,15%
T1576,01-02-2022,P008,Fish Oil Capsules,Supplement,1,18,18,C1576,23,Male,San Francisco,Mobile Payment,5%
T1446,02-02-2022,P036,Tea Tree Oil,Skincare,5,12,60,C1446,44,Female,Houston,Debit Card,10%
T3430,02-02-2022,P018,Moisturizing Lotion,Skincare,1,18,18,C3430,32,Female,Miami,Debit Card,0%
T2030,03-02-2022,P045,Vitamin C Serum,Skincare,5,25,125,C2030,41,Female,Denver,Debit Card,10%
T2283,03-02-2022,P025,Eye Drops,Medicine,4,12,48,C2283,45,Female,Chicago,Mobile Payment,15%
T1171,03-02-2022,P046,Sunblock Cream,Skincare,1,20,20,C1171,64,Male,San Francisco,Debit Card,5%
T3298,04-02-2022,P025,Eye Drops,Medicine,1,12,12,C3298,52,Female,Los Angeles,Mobile Payment,10%
T2028,05-02-2022,P038,Liver Health Supplement,Supplement,5,20,100,C2028,34,Female,Houston,Debit Card,0%
T0187,06-02-2022,P019,Aloe Vera Gel,Skincare,2,8,16,C0187,49,Female,San Francisco,Credit Card,15%
T1049,06-02-2022,P029,Zinc Supplement,Supplement,2,10,20,C1049,26,Female,Denver,Credit Card,10%
T3080,07-02-2022,P048,Hydrocortisone Cream,Medicine,5,5,25,C3080,27,Male,Boston,Cash,10%
T1335,07-02-2022,P020,Elderberry Syrup,Medicine,5,22,110,C1335,25,Male,Houston,Cash,10%
T3275,07-02-2022,P039,Nasal Spray,Medicine,4,8,32,C3275,29,Male,Boston,Credit Card,15%
T0343,07-02-2022,P050,Ear Drops,Medicine,3,6,18,C0343,34,Female,Chicago,Cash,0%
T4437,08-02-2022,P026,Muscle Relaxant Cream,Medicine,2,25,50,C4437,50,Male,Denver,Cash,15%
T2068,08-02-2022,P039,Nasal Spray,Medicine,5,8,40,C2068,27,Male,Miami,Cash,15%
T4681,08-02-2022,P003,Cold Syrup,Medicine,1,8,8,C4681,36,Male,Denver,Debit Card,15%
T1287,08-02-2022,P043,Pain Relief Patch,Medicine,2,7,14,C1287,20,Female,Chicago,Debit Card,15%
T0660,08-02-2022,P020,Elderberry Syrup,Medicine,4,22,88,C0660,55,Female,Boston,Debit Card,15%
T4618,09-02-2022,P008,Fish Oil Capsules,Supplement,5,18,90,C4618,42,Male,Miami,Cash,15%
T4008,09-02-2022,P039,Nasal Spray,Medicine,5,8,40,C4008,59,Female,New York,Credit Card,10%
T0602,09-02-2022,P019,Aloe Vera Gel,Skincare,2,8,16,C0602,44,Male,New York,Cash,15%
T4023,10-02-2022,P019,Aloe Vera Gel,Skincare,2,8,16,C4023,61,Female,Boston,Mobile Payment,5%
T2602,10-02-2022,P015,Protein Powder,Nutrition,2,25,50,C2602,24,Male,San Francisco,Credit Card,0%
T2449,10-02-2022,P045,Vitamin C Serum,Skincare,1,25,25,C2449,37,Male,New York,Credit Card,15%
T3144,11-02-2022,P045,Vitamin C Serum,Skincare,5,25,125,C3144,51,Male,Boston,Debit Card,0%
T0663,11-02-2022,P007,Diabetic Test Strips,Medical Equipment,2,50,100,C0663,21,Male,Seattle,Debit Card,0%
T3190,11-02-2022,P046,Sunblock Cream,Skincare,2,20,40,C3190,54,Female,Boston,Debit Card,0%
T0672,11-02-2022,P031,Hydration Powder,Nutrition,4,7,28,C0672,51,Female,Denver,Credit Card,0%
T0848,12-02-2022,P027,All-Purpose Ointment,Medicine,2,6,12,C0848,59,Female,Houston,Debit Card,10%
T1635,12-02-2022,P009,Antibacterial Handwash,Hygiene,5,5,25,C1635,62,Female,Chicago,Cash,0%
T1111,13-02-2022,P021,Hand Sanitizer,Hygiene,4,3,12,C1111,32,Male,Boston,Credit Card,5%
T2872,14-02-2022,P027,All-Purpose Ointment,Medicine,4,6,24,C2872,65,Male,Chicago,Credit Card,5%
T3747,14-02-2022,P031,Hydration Powder,Nutrition,5,7,35,C3747,53,Female,Miami,Credit Card,15%
T4497,16-02-2022,P022,Toothpaste,Hygiene,5,4,20,C4497,49,Male,Miami,Credit Card,0%
T3626,16-02-2022,P027,All-Purpose Ointment,Medicine,5,6,30,C3626,29,Male,Chicago,Credit Card,0%
T3892,16-02-2022,P028,Omega-3 Capsules,Supplement,1,22,22,C3892,60,Female,Seattle,Debit Card,10%
T0224,17-02-2022,P043,Pain Relief Patch,Medicine,2,7,14,C0224,37,Female,Los Angeles,Cash,15%
T3270,17-02-2022,P027,All-Purpose Ointment,Medicine,3,6,18,C3270,31,Male,Los Angeles,Mobile Payment,5%
T1455,17-02-2022,P001,Pain Relief Capsule,Medicine,4,10,40,C1455,29,Female,New York,Debit Card,10%
T2251,18-02-2022,P007,Diabetic Test Strips,Medical Equipment,1,50,50,C2251,53,Female,New York,Cash,0%
T2721,19-02-2022,P036,Tea Tree Oil,Skincare,3,12,36,C2721,45,Female,Miami,Cash,10%
T2228,19-02-2022,P042,Green Tea Capsules,Supplement,3,10,30,C2228,50,Female,San Francisco,Credit Card,15%
T3130,19-02-2022,P035,Anti-Wrinkle Cream,Skincare,5,45,225,C3130,62,Female,Seattle,Cash,0%
T2540,21-02-2022,P013,Probiotic Supplement,Supplement,4,20,80,C2540,60,Male,Miami,Debit Card,0%
T3166,22-02-2022,P039,Nasal Spray,Medicine,4,8,32,C3166,54,Female,Los Angeles,Cash,0%
T2911,22-02-2022,P011,Herbal Shampoo,Haircare,3,12,36,C2911,47,Male,Miami,Debit Card,5%
T3672,23-02-2022,P050,Ear Drops,Medicine,1,6,6,C3672,63,Female,San Francisco,Debit Card,15%
T3225,23-02-2022,P029,Zinc Supplement,Supplement,3,10,30,C3225,31,Male,Houston,Debit Card,15%
T3939,24-02-2022,P018,Moisturizing Lotion,Skincare,4,18,72,C3939,52,Female,Boston,Debit Card,10%
T0235,24-02-2022,P037,Natural Deodorant,Hygiene,5,9,45,C0235,55,Female,Boston,Mobile Payment,10%
T0102,25-02-2022,P016,Energy Drink,Beverage,2,5,10,C0102,26,Male,Denver,Cash,0%
T1131,25-02-2022,P036,Tea Tree Oil,Skincare,5,12,60,C1131,59,Male,Miami,Credit Card,15%
T2215,25-02-2022,P028,Omega-3 Capsules,Supplement,1,22,22,C2215,50,Male,Miami,Cash,10%
T1823,25-02-2022,P029,Zinc Supplement,Supplement,3,10,30,C1823,61,Male,Houston,Debit Card,10%
T1885,27-02-2022,P028,Omega-3 Capsules,Supplement,5,22,110,C1885,19,Female,Denver,Mobile Payment,15%
T3746,27-02-2022,P050,Ear Drops,Medicine,2,6,12,C3746,56,Male,Houston,Debit Card,10%
T3509,27-02-2022,P012,Organic Face Wash,Skincare,2,10,20,C3509,56,Male,Boston,Cash,5%
T1757,27-02-2022,P001,Pain Relief Capsule,Medicine,5,10,50,C1757,39,Male,Boston,Debit Card,10%
T2706,28-02-2022,P014,Calcium Tablets,Supplement,4,15,60,C2706,65,Female,San Francisco,Mobile Payment,5%
T4954,02-03-2022,P011,Herbal Shampoo,Haircare,2,12,24,C4954,64,Male,Denver,Cash,15%
T3418,02-03-2022,P014,Calcium Tablets,Supplement,3,15,45,C3418,42,Male,Seattle,Cash,10%
T0518,02-03-2022,P015,Protein Powder,Nutrition,1,25,25,C0518,32,Male,New York,Mobile Payment,5%
T1214,02-03-2022,P023,Acne Treatment Gel,Skincare,3,16,48,C1214,64,Female,New York,Debit Card,10%
T2020,03-03-2022,P043,Pain Relief Patch,Medicine,2,7,14,C2020,62,Female,Denver,Mobile Payment,10%
T3874,03-03-2022,P033,Foot Cream,Skincare,1,15,15,C3874,27,Female,Chicago,Credit Card,5%
T1927,03-03-2022,P026,Muscle Relaxant Cream,Medicine,1,25,25,C1927,27,Female,New York,Credit Card,5%
T3212,04-03-2022,P043,Pain Relief Patch,Medicine,5,7,35,C3212,39,Male,New York,Mobile Payment,5%
T0222,04-03-2022,P002,Multivitamin Tablet,Supplement,5,15,75,C0222,25,Female,Los Angeles,Cash,10%
T3417,05-03-2022,P017,Anti-Dandruff Shampoo,Haircare,5,14,70,C3417,25,Female,Denver,Mobile Payment,15%
T1789,06-03-2022,P043,Pain Relief Patch,Medicine,3,7,21,C1789,59,Female,Miami,Cash,15%
T3252,06-03-2022,P018,Moisturizing Lotion,Skincare,4,18,72,C3252,32,Female,Houston,Cash,0%
T4581,06-03-2022,P045,Vitamin C Serum,Skincare,1,25,25,C4581,26,Female,San Francisco,Credit Card,5%
T0527,07-03-2022,P020,Elderberry Syrup,Medicine,2,22,44,C0527,19,Female,Seattle,Debit Card,0%
T2113,07-03-2022,P025,Eye Drops,Medicine,2,12,24,C2113,21,Male,Seattle,Mobile Payment,10%
T1923,07-03-2022,P042,Green Tea Capsules,Supplement,4,10,40,C1923,19,Female,Seattle,Mobile Payment,5%
T4460,07-03-2022,P041,Digestive Enzymes,Supplement,2,18,36,C4460,35,Female,Denver,Credit Card,5%
T4269,08-03-2022,P049,Antifungal Powder,Medicine,5,10,50,C4269,30,Female,Los Angeles,Cash,0%
T1775,08-03-2022,P047,Coconut Oil,Haircare,1,12,12,C1775,19,Male,Boston,Debit Card,10%
T3613,08-03-2022,P019,Aloe Vera Gel,Skincare,2,8,16,C3613,20,Female,San Francisco,Cash,10%
T0483,09-03-2022,P031,Hydration Powder,Nutrition,4,7,28,C0483,23,Female,Los Angeles,Debit Card,15%
T1163,10-03-2022,P039,Nasal Spray,Medicine,4,8,32,C1163,24,Male,Miami,Debit Card,0%
T1890,10-03-2022,P008,Fish Oil Capsules,Supplement,5,18,90,C1890,43,Male,Denver,Cash,10%
T3811,11-03-2022,P006,Cough Drops,Medicine,4,2.5,10,C3811,30,Female,Seattle,Debit Card,5%
T4822,12-03-2022,P041,Digestive Enzymes,Supplement,5,18,90,C4822,44,Female,Seattle,Debit Card,0%
T1450,12-03-2022,P047,Coconut Oil,Haircare,1,12,12,C1450,63,Male,Boston,Cash,5%
T0714,13-03-2022,P028,Omega-3 Capsules,Supplement,2,22,44,C0714,59,Male,Houston,Mobile Payment,0%
T3787,13-03-2022,P024,Collagen Powder,Supplement,5,30,150,C3787,20,Male,New York,Debit Card,5%
T1123,13-03-2022,P043,Pain Relief Patch,Medicine,3,7,21,C1123,31,Male,Seattle,Credit Card,10%
T4391,13-03-2022,P050,Ear Drops,Medicine,3,6,18,C4391,53,Female,Seattle,Debit Card,10%
T4329,13-03-2022,P017,Anti-Dandruff Shampoo,Haircare,1,14,14,C4329,30,Female,Houston,Credit Card,10%
T1966,14-03-2022,P043,Pain Relief Patch,Medicine,2,7,14,C1966,58,Female,Seattle,Mobile Payment,5%
T4761,15-03-2022,P024,Collagen Powder,Supplement,3,30,90,C4761,19,Female,San Francisco,Debit Card,10%
T2290,16-03-2022,P030,Heart Health Supplement,Supplement,5,35,175,C2290,28,Male,Miami,Debit Card,0%
T0893,16-03-2022,P006,Cough Drops,Medicine,1,2.5,2.5,C0893,31,Male,Houston,Cash,5%
T2425,16-03-2022,P016,Energy Drink,Beverage,5,5,25,C2425,42,Male,Los Angeles,Mobile Payment,15%
T2929,17-03-2022,P010,Lip Balm,Skincare,2,7,14,C2929,27,Male,Houston,Cash,0%
T0039,17-03-2022,P031,Hydration Powder,Nutrition,4,7,28,C0039,58,Female,Seattle,Debit Card,10%
T4632,17-03-2022,P028,Omega-3 Capsules,Supplement,1,22,22,C4632,18,Female,Denver,Cash,0%
T1544,18-03-2022,P049,Antifungal Powder,Medicine,5,10,50,C1544,50,Female,Houston,Mobile Payment,10%
T2478,18-03-2022,P002,Multivitamin Tablet,Supplement,2,15,30,C2478,30,Female,San Francisco,Debit Card,15%
T4800,19-03-2022,P017,Anti-Dandruff Shampoo,Haircare,4,14,56,C4800,61,Female,New York,Mobile Payment,0%
T2621,19-03-2022,P012,Organic Face Wash,Skincare,3,10,30,C2621,27,Male,Boston,Cash,15%
T3653,19-03-2022,P025,Eye Drops,Medicine,3,12,36,C3653,41,Male,Boston,Mobile Payment,10%
T0433,19-03-2022,P012,Organic Face Wash,Skincare,1,10,10,C0433,63,Female,Houston,Cash,0%
T1471,20-03-2022,P041,Digestive Enzymes,Supplement,1,18,18,C1471,56,Female,Chicago,Cash,0%
T2703,20-03-2022,P009,Antibacterial Handwash,Hygiene,5,5,25,C2703,24,Female,Boston,Credit Card,15%
T1270,20-03-2022,P001,Pain Relief Capsule,Medicine,1,10,10,C1270,48,Male,Denver,Credit Card,5%
T3157,20-03-2022,P013,Probiotic Supplement,Supplement,2,20,40,C3157,32,Male,Houston,Credit Card,0%
T0597,20-03-2022,P012,Organic Face Wash,Skincare,5,10,50,C0597,40,Male,Seattle,Mobile Payment,5%
T2282,21-03-2022,P001,Pain Relief Capsule,Medicine,3,10,30,C2282,43,Male,Denver,Debit Card,5%
T0328,21-03-2022,P047,Coconut Oil,Haircare,2,12,24,C0328,32,Female,San Francisco,Credit Card,10%
T0332,21-03-2022,P022,Toothpaste,Hygiene,2,4,8,C0332,41,Male,Houston,Debit Card,5%
T4981,21-03-2022,P050,Ear Drops,Medicine,2,6,12,C4981,47,Female,Seattle,Credit Card,10%
T1314,23-03-2022,P035,Anti-Wrinkle Cream,Skincare,5,45,225,C1314,38,Female,Houston,Mobile Payment,10%
T0166,23-03-2022,P015,Protein Powder,Nutrition,2,25,50,C0166,22,Male,San Francisco,Cash,15%
T4791,24-03-2022,P013,Probiotic Supplement,Supplement,1,20,20,C4791,46,Female,Miami,Mobile Payment,5%
T0599,24-03-2022,P039,Nasal Spray,Medicine,4,8,32,C0599,41,Female,Miami,Mobile Payment,15%
T0570,24-03-2022,P027,All-Purpose Ointment,Medicine,5,6,30,C0570,61,Male,Denver,Cash,5%
T3499,24-03-2022,P023,Acne Treatment Gel,Skincare,4,16,64,C3499,54,Male,Los Angeles,Mobile Payment,5%
T1818,25-03-2022,P038,Liver Health Supplement,Supplement,5,20,100,C1818,49,Female,Boston,Cash,15%
T2945,25-03-2022,P011,Herbal Shampoo,Haircare,2,12,24,C2945,20,Female,San Francisco,Cash,5%
T0688,25-03-2022,P043,Pain Relief Patch,Medicine,4,7,28,C0688,47,Male,Seattle,Cash,10%
T1161,28-03-2022,P043,Pain Relief Patch,Medicine,3,7,21,C1161,20,Female,San Francisco,Debit Card,15%
T0580,28-03-2022,P041,Digestive Enzymes,Supplement,3,18,54,C0580,65,Male,Chicago,Credit Card,10%
T3135,28-03-2022,P022,Toothpaste,Hygiene,5,4,20,C3135,44,Female,Chicago,Credit Card,15%
T2944,29-03-2022,P022,Toothpaste,Hygiene,1,4,4,C2944,49,Female,Boston,Mobile Payment,5%
T1760,29-03-2022,P032,Caffeine Pills,Supplement,4,5,20,C1760,28,Male,San Francisco,Debit Card,0%
T2441,29-03-2022,P002,Multivitamin Tablet,Supplement,5,15,75,C2441,47,Female,Los Angeles,Cash,0%
T3356,30-03-2022,P025,Eye Drops,Medicine,2,12,24,C3356,43,Female,New York,Cash,10%
T2742,30-03-2022,P029,Zinc Supplement,Supplement,3,10,30,C2742,55,Female,Seattle,Debit Card,0%
T2927,01-04-2022,P016,Energy Drink,Beverage,4,5,20,C2927,58,Male,New York,Credit Card,15%
T2230,02-04-2022,P014,Calcium Tablets,Supplement,1,15,15,C2230,45,Male,San Francisco,Credit Card,5%
T2656,03-04-2022,P044,Joint Health Tablets,Supplement,4,32,128,C2656,55,Male,New York,Debit Card,10%
T3297,03-04-2022,P036,Tea Tree Oil,Skincare,3,12,36,C3297,39,Female,San Francisco,Cash,10%
T1799,03-04-2022,P016,Energy Drink,Beverage,3,5,15,C1799,62,Male,San Francisco,Credit Card,10%
T2587,05-04-2022,P010,Lip Balm,Skincare,3,7,21,C2587,46,Female,Los Angeles,Mobile Payment,15%
T1142,05-04-2022,P015,Protein Powder,Nutrition,3,25,75,C1142,22,Male,New York,Mobile Payment,5%
T2456,05-04-2022,P010,Lip Balm,Skincare,5,7,35,C2456,39,Male,Los Angeles,Cash,10%
T3680,06-04-2022,P011,Herbal Shampoo,Haircare,5,12,60,C3680,41,Male,New York,Credit Card,0%
T3194,06-04-2022,P031,Hydration Powder,Nutrition,1,7,7,C3194,40,Male,Houston,Debit Card,5%
T3766,07-04-2022,P014,Calcium Tablets,Supplement,1,15,15,C3766,32,Female,Seattle,Debit Card,5%
T3693,07-04-2022,P043,Pain Relief Patch,Medicine,3,7,21,C3693,62,Male,Chicago,Mobile Payment,15%
T3236,07-04-2022,P026,Muscle Relaxant Cream,Medicine,1,25,25,C3236,60,Male,Denver,Mobile Payment,5%
T3200,07-04-2022,P045,Vitamin C Serum,Skincare,2,25,50,C3200,18,Female,Houston,Cash,15%
T0644,07-04-2022,P032,Caffeine Pills,Supplement,3,5,15,C0644,30,Male,Denver,Credit Card,5%
T4136,09-04-2022,P016,Energy Drink,Beverage,4,5,20,C4136,41,Female,Chicago,Cash,0%
T4738,10-04-2022,P032,Caffeine Pills,Supplement,4,5,20,C4738,41,Male,Denver,Mobile Payment,0%
T3312,10-04-2022,P005,Vitamin D3 Supplement,Supplement,2,12,24,C3312,33,Male,Chicago,Mobile Payment,15%
T0737,11-04-2022,P032,Caffeine Pills,Supplement,5,5,25,C0737,51,Female,Miami,Mobile Payment,10%
T2491,11-04-2022,P035,Anti-Wrinkle Cream,Skincare,5,45,225,C2491,58,Male,Chicago,Debit Card,10%
T4133,11-04-2022,P019,Aloe Vera Gel,Skincare,5,8,40,C4133,34,Female,San Francisco,Cash,15%
T3481,11-04-2022,P014,Calcium Tablets,Supplement,3,15,45,C3481,21,Male,Los Angeles,Cash,0%
T4905,12-04-2022,P026,Muscle Relaxant Cream,Medicine,5,25,125,C4905,58,Male,Boston,Debit Card,5%
T4606,12-04-2022,P036,Tea Tree Oil,Skincare,5,12,60,C4606,60,Female,Los Angeles,Debit Card,10%
T1903,13-04-2022,P033,Foot Cream,Skincare,3,15,45,C1903,60,Male,Chicago,Debit Card,0%
T4814,13-04-2022,P004,Anti-Allergy Cream,Skincare,2,25,50,C4814,34,Male,New York,Credit Card,15%
T1989,13-04-2022,P003,Cold Syrup,Medicine,2,8,16,C1989,41,Male,Denver,Cash,0%
T4974,13-04-2022,P018,Moisturizing Lotion,Skincare,3,18,54,C4974,44,Female,Boston,Cash,15%
T2114,15-04-2022,P039,Nasal Spray,Medicine,5,8,40,C2114,58,Female,New York,Cash,5%
T2629,15-04-2022,P003,Cold Syrup,Medicine,3,8,24,C2629,29,Male,Chicago,Debit Card,15%
T3145,15-04-2022,P018,Moisturizing Lotion,Skincare,2,18,36,C3145,56,Male,San Francisco,Cash,15%
T2263,15-04-2022,P017,Anti-Dandruff Shampoo,Haircare,5,14,70,C2263,43,Female,New York,Mobile Payment,15%
T4767,16-04-2022,P008,Fish Oil Capsules,Supplement,2,18,36,C4767,49,Female,Los Angeles,Mobile Payment,5%
T1920,17-04-2022,P022,Toothpaste,Hygiene,4,4,16,C1920,19,Female,Los Angeles,Debit Card,10%
T3839,18-04-2022,P015,Protein Powder,Nutrition,1,25,25,C3839,47,Male,Denver,Mobile Payment,10%
T0809,18-04-2022,P050,Ear Drops,Medicine,3,6,18,C0809,26,Female,Los Angeles,Cash,15%
T2419,19-04-2022,P023,Acne Treatment Gel,Skincare,2,16,32,C2419,47,Male,San Francisco,Mobile Payment,5%
T1062,19-04-2022,P026,Muscle Relaxant Cream,Medicine,5,25,125,C1062,24,Male,Houston,Mobile Payment,10%
T0019,19-04-2022,P006,Cough Drops,Medicine,1,2.5,2.5,C0019,39,Male,Boston,Mobile Payment,15%
T4440,19-04-2022,P018,Moisturizing Lotion,Skincare,2,18,36,C4440,21,Male,Seattle,Debit Card,15%
T1765,20-04-2022,P015,Protein Powder,Nutrition,2,25,50,C1765,65,Female,Houston,Credit Card,0%
T0954,20-04-2022,P044,Joint Health Tablets,Supplement,4,32,128,C0954,48,Male,San Francisco,Cash,15%
T3101,20-04-2022,P027,All-Purpose Ointment,Medicine,3,6,18,C3101,63,Female,Seattle,Mobile Payment,15%
T2841,20-04-2022,P019,Aloe Vera Gel,Skincare,4,8,32,C2841,35,Male,Houston,Cash,15%
T1357,21-04-2022,P007,Diabetic Test Strips,Medical Equipment,2,50,100,C1357,56,Male,Denver,Debit Card,10%
T3138,21-04-2022,P034,Hair Growth Serum,Haircare,2,28,56,C3138,58,Male,Los Angeles,Debit Card,10%
T3460,21-04-2022,P007,Diabetic Test Strips,Medical Equipment,5,50,250,C3460,54,Male,Chicago,Cash,15%
T4701,22-04-2022,P024,Collagen Powder,Supplement,5,30,150,C4701,38,Female,New York,Debit Card,5%
T4468,22-04-2022,P046,Sunblock Cream,Skincare,2,20,40,C4468,30,Female,Denver,Credit Card,15%
T4275,23-04-2022,P018,Moisturizing Lotion,Skincare,4,18,72,C4275,31,Male,Denver,Credit Card,10%
T4816,24-04-2022,P004,Anti-Allergy Cream,Skincare,2,25,50,C4816,25,Female,New York,Mobile Payment,0%
T1407,24-04-2022,P014,Calcium Tablets,Supplement,2,15,30,C1407,37,Female,New York,Cash,15%
T0471,25-04-2022,P035,Anti-Wrinkle Cream,Skincare,1,45,45,C0471,29,Male,Denver,Debit Card,10%
T1500,25-04-2022,P013,Probiotic Supplement,Supplement,3,20,60,C1500,45,Female,San Francisco,Credit Card,5%
T2668,25-04-2022,P043,Pain Relief Patch,Medicine,2,7,14,C2668,23,Female,Houston,Credit Card,0%
T0652,26-04-2022,P002,Multivitamin Tablet,Supplement,4,15,60,C0652,21,Female,Seattle,Credit Card,15%
T2915,26-04-2022,P029,Zinc Supplement,Supplement,4,10,40,C2915,40,Female,Boston,Mobile Payment,0%
T2346,27-04-2022,P038,Liver Health Supplement,Supplement,3,20,60,C2346,63,Female,Houston,Credit Card,15%
T3875,27-04-2022,P010,Lip Balm,Skincare,5,7,35,C3875,20,Male,Seattle,Credit Card,15%
T2671,28-04-2022,P042,Green Tea Capsules,Supplement,4,10,40,C2671,46,Male,Chicago,Mobile Payment,5%
T0555,28-04-2022,P019,Aloe Vera Gel,Skincare,1,8,8,C0555,37,Female,San Francisco,Mobile Payment,10%
T4448,28-04-2022,P027,All-Purpose Ointment,Medicine,5,6,30,C4448,51,Female,Miami,Cash,15%
T1036,28-04-2022,P023,Acne Treatment Gel,Skincare,5,16,80,C1036,57,Male,Miami,Cash,0%
T3039,28-04-2022,P018,Moisturizing Lotion,Skincare,3,18,54,C3039,29,Female,New York,Mobile Payment,10%
T4353,28-04-2022,P013,Probiotic Supplement,Supplement,2,20,40,C4353,57,Male,New York,Debit Card,0%
T4983,28-04-2022,P008,Fish Oil Capsules,Supplement,4,18,72,C4983,25,Female,Boston,Cash,10%
T1743,29-04-2022,P003,Cold Syrup,Medicine,3,8,24,C1743,31,Female,Chicago,Debit Card,10%
T4775,30-04-2022,P006,Cough Drops,Medicine,2,2.5,5,C4775,40,Male,Miami,Debit Card,0%
T4957,30-04-2022,P028,Omega-3 Capsules,Supplement,1,22,22,C4957,50,Male,Los Angeles,Credit Card,0%
T0694,30-04-2022,P034,Hair Growth Serum,Haircare,3,28,84,C0694,25,Male,Denver,Mobile Payment,0%
T4487,30-04-2022,P018,Moisturizing Lotion,Skincare,5,18,90,C4487,42,Male,Los Angeles,Cash,0%
T3941,30-04-2022,P048,Hydrocortisone Cream,Medicine,4,5,20,C3941,58,Male,Houston,Credit Card,10%
T1831,01-05-2022,P028,Omega-3 Capsules,Supplement,5,22,110,C1831,21,Female,Boston,Mobile Payment,5%
T4496,01-05-2022,P030,Heart Health Supplement,Supplement,4,35,140,C4496,40,Female,Miami,Credit Card,15%
T0807,01-05-2022,P004,Anti-Allergy Cream,Skincare,5,25,125,C0807,29,Female,San Francisco,Cash,0%
T1205,01-05-2022,P038,Liver Health Supplement,Supplement,5,20,100,C1205,56,Male,Boston,Cash,0%
T2242,02-05-2022,P011,Herbal Shampoo,Haircare,2,12,24,C2242,21,Female,Houston,Debit Card,10%
T0821,02-05-2022,P047,Coconut Oil,Haircare,3,12,36,C0821,65,Male,Denver,Credit Card,0%
T0684,03-05-2022,P017,Anti-Dandruff Shampoo,Haircare,5,14,70,C0684,37,Female,Miami,Mobile Payment,5%
T2382,03-05-2022,P002,Multivitamin Tablet,Supplement,1,15,15,C2382,26,Male,Seattle,Mobile Payment,0%
T2662,04-05-2022,P020,Elderberry Syrup,Medicine,5,22,110,C2662,51,Female,New York,Mobile Payment,0%
T2778,04-05-2022,P006,Cough Drops,Medicine,5,2.5,12.5,C2778,55,Female,Boston,Mobile Payment,15%
T1684,04-05-2022,P025,Eye Drops,Medicine,1,12,12,C1684,24,Male,Houston,Credit Card,15%
T0331,06-05-2022,P002,Multivitamin Tablet,Supplement,2,15,30,C0331,25,Male,Houston,Credit Card,15%
T1741,06-05-2022,P046,Sunblock Cream,Skincare,2,20,40,C1741,31,Male,Los Angeles,Mobile Payment,5%
T4293,06-05-2022,P035,Anti-Wrinkle Cream,Skincare,4,45,180,C4293,22,Female,Seattle,Debit Card,5%
T3930,07-05-2022,P041,Digestive Enzymes,Supplement,1,18,18,C3930,35,Male,Houston,Cash,5%
T4282,07-05-2022,P037,Natural Deodorant,Hygiene,2,9,18,C4282,49,Male,Seattle,Mobile Payment,5%
T1540,07-05-2022,P040,Hair Conditioner,Haircare,4,13,52,C1540,57,Female,Los Angeles,Debit Card,10%
T0017,08-05-2022,P028,Omega-3 Capsules,Supplement,2,22,44,C0017,20,Male,San Francisco,Cash,0%
T0734,08-05-2022,P004,Anti-Allergy Cream,Skincare,4,25,100,C0734,34,Female,Miami,Cash,5%
T4363,08-05-2022,P035,Anti-Wrinkle Cream,Skincare,5,45,225,C4363,34,Male,Denver,Mobile Payment,10%
T2793,09-05-2022,P043,Pain Relief Patch,Medicine,5,7,35,C2793,23,Male,Chicago,Credit Card,10%
T4461,10-05-2022,P048,Hydrocortisone Cream,Medicine,2,5,10,C4461,55,Male,Houston,Mobile Payment,5%
T2524,11-05-2022,P042,Green Tea Capsules,Supplement,3,10,30,C2524,30,Male,Los Angeles,Credit Card,15%
T4678,11-05-2022,P013,Probiotic Supplement,Supplement,3,20,60,C4678,62,Male,Miami,Debit Card,5%
T1096,13-05-2022,P046,Sunblock Cream,Skincare,2,20,40,C1096,22,Female,Denver,Cash,15%
T1267,13-05-2022,P019,Aloe Vera Gel,Skincare,1,8,8,C1267,47,Female,Chicago,Debit Card,15%
T1710,14-05-2022,P023,Acne Treatment Gel,Skincare,1,16,16,C1710,46,Male,Houston,Mobile Payment,5%
T4324,15-05-2022,P005,Vitamin D3 Supplement,Supplement,4,12,48,C4324,43,Female,New York,Debit Card,10%
T0866,15-05-2022,P024,Collagen Powder,Supplement,5,30,150,C0866,19,Female,Boston,Mobile Payment,0%
T2891,16-05-2022,P011,Herbal Shampoo,Haircare,3,12,36,C2891,58,Female,Denver,Cash,10%
T1307,16-05-2022,P046,Sunblock Cream,Skincare,1,20,20,C1307,31,Male,Los Angeles,Credit Card,10%
T0515,16-05-2022,P043,Pain Relief Patch,Medicine,1,7,7,C0515,46,Female,San Francisco,Mobile Payment,10%
T1952,17-05-2022,P015,Protein Powder,Nutrition,5,25,125,C1952,25,Male,Miami,Credit Card,5%
T3636,19-05-2022,P011,Herbal Shampoo,Haircare,1,12,12,C3636,45,Female,Houston,Credit Card,5%
T0234,20-05-2022,P025,Eye Drops,Medicine,1,12,12,C0234,65,Female,Los Angeles,Mobile Payment,0%
T1303,21-05-2022,P016,Energy Drink,Beverage,2,5,10,C1303,43,Male,Seattle,Cash,10%
T2579,21-05-2022,P027,All-Purpose Ointment,Medicine,3,6,18,C2579,46,Male,Boston,Cash,15%
T2563,21-05-2022,P032,Caffeine Pills,Supplement,4,5,20,C2563,57,Female,New York,Cash,15%
T4546,22-05-2022,P032,Caffeine Pills,Supplement,5,5,25,C4546,44,Male,New York,Mobile Payment,5%
T0661,22-05-2022,P038,Liver Health Supplement,Supplement,1,20,20,C0661,46,Female,Miami,Debit Card,10%
T1066,22-05-2022,P027,All-Purpose Ointment,Medicine,1,6,6,C1066,64,Female,Chicago,Cash,15%
T1692,22-05-2022,P023,Acne Treatment Gel,Skincare,3,16,48,C1692,25,Female,Seattle,Mobile Payment,15%
T3163,22-05-2022,P007,Diabetic Test Strips,Medical Equipment,3,50,150,C3163,61,Female,Seattle,Credit Card,0%
T3880,22-05-2022,P034,Hair Growth Serum,Haircare,1,28,28,C3880,26,Male,San Francisco,Mobile Payment,0%
T2667,22-05-2022,P015,Protein Powder,Nutrition,2,25,50,C2667,64,Male,Boston,Mobile Payment,0%
T3841,23-05-2022,P034,Hair Growth Serum,Haircare,1,28,28,C3841,49,Male,Chicago,Credit Card,10%
T3421,23-05-2022,P017,Anti-Dandruff Shampoo,Haircare,4,14,56,C3421,21,Female,Houston,Credit Card,0%
T3785,24-05-2022,P040,Hair Conditioner,Haircare,4,13,52,C3785,37,Female,Boston,Mobile Payment,0%
T3444,24-05-2022,P035,Anti-Wrinkle Cream,Skincare,5,45,225,C3444,65,Male,Miami,Credit Card,0%
T2056,24-05-2022,P050,Ear Drops,Medicine,2,6,12,C2056,52,Female,Seattle,Mobile Payment,5%
T3213,25-05-2022,P029,Zinc Supplement,Supplement,3,10,30,C3213,59,Female,Houston,Mobile Payment,15%
T4704,25-05-2022,P024,Collagen Powder,Supplement,2,30,60,C4704,58,Female,Seattle,Credit Card,5%
T2094,25-05-2022,P001,Pain Relief Capsule,Medicine,5,10,50,C2094,50,Male,Chicago,Mobile Payment,5%
T1593,25-05-2022,P011,Herbal Shampoo,Haircare,4,12,48,C1593,60,Male,Seattle,Debit Card,15%
T0779,25-05-2022,P005,Vitamin D3 Supplement,Supplement,3,12,36,C0779,41,Male,San Francisco,Debit Card,5%
T0907,26-05-2022,P036,Tea Tree Oil,Skincare,1,12,12,C0907,59,Female,Boston,Mobile Payment,0%
T3326,27-05-2022,P004,Anti-Allergy Cream,Skincare,5,25,125,C3326,59,Female,Boston,Cash,0%
T1093,27-05-2022,P012,Organic Face Wash,Skincare,5,10,50,C1093,40,Male,Boston,Mobile Payment,10%
T3058,28-05-2022,P029,Zinc Supplement,Supplement,5,10,50,C3058,35,Female,Chicago,Cash,10%
T2431,28-05-2022,P007,Diabetic Test Strips,Medical Equipment,5,50,250,C2431,57,Male,Boston,Debit Card,10%
T1898,29-05-2022,P039,Nasal Spray,Medicine,3,8,24,C1898,54,Female,San Francisco,Credit Card,5%
T1387,29-05-2022,P040,Hair Conditioner,Haircare,5,13,65,C1387,18,Male,Los Angeles,Mobile Payment,5%
T0905,29-05-2022,P036,Tea Tree Oil,Skincare,2,12,24,C0905,30,Male,Denver,Credit Card,5%
T3442,29-05-2022,P032,Caffeine Pills,Supplement,1,5,5,C3442,19,Female,New York,Mobile Payment,0%
T2476,30-05-2022,P035,Anti-Wrinkle Cream,Skincare,5,45,225,C2476,35,Female,Houston,Debit Card,5%
T2151,30-05-2022,P036,Tea Tree Oil,Skincare,3,12,36,C2151,45,Male,San Francisco,Cash,15%
T2300,31-05-2022,P027,All-Purpose Ointment,Medicine,4,6,24,C2300,64,Male,Houston,Cash,5%
T2366,31-05-2022,P026,Muscle Relaxant Cream,Medicine,5,25,125,C2366,46,Female,Miami,Cash,5%
T1600,31-05-2022,P035,Anti-Wrinkle Cream,Skincare,2,45,90,C1600,53,Female,Boston,Credit Card,0%
T0947,31-05-2022,P019,Aloe Vera Gel,Skincare,1,8,8,C0947,58,Female,Chicago,Cash,15%
T1391,31-05-2022,P040,Hair Conditioner,Haircare,1,13,13,C1391,59,Male,Houston,Mobile Payment,0%
T2317,31-05-2022,P012,Organic Face Wash,Skincare,5,10,50,C2317,62,Female,Los Angeles,Mobile Payment,15%
T4236,01-06-2022,P028,Omega-3 Capsules,Supplement,1,22,22,C4236,60,Male,Chicago,Mobile Payment,5%
T2367,01-06-2022,P016,Energy Drink,Beverage,5,5,25,C2367,23,Female,San Francisco,Debit Card,10%
T1179,01-06-2022,P013,Probiotic Supplement,Supplement,2,20,40,C1179,40,Female,Seattle,Cash,0%
T4390,01-06-2022,P002,Multivitamin Tablet,Supplement,4,15,60,C4390,45,Male,Houston,Debit Card,15%
T4515,01-06-2022,P027,All-Purpose Ointment,Medicine,3,6,18,C4515,29,Female,Seattle,Mobile Payment,10%
T0189,01-06-2022,P014,Calcium Tablets,Supplement,1,15,15,C0189,23,Male,Denver,Mobile Payment,5%
T1531,01-06-2022,P035,Anti-Wrinkle Cream,Skincare,4,45,180,C1531,50,Female,Boston,Mobile Payment,10%
T0753,02-06-2022,P045,Vitamin C Serum,Skincare,1,25,25,C0753,64,Male,San Francisco,Credit Card,15%
T3122,03-06-2022,P014,Calcium Tablets,Supplement,3,15,45,C3122,19,Male,Denver,Debit Card,10%
T3367,05-06-2022,P047,Coconut Oil,Haircare,4,12,48,C3367,24,Female,San Francisco,Cash,0%
T1347,06-06-2022,P021,Hand Sanitizer,Hygiene,1,3,3,C1347,64,Male,Seattle,Credit Card,10%
T4229,06-06-2022,P005,Vitamin D3 Supplement,Supplement,2,12,24,C4229,26,Male,Boston,Debit Card,0%
T0842,07-06-2022,P034,Hair Growth Serum,Haircare,2,28,56,C0842,21,Male,Miami,Debit Card,0%
T0825,07-06-2022,P022,Toothpaste,Hygiene,4,4,16,C0825,45,Male,Seattle,Cash,15%
T2884,08-06-2022,P042,Green Tea Capsules,Supplement,3,10,30,C2884,38,Female,Boston,Credit Card,10%
T4863,08-06-2022,P050,Ear Drops,Medicine,3,6,18,C4863,40,Female,Denver,Cash,15%
T0182,08-06-2022,P031,Hydration Powder,Nutrition,3,7,21,C0182,57,Female,Chicago,Credit Card,15%
T4866,08-06-2022,P042,Green Tea Capsules,Supplement,5,10,50,C4866,51,Female,San Francisco,Mobile Payment,5%
T4939,09-06-2022,P035,Anti-Wrinkle Cream,Skincare,4,45,180,C4939,58,Female,New York,Credit Card,0%
T1417,09-06-2022,P039,Nasal Spray,Medicine,4,8,32,C1417,51,Female,New York,Debit Card,15%
T3028,09-06-2022,P022,Toothpaste,Hygiene,3,4,12,C3028,19,Female,Chicago,Debit Card,10%
T3803,09-06-2022,P021,Hand Sanitizer,Hygiene,3,3,9,C3803,56,Male,Chicago,Credit Card,15%
T0843,09-06-2022,P023,Acne Treatment Gel,Skincare,1,16,16,C0843,60,Female,Los Angeles,Mobile Payment,10%
T2666,10-06-2022,P005,Vitamin D3 Supplement,Supplement,1,12,12,C2666,35,Male,Seattle,Credit Card,0%
T3020,10-06-2022,P032,Caffeine Pills,Supplement,5,5,25,C3020,24,Male,Los Angeles,Credit Card,10%
T4398,11-06-2022,P009,Antibacterial Handwash,Hygiene,3,5,15,C4398,65,Male,Boston,Credit Card,15%
T4099,11-06-2022,P038,Liver Health Supplement,Supplement,1,20,20,C4099,53,Female,New York,Credit Card,5%
T4114,11-06-2022,P032,Caffeine Pills,Supplement,5,5,25,C4114,44,Male,Denver,Credit Card,15%
T4808,11-06-2022,P048,Hydrocortisone Cream,Medicine,3,5,15,C4808,18,Female,New York,Credit Card,15%
T1200,11-06-2022,P015,Protein Powder,Nutrition,4,25,100,C1200,53,Male,San Francisco,Credit Card,5%
T4885,12-06-2022,P022,Toothpaste,Hygiene,1,4,4,C4885,22,Female,Miami,Cash,15%
T4682,12-06-2022,P016,Energy Drink,Beverage,2,5,10,C4682,56,Female,New York,Debit Card,10%
T2337,12-06-2022,P046,Sunblock Cream,Skincare,4,20,80,C2337,19,Male,Boston,Debit Card,10%
T2842,12-06-2022,P025,Eye Drops,Medicine,3,12,36,C2842,50,Female,Chicago,Cash,0%
T3606,13-06-2022,P014,Calcium Tablets,Supplement,1,15,15,C3606,19,Male,New York,Credit Card,5%
T3362,14-06-2022,P009,Antibacterial Handwash,Hygiene,5,5,25,C3362,49,Female,Boston,Debit Card,10%
T1965,14-06-2022,P041,Digestive Enzymes,Supplement,5,18,90,C1965,35,Male,New York,Credit Card,5%
T4024,14-06-2022,P003,Cold Syrup,Medicine,3,8,24,C4024,52,Female,Denver,Debit Card,15%
T3325,17-06-2022,P045,Vitamin C Serum,Skincare,4,25,100,C3325,32,Female,Miami,Credit Card,5%
T2576,17-06-2022,P032,Caffeine Pills,Supplement,3,5,15,C2576,51,Female,New York,Debit Card,5%
T4514,18-06-2022,P033,Foot Cream,Skincare,3,15,45,C4514,45,Male,San Francisco,Credit Card,5%
T3197,18-06-2022,P045,Vitamin C Serum,Skincare,5,25,125,C3197,24,Female,New York,Cash,5%
T1340,18-06-2022,P028,Omega-3 Capsules,Supplement,2,22,44,C1340,25,Male,Miami,Mobile Payment,5%
T4416,19-06-2022,P050,Ear Drops,Medicine,2,6,12,C4416,51,Male,Seattle,Cash,5%
T4634,19-06-2022,P029,Zinc Supplement,Supplement,5,10,50,C4634,39,Female,Boston,Cash,10%
T1773,19-06-2022,P009,Antibacterial Handwash,Hygiene,5,5,25,C1773,45,Male,Miami,Credit Card,10%
T1236,19-06-2022,P034,Hair Growth Serum,Haircare,3,28,84,C1236,54,Female,Houston,Debit Card,0%
T1022,20-06-2022,P041,Digestive Enzymes,Supplement,5,18,90,C1022,27,Male,San Francisco,Debit Card,0%
T4673,20-06-2022,P044,Joint Health Tablets,Supplement,2,32,64,C4673,57,Female,Denver,Mobile Payment,15%
T0398,21-06-2022,P023,Acne Treatment Gel,Skincare,2,16,32,C0398,51,Male,Seattle,Mobile Payment,10%
T2026,21-06-2022,P032,Caffeine Pills,Supplement,2,5,10,C2026,44,Female,Chicago,Cash,15%
T0695,21-06-2022,P047,Coconut Oil,Haircare,5,12,60,C0695,37,Male,Boston,Cash,0%
T0756,22-06-2022,P001,Pain Relief Capsule,Medicine,1,10,10,C0756,34,Male,Houston,Mobile Payment,10%
T4750,22-06-2022,P042,Green Tea Capsules,Supplement,5,10,50,C4750,39,Female,Miami,Debit Card,15%
T1483,22-06-2022,P016,Energy Drink,Beverage,1,5,5,C1483,25,Male,Los Angeles,Cash,5%
T0364,22-06-2022,P038,Liver Health Supplement,Supplement,1,20,20,C0364,26,Male,Boston,Mobile Payment,0%
T1887,23-06-2022,P032,Caffeine Pills,Supplement,4,5,20,C1887,59,Male,Houston,Debit Card,0%
T0920,23-06-2022,P043,Pain Relief Patch,Medicine,2,7,14,C0920,61,Male,San Francisco,Debit Card,15%
T2685,23-06-2022,P033,Foot Cream,Skincare,1,15,15,C2685,20,Male,Miami,Mobile Payment,10%
T4284,23-06-2022,P030,Heart Health Supplement,Supplement,4,35,140,C4284,37,Female,Houston,Credit Card,0%
T1546,23-06-2022,P008,Fish Oil Capsules,Supplement,4,18,72,C1546,41,Male,San Francisco,Cash,15%
T3675,23-06-2022,P022,Toothpaste,Hygiene,4,4,16,C3675,44,Female,San Francisco,Debit Card,10%
T2511,24-06-2022,P006,Cough Drops,Medicine,2,2.5,5,C2511,46,Male,Denver,Mobile Payment,10%
T0127,24-06-2022,P014,Calcium Tablets,Supplement,5,15,75,C0127,27,Female,San Francisco,Cash,5%
T0887,25-06-2022,P023,Acne Treatment Gel,Skincare,3,16,48,C0887,46,Female,New York,Mobile Payment,15%
T4773,25-06-2022,P040,Hair Conditioner,Haircare,1,13,13,C4773,21,Female,Boston,Mobile Payment,0%
T4127,25-06-2022,P007,Diabetic Test Strips,Medical Equipment,2,50,100,C4127,65,Female,New York,Debit Card,10%
T2535,26-06-2022,P044,Joint Health Tablets,Supplement,5,32,160,C2535,29,Male,Denver,Debit Card,0%
T1190,26-06-2022,P006,Cough Drops,Medicine,4,2.5,10,C1190,39,Female,Denver,Cash,15%
T1312,28-06-2022,P025,Eye Drops,Medicine,1,12,12,C1312,31,Male,Miami,Debit Card,15%
T4742,28-06-2022,P026,Muscle Relaxant Cream,Medicine,5,25,125,C4742,52,Female,Miami,Mobile Payment,5%
T0871,28-06-2022,P044,Joint Health Tablets,Supplement,2,32,64,C0871,30,Male,Los Angeles,Cash,5%
T3401,29-06-2022,P006,Cough Drops,Medicine,4,2.5,10,C3401,59,Male,Seattle,Mobile Payment,10%
T2955,30-06-2022,P044,Joint Health Tablets,Supplement,1,32,32,C2955,50,Male,Los Angeles,Cash,15%
T3210,30-06-2022,P008,Fish Oil Capsules,Supplement,3,18,54,C3210,36,Female,Seattle,Cash,0%
T1723,01-07-2022,P034,Hair Growth Serum,Haircare,3,28,84,C1723,27,Male,Boston,Mobile Payment,5%
T3407,01-07-2022,P033,Foot Cream,Skincare,2,15,30,C3407,57,Female,Denver,Cash,15%
T3895,01-07-2022,P015,Protein Powder,Nutrition,4,25,100,C3895,44,Female,San Francisco,Credit Card,0%
T4408,01-07-2022,P011,Herbal Shampoo,Haircare,4,12,48,C4408,58,Female,Boston,Credit Card,5%
T2809,01-07-2022,P046,Sunblock Cream,Skincare,5,20,100,C2809,58,Male,San Francisco,Mobile Payment,0%
T0094,03-07-2022,P003,Cold Syrup,Medicine,2,8,16,C0094,38,Female,Houston,Cash,0%
T3096,03-07-2022,P019,Aloe Vera Gel,Skincare,4,8,32,C3096,34,Female,Houston,Mobile Payment,10%
T4013,03-07-2022,P014,Calcium Tablets,Supplement,5,15,75,C4013,22,Female,New York,Mobile Payment,15%
T0415,03-07-2022,P005,Vitamin D3 Supplement,Supplement,5,12,60,C0415,56,Male,Los Angeles,Cash,15%
T2646,04-07-2022,P032,Caffeine Pills,Supplement,4,5,20,C2646,40,Female,New York,Mobile Payment,5%
T1012,05-07-2022,P044,Joint Health Tablets,Supplement,3,32,96,C1012,55,Female,Denver,Cash,15%
T1465,06-07-2022,P024,Collagen Powder,Supplement,3,30,90,C1465,54,Male,Seattle,Debit Card,5%
T1562,06-07-2022,P016,Energy Drink,Beverage,3,5,15,C1562,37,Male,Houston,Mobile Payment,10%
T3500,07-07-2022,P003,Cold Syrup,Medicine,4,8,32,C3500,37,Female,Los Angeles,Debit Card,15%
T2777,07-07-2022,P027,All-Purpose Ointment,Medicine,3,6,18,C2777,60,Male,Denver,Credit Card,5%
T4589,07-07-2022,P022,Toothpaste,Hygiene,2,4,8,C4589,44,Male,Los Angeles,Debit Card,15%
T3106,09-07-2022,P023,Acne Treatment Gel,Skincare,1,16,16,C3106,31,Female,Seattle,Debit Card,0%
T2827,09-07-2022,P030,Heart Health Supplement,Supplement,1,35,35,C2827,26,Male,Los Angeles,Mobile Payment,10%
T3158,10-07-2022,P025,Eye Drops,Medicine,1,12,12,C3158,45,Female,Chicago,Cash,10%
T0679,10-07-2022,P038,Liver Health Supplement,Supplement,2,20,40,C0679,30,Male,Denver,Mobile Payment,10%
T1381,11-07-2022,P043,Pain Relief Patch,Medicine,2,7,14,C1381,31,Male,San Francisco,Debit Card,15%
T4927,11-07-2022,P006,Cough Drops,Medicine,4,2.5,10,C4927,60,Female,Boston,Cash,10%
T3582,12-07-2022,P041,Digestive Enzymes,Supplement,2,18,36,C3582,38,Male,Miami,Cash,15%
T0747,12-07-2022,P039,Nasal Spray,Medicine,1,8,8,C0747,34,Female,Los Angeles,Debit Card,0%
T1683,13-07-2022,P014,Calcium Tablets,Supplement,1,15,15,C1683,60,Female,Denver,Mobile Payment,5%
T0860,13-07-2022,P017,Anti-Dandruff Shampoo,Haircare,4,14,56,C0860,28,Male,Denver,Cash,15%
T4388,13-07-2022,P027,All-Purpose Ointment,Medicine,3,6,18,C4388,38,Female,Denver,Credit Card,0%
T4535,14-07-2022,P005,Vitamin D3 Supplement,Supplement,2,12,24,C4535,23,Male,Los Angeles,Mobile Payment,0%
T3205,15-07-2022,P025,Eye Drops,Medicine,4,12,48,C3205,50,Male,Houston,Credit Card,15%
T0953,15-07-2022,P026,Muscle Relaxant Cream,Medicine,4,25,100,C0953,29,Female,Miami,Mobile Payment,0%
T3721,15-07-2022,P027,All-Purpose Ointment,Medicine,4,6,24,C3721,18,Female,Chicago,Mobile Payment,15%
T3375,15-07-2022,P009,Antibacterial Handwash,Hygiene,5,5,25,C3375,32,Male,Seattle,Cash,0%
T0232,15-07-2022,P029,Zinc Supplement,Supplement,5,10,50,C0232,32,Male,Boston,Debit Card,15%
T1798,16-07-2022,P025,Eye Drops,Medicine,2,12,24,C1798,62,Male,Seattle,Debit Card,5%
T2065,16-07-2022,P023,Acne Treatment Gel,Skincare,1,16,16,C2065,25,Female,Miami,Cash,0%
T0186,16-07-2022,P047,Coconut Oil,Haircare,1,12,12,C0186,42,Male,San Francisco,Debit Card,0%
T1534,16-07-2022,P022,Toothpaste,Hygiene,5,4,20,C1534,25,Female,San Francisco,Mobile Payment,10%
T1482,17-07-2022,P028,Omega-3 Capsules,Supplement,5,22,110,C1482,28,Female,Miami,Cash,10%
T0492,17-07-2022,P032,Caffeine Pills,Supplement,5,5,25,C0492,31,Female,Seattle,Debit Card,10%
T4517,17-07-2022,P040,Hair Conditioner,Haircare,5,13,65,C4517,42,Female,Boston,Mobile Payment,0%
T4225,18-07-2022,P045,Vitamin C Serum,Skincare,2,25,50,C4225,19,Male,San Francisco,Debit Card,10%
T1909,18-07-2022,P011,Herbal Shampoo,Haircare,1,12,12,C1909,28,Male,Boston,Mobile Payment,10%
T3655,18-07-2022,P001,Pain Relief Capsule,Medicine,1,10,10,C3655,63,Female,Houston,Credit Card,0%
T1090,18-07-2022,P021,Hand Sanitizer,Hygiene,3,3,9,C1090,32,Female,Denver,Debit Card,15%
T4532,19-07-2022,P048,Hydrocortisone Cream,Medicine,2,5,10,C4532,19,Male,Boston,Debit Card,10%
T4224,20-07-2022,P050,Ear Drops,Medicine,3,6,18,C4224,25,Male,Seattle,Debit Card,15%
T2863,20-07-2022,P041,Digestive Enzymes,Supplement,3,18,54,C2863,38,Male,Houston,Debit Card,15%
T1396,20-07-2022,P041,Digestive Enzymes,Supplement,5,18,90,C1396,27,Female,New York,Debit Card,10%
T2398,20-07-2022,P013,Probiotic Supplement,Supplement,1,20,20,C2398,19,Female,San Francisco,Debit Card,15%
T3784,21-07-2022,P014,Calcium Tablets,Supplement,3,15,45,C3784,63,Male,New York,Debit Card,0%
T4962,21-07-2022,P040,Hair Conditioner,Haircare,2,13,26,C4962,23,Male,New York,Cash,15%
T1283,22-07-2022,P036,Tea Tree Oil,Skincare,5,12,60,C1283,27,Male,Denver,Debit Card,5%
T3416,22-07-2022,P050,Ear Drops,Medicine,4,6,24,C3416,30,Male,Denver,Debit Card,15%
T3179,23-07-2022,P042,Green Tea Capsules,Supplement,5,10,50,C3179,61,Male,Los Angeles,Debit Card,15%
T1410,23-07-2022,P028,Omega-3 Capsules,Supplement,3,22,66,C1410,18,Male,New York,Cash,5%
T0615,23-07-2022,P008,Fish Oil Capsules,Supplement,2,18,36,C0615,21,Male,Boston,Mobile Payment,10%
T0938,23-07-2022,P009,Antibacterial Handwash,Hygiene,3,5,15,C0938,20,Female,Chicago,Credit Card,15%
T4538,23-07-2022,P027,All-Purpose Ointment,Medicine,3,6,18,C4538,25,Female,Miami,Mobile Payment,5%
T4369,24-07-2022,P003,Cold Syrup,Medicine,4,8,32,C4369,29,Female,Houston,Mobile Payment,0%
T4474,24-07-2022,P005,Vitamin D3 Supplement,Supplement,1,12,12,C4474,39,Female,San Francisco,Debit Card,0%
T3053,24-07-2022,P041,Digestive Enzymes,Supplement,3,18,54,C3053,41,Male,Boston,Debit Card,5%
T4631,25-07-2022,P013,Probiotic Supplement,Supplement,3,20,60,C4631,62,Female,New York,Mobile Payment,15%
T4986,25-07-2022,P004,Anti-Allergy Cream,Skincare,3,25,75,C4986,30,Male,Denver,Cash,0%
T2451,28-07-2022,P025,Eye Drops,Medicine,4,12,48,C2451,52,Male,Houston,Cash,0%
T2049,28-07-2022,P004,Anti-Allergy Cream,Skincare,5,25,125,C2049,62,Male,Seattle,Credit Card,10%
T2136,29-07-2022,P044,Joint Health Tablets,Supplement,1,32,32,C2136,64,Male,San Francisco,Debit Card,0%
T1558,29-07-2022,P044,Joint Health Tablets,Supplement,5,32,160,C1558,26,Male,Seattle,Mobile Payment,10%
T3907,30-07-2022,P041,Digestive Enzymes,Supplement,3,18,54,C3907,53,Male,Seattle,Debit Card,10%
T2653,30-07-2022,P011,Herbal Shampoo,Haircare,1,12,12,C2653,54,Female,Boston,Debit Card,10%
T0766,31-07-2022,P028,Omega-3 Capsules,Supplement,5,22,110,C0766,54,Male,San Francisco,Cash,10%
T4033,01-08-2022,P024,Collagen Powder,Supplement,4,30,120,C4033,37,Male,Miami,Credit Card,5%
T0785,01-08-2022,P035,Anti-Wrinkle Cream,Skincare,2,45,90,C0785,56,Male,Chicago,Debit Card,15%
T0745,02-08-2022,P046,Sunblock Cream,Skincare,1,20,20,C0745,23,Male,Boston,Debit Card,0%
T1716,02-08-2022,P022,Toothpaste,Hygiene,4,4,16,C1716,30,Male,Miami,Debit Card,0%
T0845,03-08-2022,P043,Pain Relief Patch,Medicine,1,7,7,C0845,37,Female,Denver,Cash,0%
T3701,03-08-2022,P041,Digestive Enzymes,Supplement,2,18,36,C3701,58,Female,Boston,Credit Card,5%
T3859,03-08-2022,P002,Multivitamin Tablet,Supplement,3,15,45,C3859,36,Female,Chicago,Credit Card,0%
T1980,04-08-2022,P050,Ear Drops,Medicine,3,6,18,C1980,45,Female,Boston,Debit Card,10%
T4103,04-08-2022,P035,Anti-Wrinkle Cream,Skincare,3,45,135,C4103,32,Male,New York,Mobile Payment,10%
T3299,04-08-2022,P047,Coconut Oil,Haircare,5,12,60,C3299,21,Male,Boston,Debit Card,15%
T2749,04-08-2022,P047,Coconut Oil,Haircare,4,12,48,C2749,29,Female,New York,Debit Card,10%
T4473,05-08-2022,P015,Protein Powder,Nutrition,4,25,100,C4473,49,Male,Los Angeles,Credit Card,15%
T2250,05-08-2022,P010,Lip Balm,Skincare,3,7,21,C2250,62,Female,Chicago,Debit Card,5%
T1916,05-08-2022,P003,Cold Syrup,Medicine,1,8,8,C1916,49,Male,Seattle,Mobile Payment,15%
T0666,05-08-2022,P016,Energy Drink,Beverage,1,5,5,C0666,35,Male,Seattle,Mobile Payment,0%
T0451,06-08-2022,P042,Green Tea Capsules,Supplement,4,10,40,C0451,23,Female,Seattle,Cash,5%
T1841,07-08-2022,P048,Hydrocortisone Cream,Medicine,1,5,5,C1841,21,Male,New York,Mobile Payment,10%
T0784,08-08-2022,P045,Vitamin C Serum,Skincare,3,25,75,C0784,29,Male,Houston,Credit Card,5%
T4591,08-08-2022,P045,Vitamin C Serum,Skincare,4,25,100,C4591,60,Female,Chicago,Mobile Payment,10%
T4811,08-08-2022,P041,Digestive Enzymes,Supplement,2,18,36,C4811,32,Male,Los Angeles,Credit Card,5%
T4684,08-08-2022,P006,Cough Drops,Medicine,3,2.5,7.5,C4684,42,Female,Los Angeles,Mobile Payment,0%
T4050,10-08-2022,P029,Zinc Supplement,Supplement,5,10,50,C4050,60,Female,Seattle,Credit Card,10%
T3783,11-08-2022,P039,Nasal Spray,Medicine,4,8,32,C3783,35,Female,Denver,Mobile Payment,15%
T1462,11-08-2022,P041,Digestive Enzymes,Supplement,4,18,72,C1462,54,Male,Seattle,Credit Card,5%
T2997,11-08-2022,P003,Cold Syrup,Medicine,3,8,24,C2997,18,Male,New York,Mobile Payment,10%
T4204,12-08-2022,P021,Hand Sanitizer,Hygiene,5,3,15,C4204,23,Female,San Francisco,Credit Card,0%
T2313,12-08-2022,P033,Foot Cream,Skincare,3,15,45,C2313,47,Female,Los Angeles,Cash,5%
T1725,12-08-2022,P022,Toothpaste,Hygiene,1,4,4,C1725,18,Male,Houston,Mobile Payment,0%
T1106,12-08-2022,P030,Heart Health Supplement,Supplement,2,35,70,C1106,26,Female,Miami,Cash,5%
T0824,13-08-2022,P040,Hair Conditioner,Haircare,5,13,65,C0824,21,Male,Los Angeles,Debit Card,15%
T0961,13-08-2022,P050,Ear Drops,Medicine,3,6,18,C0961,49,Male,Seattle,Credit Card,15%
T3075,14-08-2022,P046,Sunblock Cream,Skincare,4,20,80,C3075,63,Female,Seattle,Debit Card,10%
T4651,14-08-2022,P045,Vitamin C Serum,Skincare,1,25,25,C4651,27,Male,Boston,Cash,15%
T2122,14-08-2022,P025,Eye Drops,Medicine,2,12,24,C2122,55,Female,Houston,Credit Card,5%
T3893,14-08-2022,P030,Heart Health Supplement,Supplement,4,35,140,C3893,59,Male,Chicago,Cash,0%
T1411,15-08-2022,P005,Vitamin D3 Supplement,Supplement,1,12,12,C1411,58,Male,Houston,Cash,10%
T0178,15-08-2022,P049,Antifungal Powder,Medicine,1,10,10,C0178,65,Female,Seattle,Cash,0%
T2538,15-08-2022,P035,Anti-Wrinkle Cream,Skincare,4,45,180,C2538,24,Female,San Francisco,Cash,15%
T3227,15-08-2022,P045,Vitamin C Serum,Skincare,2,25,50,C3227,47,Female,Miami,Credit Card,10%
T1242,15-08-2022,P041,Digestive Enzymes,Supplement,5,18,90,C1242,44,Female,New York,Debit Card,10%
T3793,16-08-2022,P016,Energy Drink,Beverage,2,5,10,C3793,59,Female,Los Angeles,Debit Card,0%
T2972,16-08-2022,P050,Ear Drops,Medicine,5,6,30,C2972,36,Female,Boston,Cash,5%
T3710,16-08-2022,P031,Hydration Powder,Nutrition,2,7,14,C3710,34,Female,Houston,Credit Card,15%
T3900,16-08-2022,P031,Hydration Powder,Nutrition,1,7,7,C3900,22,Female,Miami,Cash,5%
T1512,17-08-2022,P016,Energy Drink,Beverage,5,5,25,C1512,30,Female,Denver,Debit Card,10%
T3633,17-08-2022,P021,Hand Sanitizer,Hygiene,2,3,6,C3633,62,Female,Houston,Cash,10%
T2183,18-08-2022,P005,Vitamin D3 Supplement,Supplement,5,12,60,C2183,48,Female,New York,Cash,10%
T3643,19-08-2022,P036,Tea Tree Oil,Skincare,2,12,24,C3643,41,Male,Denver,Credit Card,15%
T1515,19-08-2022,P037,Natural Deodorant,Hygiene,5,9,45,C1515,27,Female,San Francisco,Credit Card,15%
T2893,19-08-2022,P022,Toothpaste,Hygiene,5,4,20,C2893,19,Male,Chicago,Cash,15%
T0309,20-08-2022,P043,Pain Relief Patch,Medicine,4,7,28,C0309,30,Female,Chicago,Mobile Payment,10%
T4782,22-08-2022,P005,Vitamin D3 Supplement,Supplement,4,12,48,C4782,45,Male,New York,Credit Card,0%
T3389,22-08-2022,P002,Multivitamin Tablet,Supplement,1,15,15,C3389,32,Male,Los Angeles,Debit Card,15%
T1319,22-08-2022,P023,Acne Treatment Gel,Skincare,3,16,48,C1319,30,Female,Los Angeles,Debit Card,0%
T3339,23-08-2022,P034,Hair Growth Serum,Haircare,1,28,28,C3339,48,Male,Chicago,Mobile Payment,15%
T4647,24-08-2022,P014,Calcium Tablets,Supplement,3,15,45,C4647,21,Male,Boston,Cash,10%
T1603,25-08-2022,P045,Vitamin C Serum,Skincare,3,25,75,C1603,44,Male,Boston,Credit Card,0%
T1202,26-08-2022,P039,Nasal Spray,Medicine,3,8,24,C1202,44,Female,Denver,Cash,5%
T4254,26-08-2022,P032,Caffeine Pills,Supplement,4,5,20,C4254,26,Female,Boston,Credit Card,15%
T0100,27-08-2022,P005,Vitamin D3 Supplement,Supplement,1,12,12,C0100,61,Female,Boston,Debit Card,5%
T3916,28-08-2022,P013,Probiotic Supplement,Supplement,3,20,60,C3916,59,Male,New York,Credit Card,10%
T0891,29-08-2022,P010,Lip Balm,Skincare,5,7,35,C0891,30,Male,Miami,Debit Card,15%
T4424,29-08-2022,P030,Heart Health Supplement,Supplement,4,35,140,C4424,19,Male,Houston,Debit Card,15%
T3949,29-08-2022,P019,Aloe Vera Gel,Skincare,2,8,16,C3949,52,Male,New York,Mobile Payment,5%
T4346,30-08-2022,P028,Omega-3 Capsules,Supplement,5,22,110,C4346,20,Female,Denver,Cash,15%
T3427,31-08-2022,P043,Pain Relief Patch,Medicine,3,7,21,C3427,29,Female,Los Angeles,Debit Card,10%
T2652,31-08-2022,P017,Anti-Dandruff Shampoo,Haircare,3,14,42,C2652,61,Female,San Francisco,Cash,10%
T1073,31-08-2022,P019,Aloe Vera Gel,Skincare,4,8,32,C1073,45,Female,Houston,Cash,15%
T1889,31-08-2022,P039,Nasal Spray,Medicine,4,8,32,C1889,47,Female,Seattle,Mobile Payment,15%
T0892,31-08-2022,P030,Heart Health Supplement,Supplement,3,35,105,C0892,36,Female,Los Angeles,Credit Card,5%
T1010,01-09-2022,P021,Hand Sanitizer,Hygiene,1,3,3,C1010,57,Male,New York,Cash,10%
T1302,01-09-2022,P037,Natural Deodorant,Hygiene,3,9,27,C1302,58,Male,Chicago,Mobile Payment,5%
T3595,01-09-2022,P044,Joint Health Tablets,Supplement,2,32,64,C3595,26,Female,Chicago,Cash,15%
T4964,01-09-2022,P045,Vitamin C Serum,Skincare,1,25,25,C4964,54,Male,Denver,Credit Card,5%
T1260,03-09-2022,P015,Protein Powder,Nutrition,3,25,75,C1260,49,Female,New York,Cash,0%
T2353,03-09-2022,P038,Liver Health Supplement,Supplement,4,20,80,C2353,21,Male,Boston,Mobile Payment,10%
T0831,05-09-2022,P018,Moisturizing Lotion,Skincare,5,18,90,C0831,62,Female,San Francisco,Cash,10%
T4928,05-09-2022,P016,Energy Drink,Beverage,3,5,15,C4928,65,Male,Chicago,Cash,10%
T1334,05-09-2022,P017,Anti-Dandruff Shampoo,Haircare,1,14,14,C1334,59,Female,Chicago,Mobile Payment,0%
T0964,06-09-2022,P036,Tea Tree Oil,Skincare,2,12,24,C0964,38,Female,Denver,Cash,0%
T0081,06-09-2022,P044,Joint Health Tablets,Supplement,3,32,96,C0081,64,Male,Boston,Credit Card,0%
T4759,06-09-2022,P031,Hydration Powder,Nutrition,2,7,14,C4759,57,Female,San Francisco,Debit Card,10%
T0603,07-09-2022,P049,Antifungal Powder,Medicine,3,10,30,C0603,65,Male,San Francisco,Debit Card,15%
T1080,07-09-2022,P002,Multivitamin Tablet,Supplement,5,15,75,C1080,35,Female,Miami,Credit Card,5%
T1509,07-09-2022,P017,Anti-Dandruff Shampoo,Haircare,2,14,28,C1509,51,Female,New York,Credit Card,0%
T0636,08-09-2022,P010,Lip Balm,Skincare,5,7,35,C0636,41,Male,Seattle,Mobile Payment,10%
T2594,08-09-2022,P038,Liver Health Supplement,Supplement,5,20,100,C2594,35,Male,Miami,Cash,10%
T2543,08-09-2022,P016,Energy Drink,Beverage,2,5,10,C2543,37,Female,Denver,Mobile Payment,0%
T1527,09-09-2022,P031,Hydration Powder,Nutrition,5,7,35,C1527,48,Female,Miami,Credit Card,5%
T4407,09-09-2022,P034,Hair Growth Serum,Haircare,4,28,112,C4407,59,Male,Boston,Credit Card,0%
T0199,09-09-2022,P025,Eye Drops,Medicine,5,12,60,C0199,58,Male,Seattle,Credit Card,15%
T3468,09-09-2022,P006,Cough Drops,Medicine,1,2.5,2.5,C3468,20,Male,Chicago,Debit Card,0%
T0452,09-09-2022,P032,Caffeine Pills,Supplement,5,5,25,C0452,46,Male,Chicago,Mobile Payment,10%
T0428,10-09-2022,P007,Diabetic Test Strips,Medical Equipment,3,50,150,C0428,44,Female,Chicago,Cash,10%
T1114,11-09-2022,P029,Zinc Supplement,Supplement,3,10,30,C1114,21,Female,Houston,Credit Card,0%
T1834,11-09-2022,P013,Probiotic Supplement,Supplement,4,20,80,C1834,53,Female,Denver,Cash,5%
T1912,13-09-2022,P027,All-Purpose Ointment,Medicine,5,6,30,C1912,45,Female,San Francisco,Credit Card,10%
T0111,13-09-2022,P026,Muscle Relaxant Cream,Medicine,3,25,75,C0111,58,Female,Miami,Debit Card,15%
T3108,14-09-2022,P017,Anti-Dandruff Shampoo,Haircare,5,14,70,C3108,64,Female,Houston,Debit Card,10%
T0512,14-09-2022,P021,Hand Sanitizer,Hygiene,4,3,12,C0512,28,Male,Los Angeles,Mobile Payment,10%
T4238,14-09-2022,P038,Liver Health Supplement,Supplement,3,20,60,C4238,29,Female,Houston,Cash,5%
T2349,14-09-2022,P014,Calcium Tablets,Supplement,1,15,15,C2349,59,Male,Los Angeles,Cash,15%
T3832,15-09-2022,P017,Anti-Dandruff Shampoo,Haircare,2,14,28,C3832,58,Male,San Francisco,Debit Card,15%
T4876,15-09-2022,P021,Hand Sanitizer,Hygiene,5,3,15,C4876,23,Female,Chicago,Mobile Payment,0%
T1947,15-09-2022,P040,Hair Conditioner,Haircare,2,13,26,C1947,53,Male,Seattle,Mobile Payment,10%
T0937,16-09-2022,P017,Anti-Dandruff Shampoo,Haircare,4,14,56,C0937,20,Female,Miami,Mobile Payment,15%
T4967,16-09-2022,P036,Tea Tree Oil,Skincare,3,12,36,C4967,58,Female,Seattle,Mobile Payment,0%
T1352,16-09-2022,P022,Toothpaste,Hygiene,3,4,12,C1352,26,Male,Denver,Credit Card,0%
T1797,16-09-2022,P019,Aloe Vera Gel,Skincare,3,8,24,C1797,37,Female,Seattle,Mobile Payment,0%
T1207,17-09-2022,P009,Antibacterial Handwash,Hygiene,1,5,5,C1207,49,Female,Chicago,Mobile Payment,0%
T1119,18-09-2022,P049,Antifungal Powder,Medicine,2,10,20,C1119,22,Male,Los Angeles,Debit Card,5%
T2562,18-09-2022,P009,Antibacterial Handwash,Hygiene,1,5,5,C2562,36,Male,San Francisco,Mobile Payment,15%
T3462,18-09-2022,P049,Antifungal Powder,Medicine,1,10,10,C3462,40,Male,New York,Cash,10%
T3471,18-09-2022,P019,Aloe Vera Gel,Skincare,4,8,32,C3471,35,Female,Denver,Cash,10%
T1631,19-09-2022,P027,All-Purpose Ointment,Medicine,5,6,30,C1631,45,Female,Los Angeles,Debit Card,10%
T4988,19-09-2022,P007,Diabetic Test Strips,Medical Equipment,4,50,200,C4988,18,Female,Boston,Cash,15%
T0675,20-09-2022,P005,Vitamin D3 Supplement,Supplement,3,12,36,C0675,43,Female,New York,Mobile Payment,15%
T3711,21-09-2022,P045,Vitamin C Serum,Skincare,2,25,50,C3711,42,Female,New York,Cash,5%
T3831,22-09-2022,P040,Hair Conditioner,Haircare,1,13,13,C3831,56,Female,Miami,Debit Card,0%
T4322,23-09-2022,P040,Hair Conditioner,Haircare,4,13,52,C4322,27,Male,Denver,Mobile Payment,15%
T4120,24-09-2022,P037,Natural Deodorant,Hygiene,2,9,18,C4120,40,Female,Los Angeles,Mobile Payment,5%
T1698,25-09-2022,P043,Pain Relief Patch,Medicine,5,7,35,C1698,55,Male,Boston,Debit Card,0%
T4425,25-09-2022,P010,Lip Balm,Skincare,2,7,14,C4425,21,Female,Denver,Mobile Payment,10%
T3654,25-09-2022,P008,Fish Oil Capsules,Supplement,1,18,18,C3654,44,Male,Miami,Mobile Payment,15%
T1262,25-09-2022,P016,Energy Drink,Beverage,5,5,25,C1262,63,Male,Denver,Credit Card,15%
T0623,26-09-2022,P039,Nasal Spray,Medicine,4,8,32,C0623,43,Male,Houston,Mobile Payment,10%
T3779,27-09-2022,P033,Foot Cream,Skincare,4,15,60,C3779,49,Male,Miami,Debit Card,0%
T3705,27-09-2022,P041,Digestive Enzymes,Supplement,2,18,36,C3705,43,Male,Denver,Mobile Payment,0%
T2791,27-09-2022,P039,Nasal Spray,Medicine,4,8,32,C2791,54,Male,New York,Mobile Payment,10%
T4058,27-09-2022,P041,Digestive Enzymes,Supplement,5,18,90,C4058,61,Male,Miami,Credit Card,10%
T4855,28-09-2022,P005,Vitamin D3 Supplement,Supplement,1,12,12,C4855,32,Female,New York,Debit Card,5%
T3057,29-09-2022,P020,Elderberry Syrup,Medicine,1,22,22,C3057,63,Female,Miami,Mobile Payment,5%
T2117,29-09-2022,P037,Natural Deodorant,Hygiene,3,9,27,C2117,60,Female,Los Angeles,Debit Card,0%
T3251,29-09-2022,P045,Vitamin C Serum,Skincare,1,25,25,C3251,18,Male,San Francisco,Credit Card,5%
T1194,30-09-2022,P040,Hair Conditioner,Haircare,1,13,13,C1194,41,Male,Los Angeles,Debit Card,5%
T3037,30-09-2022,P015,Protein Powder,Nutrition,3,25,75,C3037,20,Male,Miami,Credit Card,15%
T4423,01-10-2022,P001,Pain Relief Capsule,Medicine,3,10,30,C4423,45,Female,Houston,Credit Card,15%
T0464,01-10-2022,P045,Vitamin C Serum,Skincare,3,25,75,C0464,35,Female,San Francisco,Credit Card,5%
T2277,01-10-2022,P025,Eye Drops,Medicine,4,12,48,C2277,29,Female,Seattle,Cash,5%
T2422,02-10-2022,P011,Herbal Shampoo,Haircare,1,12,12,C2422,64,Male,Los Angeles,Credit Card,10%
T4735,02-10-2022,P007,Diabetic Test Strips,Medical Equipment,2,50,100,C4735,39,Male,Los Angeles,Debit Card,5%
T4093,02-10-2022,P018,Moisturizing Lotion,Skincare,4,18,72,C4093,29,Male,San Francisco,Debit Card,5%
T3381,03-10-2022,P042,Green Tea Capsules,Supplement,1,10,10,C3381,46,Male,Miami,Mobile Payment,10%
T2784,03-10-2022,P049,Antifungal Powder,Medicine,2,10,20,C2784,45,Female,Los Angeles,Cash,10%
T0457,03-10-2022,P026,Muscle Relaxant Cream,Medicine,4,25,100,C0457,34,Female,Chicago,Mobile Payment,0%
T3002,03-10-2022,P013,Probiotic Supplement,Supplement,2,20,40,C3002,38,Male,Chicago,Cash,5%
T0026,04-10-2022,P049,Antifungal Powder,Medicine,2,10,20,C0026,25,Female,San Francisco,Mobile Payment,5%
T0388,04-10-2022,P049,Antifungal Powder,Medicine,4,10,40,C0388,18,Male,Los Angeles,Cash,0%
T3703,04-10-2022,P025,Eye Drops,Medicine,1,12,12,C3703,21,Male,San Francisco,Cash,10%
T1086,05-10-2022,P049,Antifungal Powder,Medicine,1,10,10,C1086,60,Female,Boston,Debit Card,15%
T2523,05-10-2022,P001,Pain Relief Capsule,Medicine,4,10,40,C2523,62,Female,Boston,Mobile Payment,10%
T4201,05-10-2022,P024,Collagen Powder,Supplement,2,30,60,C4201,23,Female,Houston,Cash,5%
T0226,06-10-2022,P032,Caffeine Pills,Supplement,1,5,5,C0226,25,Male,Chicago,Debit Card,15%
T2404,07-10-2022,P014,Calcium Tablets,Supplement,3,15,45,C2404,45,Female,New York,Cash,15%
T0776,08-10-2022,P038,Liver Health Supplement,Supplement,1,20,20,C0776,65,Male,San Francisco,Credit Card,0%
T1836,08-10-2022,P006,Cough Drops,Medicine,1,2.5,2.5,C1836,25,Female,San Francisco,Credit Card,0%
T4509,08-10-2022,P048,Hydrocortisone Cream,Medicine,1,5,5,C4509,25,Male,Miami,Mobile Payment,5%
T1440,08-10-2022,P032,Caffeine Pills,Supplement,2,5,10,C1440,31,Male,Chicago,Cash,5%
T0649,08-10-2022,P020,Elderberry Syrup,Medicine,2,22,44,C0649,34,Female,Miami,Debit Card,5%
T4698,09-10-2022,P009,Antibacterial Handwash,Hygiene,4,5,20,C4698,58,Male,New York,Debit Card,5%
T3757,09-10-2022,P002,Multivitamin Tablet,Supplement,2,15,30,C3757,54,Female,Los Angeles,Cash,10%
T2232,09-10-2022,P001,Pain Relief Capsule,Medicine,4,10,40,C2232,22,Male,New York,Debit Card,5%
T4291,09-10-2022,P029,Zinc Supplement,Supplement,4,10,40,C4291,39,Female,San Francisco,Mobile Payment,0%
T1586,10-10-2022,P023,Acne Treatment Gel,Skincare,5,16,80,C1586,20,Female,Chicago,Debit Card,5%
T1342,11-10-2022,P042,Green Tea Capsules,Supplement,4,10,40,C1342,60,Male,Houston,Debit Card,15%
T3546,11-10-2022,P044,Joint Health Tablets,Supplement,2,32,64,C3546,45,Female,Boston,Credit Card,0%
T4843,11-10-2022,P047,Coconut Oil,Haircare,4,12,48,C4843,53,Female,Boston,Debit Card,10%
T3862,11-10-2022,P049,Antifungal Powder,Medicine,5,10,50,C3862,55,Male,Seattle,Mobile Payment,5%
T0362,11-10-2022,P045,Vitamin C Serum,Skincare,2,25,50,C0362,44,Male,Seattle,Mobile Payment,5%
T4405,12-10-2022,P045,Vitamin C Serum,Skincare,1,25,25,C4405,19,Female,San Francisco,Credit Card,15%
T1944,12-10-2022,P039,Nasal Spray,Medicine,2,8,16,C1944,42,Male,Miami,Mobile Payment,5%
T1606,13-10-2022,P040,Hair Conditioner,Haircare,3,13,39,C1606,32,Female,New York,Cash,0%
T3519,13-10-2022,P045,Vitamin C Serum,Skincare,5,25,125,C3519,45,Male,Chicago,Debit Card,0%
T3308,14-10-2022,P022,Toothpaste,Hygiene,5,4,20,C3308,31,Male,San Francisco,Debit Card,0%
T2493,14-10-2022,P027,All-Purpose Ointment,Medicine,5,6,30,C2493,59,Female,Boston,Mobile Payment,0%
T3651,14-10-2022,P007,Diabetic Test Strips,Medical Equipment,2,50,100,C3651,35,Male,San Francisco,Credit Card,5%
T0274,14-10-2022,P041,Digestive Enzymes,Supplement,1,18,18,C0274,24,Male,Los Angeles,Mobile Payment,10%
T0441,15-10-2022,P005,Vitamin D3 Supplement,Supplement,1,12,12,C0441,58,Male,Boston,Mobile Payment,0%
T0556,15-10-2022,P045,Vitamin C Serum,Skincare,3,25,75,C0556,25,Male,Miami,Cash,5%
T1436,16-10-2022,P021,Hand Sanitizer,Hygiene,4,3,12,C1436,40,Female,Denver,Credit Card,0%
T2811,16-10-2022,P015,Protein Powder,Nutrition,1,25,25,C2811,53,Male,Seattle,Credit Card,15%
T2497,17-10-2022,P011,Herbal Shampoo,Haircare,4,12,48,C2497,38,Male,Houston,Debit Card,15%
T3387,17-10-2022,P049,Antifungal Powder,Medicine,2,10,20,C3387,60,Female,Seattle,Credit Card,0%
T1553,17-10-2022,P029,Zinc Supplement,Supplement,1,10,10,C1553,29,Female,Chicago,Mobile Payment,5%
T4215,17-10-2022,P009,Antibacterial Handwash,Hygiene,3,5,15,C4215,37,Male,Chicago,Mobile Payment,15%
T4438,17-10-2022,P046,Sunblock Cream,Skincare,5,20,100,C4438,32,Female,San Francisco,Cash,0%
T4038,17-10-2022,P022,Toothpaste,Hygiene,2,4,8,C4038,22,Female,Houston,Debit Card,5%
T4428,18-10-2022,P027,All-Purpose Ointment,Medicine,3,6,18,C4428,55,Female,New York,Debit Card,5%
T2665,18-10-2022,P036,Tea Tree Oil,Skincare,5,12,60,C2665,32,Female,Seattle,Mobile Payment,0%
T1243,19-10-2022,P008,Fish Oil Capsules,Supplement,3,18,54,C1243,53,Female,Chicago,Cash,5%
T0948,20-10-2022,P009,Antibacterial Handwash,Hygiene,5,5,25,C0948,44,Female,Los Angeles,Credit Card,5%
T3393,20-10-2022,P049,Antifungal Powder,Medicine,2,10,20,C3393,28,Male,San Francisco,Debit Card,15%
T0950,20-10-2022,P004,Anti-Allergy Cream,Skincare,5,25,125,C0950,25,Male,Los Angeles,Mobile Payment,5%
T4952,20-10-2022,P023,Acne Treatment Gel,Skincare,5,16,80,C4952,40,Male,San Francisco,Credit Card,0%
T4297,21-10-2022,P046,Sunblock Cream,Skincare,1,20,20,C4297,33,Male,Houston,Credit Card,10%
T1158,21-10-2022,P050,Ear Drops,Medicine,2,6,12,C1158,45,Male,Miami,Credit Card,0%
T1052,21-10-2022,P012,Organic Face Wash,Skincare,1,10,10,C1052,26,Female,Seattle,Mobile Payment,10%
T1386,21-10-2022,P037,Natural Deodorant,Hygiene,5,9,45,C1386,58,Female,San Francisco,Cash,10%
T2921,22-10-2022,P042,Green Tea Capsules,Supplement,5,10,50,C2921,26,Male,San Francisco,Credit Card,10%
T2582,22-10-2022,P017,Anti-Dandruff Shampoo,Haircare,5,14,70,C2582,53,Female,Los Angeles,Cash,5%
T3260,22-10-2022,P028,Omega-3 Capsules,Supplement,5,22,110,C3260,46,Male,Chicago,Mobile Payment,5%
T1900,22-10-2022,P022,Toothpaste,Hygiene,4,4,16,C1900,55,Female,Chicago,Debit Card,5%
T4027,23-10-2022,P029,Zinc Supplement,Supplement,1,10,10,C4027,48,Female,Houston,Debit Card,10%
T4447,23-10-2022,P028,Omega-3 Capsules,Supplement,4,22,88,C4447,54,Male,Chicago,Mobile Payment,15%
T3625,23-10-2022,P007,Diabetic Test Strips,Medical Equipment,4,50,200,C3625,58,Female,Boston,Debit Card,0%
T1514,23-10-2022,P043,Pain Relief Patch,Medicine,5,7,35,C1514,19,Female,Denver,Credit Card,15%
T0403,23-10-2022,P035,Anti-Wrinkle Cream,Skincare,4,45,180,C0403,53,Female,Seattle,Credit Card,0%
T2583,23-10-2022,P022,Toothpaste,Hygiene,5,4,20,C2583,34,Female,Boston,Mobile Payment,10%
T3241,24-10-2022,P042,Green Tea Capsules,Supplement,3,10,30,C3241,64,Female,New York,Credit Card,0%
T0220,24-10-2022,P039,Nasal Spray,Medicine,4,8,32,C0220,60,Male,Boston,Debit Card,5%
T4568,25-10-2022,P003,Cold Syrup,Medicine,5,8,40,C4568,63,Male,Boston,Cash,0%
T2430,26-10-2022,P002,Multivitamin Tablet,Supplement,2,15,30,C2430,55,Male,Miami,Cash,15%
T3485,26-10-2022,P045,Vitamin C Serum,Skincare,5,25,125,C3485,33,Male,Seattle,Debit Card,15%
T3217,26-10-2022,P006,Cough Drops,Medicine,3,2.5,7.5,C3217,31,Female,Chicago,Debit Card,5%
T0297,27-10-2022,P030,Heart Health Supplement,Supplement,4,35,140,C0297,59,Male,Boston,Credit Card,10%
T3229,27-10-2022,P039,Nasal Spray,Medicine,3,8,24,C3229,25,Male,Los Angeles,Cash,5%
T2111,28-10-2022,P029,Zinc Supplement,Supplement,5,10,50,C2111,43,Female,Houston,Debit Card,10%
T2458,29-10-2022,P013,Probiotic Supplement,Supplement,1,20,20,C2458,21,Male,San Francisco,Credit Card,10%
T3657,29-10-2022,P044,Joint Health Tablets,Supplement,5,32,160,C3657,64,Female,Chicago,Credit Card,5%
T1953,30-10-2022,P007,Diabetic Test Strips,Medical Equipment,4,50,200,C1953,53,Female,New York,Cash,5%
T4932,30-10-2022,P021,Hand Sanitizer,Hygiene,2,3,6,C4932,32,Female,Miami,Credit Card,10%
T2444,30-10-2022,P025,Eye Drops,Medicine,4,12,48,C2444,49,Female,Boston,Credit Card,10%
T4901,31-10-2022,P027,All-Purpose Ointment,Medicine,1,6,6,C4901,45,Male,San Francisco,Cash,15%
T4882,31-10-2022,P014,Calcium Tablets,Supplement,3,15,45,C4882,28,Male,Chicago,Cash,0%
T0812,31-10-2022,P042,Green Tea Capsules,Supplement,5,10,50,C0812,48,Female,Miami,Debit Card,5%
T4061,01-11-2022,P046,Sunblock Cream,Skincare,2,20,40,C4061,38,Male,San Francisco,Credit Card,5%
T0041,02-11-2022,P026,Muscle Relaxant Cream,Medicine,3,25,75,C0041,64,Male,Denver,Debit Card,0%
T2150,02-11-2022,P015,Protein Powder,Nutrition,2,25,50,C2150,30,Male,New York,Credit Card,5%
T1817,02-11-2022,P031,Hydration Powder,Nutrition,4,7,28,C1817,30,Female,Chicago,Cash,5%
T0851,02-11-2022,P028,Omega-3 Capsules,Supplement,2,22,44,C0851,57,Female,Denver,Credit Card,5%
T0573,03-11-2022,P029,Zinc Supplement,Supplement,5,10,50,C0573,44,Male,Boston,Cash,5%
T0285,04-11-2022,P025,Eye Drops,Medicine,2,12,24,C0285,32,Male,New York,Cash,10%
T3303,05-11-2022,P001,Pain Relief Capsule,Medicine,1,10,10,C3303,56,Male,Houston,Cash,15%
T4605,06-11-2022,P015,Protein Powder,Nutrition,2,25,50,C4605,41,Female,Houston,Debit Card,5%
T4494,06-11-2022,P023,Acne Treatment Gel,Skincare,4,16,64,C4494,48,Female,New York,Mobile Payment,15%
T4211,07-11-2022,P043,Pain Relief Patch,Medicine,3,7,21,C4211,51,Female,Miami,Cash,15%
T3978,07-11-2022,P019,Aloe Vera Gel,Skincare,2,8,16,C3978,29,Female,Boston,Mobile Payment,0%
T0295,07-11-2022,P036,Tea Tree Oil,Skincare,3,12,36,C0295,61,Male,Denver,Debit Card,0%
T3614,07-11-2022,P044,Joint Health Tablets,Supplement,5,32,160,C3614,23,Female,Los Angeles,Debit Card,10%
T2279,08-11-2022,P035,Anti-Wrinkle Cream,Skincare,1,45,45,C2279,60,Male,Seattle,Cash,5%
T2855,08-11-2022,P021,Hand Sanitizer,Hygiene,4,3,12,C2855,53,Female,San Francisco,Credit Card,15%
T4302,09-11-2022,P007,Diabetic Test Strips,Medical Equipment,2,50,100,C4302,52,Male,Chicago,Mobile Payment,10%
T2296,09-11-2022,P007,Diabetic Test Strips,Medical Equipment,1,50,50,C2296,44,Male,New York,Cash,0%
T2885,09-11-2022,P044,Joint Health Tablets,Supplement,4,32,128,C2885,51,Female,Seattle,Cash,0%
T1174,10-11-2022,P039,Nasal Spray,Medicine,4,8,32,C1174,32,Male,Los Angeles,Mobile Payment,5%
T0203,10-11-2022,P015,Protein Powder,Nutrition,5,25,125,C0203,59,Female,Houston,Cash,0%
T3624,10-11-2022,P017,Anti-Dandruff Shampoo,Haircare,5,14,70,C3624,19,Male,San Francisco,Cash,10%
T2901,10-11-2022,P045,Vitamin C Serum,Skincare,4,25,100,C2901,57,Female,Miami,Cash,0%
T3992,11-11-2022,P007,Diabetic Test Strips,Medical Equipment,2,50,100,C3992,25,Female,Houston,Mobile Payment,10%
T2780,11-11-2022,P017,Anti-Dandruff Shampoo,Haircare,4,14,56,C2780,40,Female,Houston,Cash,5%
T2774,11-11-2022,P018,Moisturizing Lotion,Skincare,5,18,90,C2774,43,Female,Seattle,Cash,10%
T1830,11-11-2022,P038,Liver Health Supplement,Supplement,5,20,100,C1830,31,Female,Denver,Mobile Payment,10%
T4312,11-11-2022,P018,Moisturizing Lotion,Skincare,4,18,72,C4312,38,Male,Miami,Mobile Payment,5%
T1140,11-11-2022,P009,Antibacterial Handwash,Hygiene,2,5,10,C1140,65,Female,New York,Debit Card,15%
T3919,11-11-2022,P027,All-Purpose Ointment,Medicine,2,6,12,C3919,61,Male,Boston,Mobile Payment,15%
T2951,11-11-2022,P039,Nasal Spray,Medicine,3,8,24,C2951,21,Female,San Francisco,Credit Card,15%
T4733,12-11-2022,P035,Anti-Wrinkle Cream,Skincare,4,45,180,C4733,63,Male,Boston,Cash,0%
T3056,12-11-2022,P019,Aloe Vera Gel,Skincare,1,8,8,C3056,32,Male,Denver,Credit Card,5%
T1441,13-11-2022,P026,Muscle Relaxant Cream,Medicine,1,25,25,C1441,22,Female,Seattle,Cash,5%
T2440,13-11-2022,P019,Aloe Vera Gel,Skincare,4,8,32,C2440,44,Male,Miami,Mobile Payment,10%
T3503,14-11-2022,P011,Herbal Shampoo,Haircare,4,12,48,C3503,28,Female,Boston,Credit Card,5%
T0764,14-11-2022,P018,Moisturizing Lotion,Skincare,4,18,72,C0764,62,Female,New York,Credit Card,5%
T3979,14-11-2022,P035,Anti-Wrinkle Cream,Skincare,3,45,135,C3979,63,Male,Los Angeles,Debit Card,0%
T3660,15-11-2022,P008,Fish Oil Capsules,Supplement,1,18,18,C3660,51,Male,Los Angeles,Mobile Payment,5%
T1143,15-11-2022,P016,Energy Drink,Beverage,3,5,15,C1143,27,Female,Miami,Mobile Payment,0%
T2378,16-11-2022,P034,Hair Growth Serum,Haircare,3,28,84,C2378,40,Male,Miami,Credit Card,5%
T4376,16-11-2022,P035,Anti-Wrinkle Cream,Skincare,1,45,45,C4376,56,Male,Los Angeles,Cash,15%
T0135,16-11-2022,P018,Moisturizing Lotion,Skincare,4,18,72,C0135,39,Female,Chicago,Cash,10%
T1438,17-11-2022,P034,Hair Growth Serum,Haircare,5,28,140,C1438,41,Female,New York,Debit Card,5%
T4165,17-11-2022,P015,Protein Powder,Nutrition,3,25,75,C4165,26,Male,New York,Cash,10%
T2015,17-11-2022,P045,Vitamin C Serum,Skincare,5,25,125,C2015,45,Male,Seattle,Cash,0%
T1014,17-11-2022,P010,Lip Balm,Skincare,5,7,35,C1014,61,Female,Boston,Credit Card,5%
T4889,18-11-2022,P016,Energy Drink,Beverage,4,5,20,C4889,50,Female,Chicago,Debit Card,10%
T0211,18-11-2022,P033,Foot Cream,Skincare,1,15,15,C0211,35,Female,Boston,Credit Card,5%
T4306,18-11-2022,P024,Collagen Powder,Supplement,4,30,120,C4306,31,Male,Denver,Mobile Payment,0%
T0814,19-11-2022,P024,Collagen Powder,Supplement,1,30,30,C0814,38,Male,Denver,Cash,10%
T2559,19-11-2022,P014,Calcium Tablets,Supplement,1,15,15,C2559,58,Male,San Francisco,Credit Card,10%
T3505,19-11-2022,P009,Antibacterial Handwash,Hygiene,5,5,25,C3505,53,Male,New York,Credit Card,0%
T2966,19-11-2022,P013,Probiotic Supplement,Supplement,3,20,60,C2966,36,Female,Chicago,Credit Card,5%
T1855,20-11-2022,P025,Eye Drops,Medicine,5,12,60,C1855,18,Male,Los Angeles,Credit Card,0%
T3100,20-11-2022,P023,Acne Treatment Gel,Skincare,5,16,80,C3100,65,Female,Boston,Debit Card,15%
T3905,20-11-2022,P009,Antibacterial Handwash,Hygiene,1,5,5,C3905,21,Female,Boston,Mobile Payment,0%
T4666,20-11-2022,P042,Green Tea Capsules,Supplement,3,10,30,C4666,24,Female,Denver,Cash,15%
T1044,21-11-2022,P019,Aloe Vera Gel,Skincare,2,8,16,C1044,56,Male,San Francisco,Debit Card,10%
T0278,22-11-2022,P032,Caffeine Pills,Supplement,2,5,10,C0278,58,Female,San Francisco,Credit Card,5%
T2085,22-11-2022,P019,Aloe Vera Gel,Skincare,4,8,32,C2085,20,Female,Seattle,Credit Card,10%
T3775,23-11-2022,P030,Heart Health Supplement,Supplement,5,35,175,C3775,35,Female,Denver,Credit Card,10%
T4644,23-11-2022,P036,Tea Tree Oil,Skincare,5,12,60,C4644,42,Male,Chicago,Credit Card,15%
T1231,23-11-2022,P039,Nasal Spray,Medicine,1,8,8,C1231,48,Male,Chicago,Cash,10%
T4836,23-11-2022,P044,Joint Health Tablets,Supplement,3,32,96,C4836,56,Male,Miami,Cash,15%
T0837,23-11-2022,P013,Probiotic Supplement,Supplement,5,20,100,C0837,34,Female,New York,Credit Card,10%
T0386,24-11-2022,P022,Toothpaste,Hygiene,5,4,20,C0386,40,Male,New York,Debit Card,0%
T4295,25-11-2022,P025,Eye Drops,Medicine,1,12,12,C4295,24,Female,Seattle,Credit Card,10%
T0119,25-11-2022,P039,Nasal Spray,Medicine,2,8,16,C0119,35,Female,Miami,Credit Card,5%
T3457,26-11-2022,P034,Hair Growth Serum,Haircare,2,28,56,C3457,65,Male,Seattle,Credit Card,5%
T1859,26-11-2022,P010,Lip Balm,Skincare,5,7,35,C1859,37,Female,Los Angeles,Mobile Payment,0%
T1330,27-11-2022,P029,Zinc Supplement,Supplement,5,10,50,C1330,35,Female,Boston,Debit Card,15%
T2894,27-11-2022,P012,Organic Face Wash,Skincare,5,10,50,C2894,23,Female,Seattle,Mobile Payment,15%
T3640,28-11-2022,P035,Anti-Wrinkle Cream,Skincare,5,45,225,C3640,48,Male,San Francisco,Mobile Payment,0%
T2973,28-11-2022,P048,Hydrocortisone Cream,Medicine,3,5,15,C2973,33,Male,Chicago,Mobile Payment,15%
T1277,28-11-2022,P044,Joint Health Tablets,Supplement,4,32,128,C1277,63,Male,Chicago,Credit Card,5%
T1253,29-11-2022,P047,Coconut Oil,Haircare,4,12,48,C1253,51,Female,Boston,Credit Card,0%
T1575,30-11-2022,P032,Caffeine Pills,Supplement,2,5,10,C1575,23,Female,Chicago,Cash,0%
T1503,30-11-2022,P020,Elderberry Syrup,Medicine,5,22,110,C1503,32,Female,Los Angeles,Mobile Payment,10%
T3024,01-12-2022,P006,Cough Drops,Medicine,2,2.5,5,C3024,60,Female,Los Angeles,Credit Card,10%
T1618,01-12-2022,P028,Omega-3 Capsules,Supplement,1,22,22,C1618,62,Female,Houston,Credit Card,15%
T2304,01-12-2022,P024,Collagen Powder,Supplement,2,30,60,C2304,41,Male,Seattle,Cash,15%
T3573,01-12-2022,P015,Protein Powder,Nutrition,4,25,100,C3573,46,Male,Seattle,Mobile Payment,10%
T1408,01-12-2022,P009,Antibacterial Handwash,Hygiene,2,5,10,C1408,45,Female,Chicago,Mobile Payment,10%
T3741,02-12-2022,P007,Diabetic Test Strips,Medical Equipment,4,50,200,C3741,36,Male,Denver,Debit Card,10%
T2969,02-12-2022,P025,Eye Drops,Medicine,2,12,24,C2969,30,Female,New York,Credit Card,10%
T3700,02-12-2022,P019,Aloe Vera Gel,Skincare,3,8,24,C3700,56,Female,Boston,Credit Card,0%
T2663,02-12-2022,P050,Ear Drops,Medicine,4,6,24,C2663,38,Male,Miami,Credit Card,10%
T1206,02-12-2022,P021,Hand Sanitizer,Hygiene,4,3,12,C1206,64,Female,New York,Debit Card,15%
T2326,03-12-2022,P043,Pain Relief Patch,Medicine,1,7,7,C2326,22,Female,Seattle,Mobile Payment,0%
T2054,03-12-2022,P050,Ear Drops,Medicine,2,6,12,C2054,50,Female,New York,Credit Card,0%
T0538,03-12-2022,P017,Anti-Dandruff Shampoo,Haircare,2,14,28,C0538,51,Male,Miami,Cash,10%
T0626,03-12-2022,P039,Nasal Spray,Medicine,5,8,40,C0626,59,Female,New York,Debit Card,0%
T3590,04-12-2022,P044,Joint Health Tablets,Supplement,3,32,96,C3590,26,Female,Boston,Credit Card,5%
T3093,05-12-2022,P029,Zinc Supplement,Supplement,1,10,10,C3093,58,Male,San Francisco,Credit Card,10%
T0175,06-12-2022,P017,Anti-Dandruff Shampoo,Haircare,2,14,28,C0175,20,Female,Chicago,Mobile Payment,15%
T3023,07-12-2022,P020,Elderberry Syrup,Medicine,3,22,66,C3023,42,Female,Denver,Cash,0%
T4336,07-12-2022,P033,Foot Cream,Skincare,1,15,15,C4336,61,Female,Los Angeles,Cash,10%
T2596,08-12-2022,P012,Organic Face Wash,Skincare,5,10,50,C2596,54,Female,Chicago,Credit Card,15%
T3175,08-12-2022,P048,Hydrocortisone Cream,Medicine,5,5,25,C3175,24,Female,San Francisco,Credit Card,5%
T2043,08-12-2022,P049,Antifungal Powder,Medicine,5,10,50,C2043,34,Female,Boston,Mobile Payment,15%
T3910,09-12-2022,P019,Aloe Vera Gel,Skincare,1,8,8,C3910,60,Female,Houston,Mobile Payment,0%
T2281,10-12-2022,P048,Hydrocortisone Cream,Medicine,2,5,10,C2281,56,Male,New York,Debit Card,5%
T0237,10-12-2022,P005,Vitamin D3 Supplement,Supplement,2,12,24,C0237,51,Male,San Francisco,Credit Card,15%
T2613,10-12-2022,P032,Caffeine Pills,Supplement,3,5,15,C2613,23,Female,New York,Cash,10%
T2943,10-12-2022,P006,Cough Drops,Medicine,5,2.5,12.5,C2943,23,Female,New York,Mobile Payment,15%
T1098,10-12-2022,P002,Multivitamin Tablet,Supplement,3,15,45,C1098,47,Female,Boston,Mobile Payment,10%
T0066,10-12-2022,P027,All-Purpose Ointment,Medicine,5,6,30,C0066,27,Male,New York,Mobile Payment,0%
T1165,11-12-2022,P029,Zinc Supplement,Supplement,2,10,20,C1165,59,Female,Chicago,Debit Card,5%
T1623,11-12-2022,P039,Nasal Spray,Medicine,1,8,8,C1623,27,Female,New York,Credit Card,10%
T0638,11-12-2022,P001,Pain Relief Capsule,Medicine,5,10,50,C0638,34,Male,Seattle,Debit Card,5%
T4292,12-12-2022,P026,Muscle Relaxant Cream,Medicine,2,25,50,C4292,19,Female,Denver,Debit Card,5%
T4566,13-12-2022,P025,Eye Drops,Medicine,5,12,60,C4566,57,Male,Chicago,Cash,5%
T2105,14-12-2022,P009,Antibacterial Handwash,Hygiene,2,5,10,C2105,59,Female,Boston,Mobile Payment,10%
T1168,14-12-2022,P050,Ear Drops,Medicine,4,6,24,C1168,54,Female,Denver,Cash,5%
T0217,14-12-2022,P017,Anti-Dandruff Shampoo,Haircare,5,14,70,C0217,47,Male,Los Angeles,Debit Card,15%
T1196,14-12-2022,P044,Joint Health Tablets,Supplement,4,32,128,C1196,32,Female,Seattle,Cash,5%
T3012,14-12-2022,P031,Hydration Powder,Nutrition,5,7,35,C3012,36,Male,Seattle,Debit Card,15%
T3827,16-12-2022,P043,Pain Relief Patch,Medicine,1,7,7,C3827,36,Male,Houston,Debit Card,10%
T2041,16-12-2022,P016,Energy Drink,Beverage,4,5,20,C2041,28,Female,Seattle,Credit Card,0%
T1786,16-12-2022,P042,Green Tea Capsules,Supplement,4,10,40,C1786,58,Male,Denver,Debit Card,10%
T2598,16-12-2022,P038,Liver Health Supplement,Supplement,5,20,100,C2598,42,Female,San Francisco,Cash,0%
T2603,16-12-2022,P033,Foot Cream,Skincare,3,15,45,C2603,27,Female,Miami,Mobile Payment,5%
T1555,17-12-2022,P016,Energy Drink,Beverage,2,5,10,C1555,51,Female,Denver,Debit Card,5%
T0475,17-12-2022,P016,Energy Drink,Beverage,3,5,15,C0475,45,Male,Boston,Cash,0%
T2531,18-12-2022,P015,Protein Powder,Nutrition,4,25,100,C2531,63,Female,Chicago,Mobile Payment,5%
T4080,18-12-2022,P038,Liver Health Supplement,Supplement,4,20,80,C4080,62,Female,Houston,Cash,15%
T0034,18-12-2022,P035,Anti-Wrinkle Cream,Skincare,5,45,225,C0034,50,Female,Houston,Debit Card,5%
T1478,18-12-2022,P014,Calcium Tablets,Supplement,4,15,60,C1478,52,Male,Denver,Debit Card,0%
T0956,20-12-2022,P023,Acne Treatment Gel,Skincare,4,16,64,C0956,59,Female,Denver,Debit Card,0%
T2592,20-12-2022,P043,Pain Relief Patch,Medicine,1,7,7,C2592,33,Male,Miami,Debit Card,5%
T3667,22-12-2022,P045,Vitamin C Serum,Skincare,5,25,125,C3667,55,Female,New York,Mobile Payment,0%
T1770,22-12-2022,P037,Natural Deodorant,Hygiene,3,9,27,C1770,27,Male,Denver,Cash,10%
T2289,23-12-2022,P023,Acne Treatment Gel,Skincare,2,16,32,C2289,22,Male,Seattle,Credit Card,10%
T2949,23-12-2022,P027,All-Purpose Ointment,Medicine,2,6,12,C2949,37,Male,New York,Debit Card,5%
T4116,23-12-2022,P021,Hand Sanitizer,Hygiene,2,3,6,C4116,48,Male,Houston,Mobile Payment,5%
T4859,24-12-2022,P022,Toothpaste,Hygiene,5,4,20,C4859,58,Female,Seattle,Credit Card,15%
T2965,24-12-2022,P040,Hair Conditioner,Haircare,4,13,52,C2965,28,Male,Boston,Debit Card,5%
T1353,24-12-2022,P034,Hair Growth Serum,Haircare,5,28,140,C1353,65,Female,Los Angeles,Credit Card,5%
T4188,24-12-2022,P038,Liver Health Supplement,Supplement,4,20,80,C4188,48,Female,New York,Debit Card,5%
T4821,25-12-2022,P042,Green Tea Capsules,Supplement,5,10,50,C4821,28,Male,Houston,Debit Card,0%
T4035,25-12-2022,P048,Hydrocortisone Cream,Medicine,5,5,25,C4035,40,Female,Miami,Cash,0%
T3219,25-12-2022,P001,Pain Relief Capsule,Medicine,3,10,30,C3219,23,Female,San Francisco,Cash,0%
T3077,25-12-2022,P040,Hair Conditioner,Haircare,1,13,13,C3077,55,Male,Chicago,Mobile Payment,5%
T0011,25-12-2022,P004,Anti-Allergy Cream,Skincare,2,25,50,C0011,49,Male,Los Angeles,Cash,5%
T3222,26-12-2022,P009,Antibacterial Handwash,Hygiene,1,5,5,C3222,36,Male,New York,Debit Card,0%
T0802,26-12-2022,P028,Omega-3 Capsules,Supplement,3,22,66,C0802,61,Female,Boston,Mobile Payment,10%
T1726,27-12-2022,P019,Aloe Vera Gel,Skincare,2,8,16,C1726,48,Female,Los Angeles,Credit Card,0%
T2845,27-12-2022,P024,Collagen Powder,Supplement,2,30,60,C2845,50,Male,Boston,Debit Card,5%
T0536,27-12-2022,P021,Hand Sanitizer,Hygiene,3,3,9,C0536,47,Female,Seattle,Credit Card,10%
T2495,27-12-2022,P042,Green Tea Capsules,Supplement,3,10,30,C2495,49,Male,Denver,Debit Card,10%
T4883,28-12-2022,P028,Omega-3 Capsules,Supplement,2,22,44,C4883,61,Male,Houston,Credit Card,15%
T1778,28-12-2022,P007,Diabetic Test Strips,Medical Equipment,4,50,200,C1778,54,Female,Houston,Cash,0%
T4026,29-12-2022,P016,Energy Drink,Beverage,5,5,25,C4026,65,Male,Los Angeles,Debit Card,15%
T1874,29-12-2022,P037,Natural Deodorant,Hygiene,2,9,18,C1874,19,Female,Denver,Debit Card,5%
T0133,29-12-2022,P005,Vitamin D3 Supplement,Supplement,2,12,24,C0133,43,Female,Los Angeles,Cash,15%
T3063,29-12-2022,P007,Diabetic Test Strips,Medical Equipment,4,50,200,C3063,39,Female,Houston,Cash,15%
T0450,29-12-2022,P008,Fish Oil Capsules,Supplement,4,18,72,C0450,25,Female,San Francisco,Mobile Payment,15%
T0443,29-12-2022,P036,Tea Tree Oil,Skincare,5,12,60,C0443,28,Male,Seattle,Mobile Payment,0%
T0254,30-12-2022,P020,Elderberry Syrup,Medicine,2,22,44,C0254,53,Male,Chicago,Cash,5%
T0828,30-12-2022,P007,Diabetic Test Strips,Medical Equipment,4,50,200,C0828,37,Female,Denver,Credit Card,0%
T3926,30-12-2022,P028,Omega-3 Capsules,Supplement,5,22,110,C3926,63,Male,Seattle,Cash,0%
T0054,02-01-2023,P013,Probiotic Supplement,Supplement,5,20,100,C0054,65,Male,Denver,Cash,5%
T4824,02-01-2023,P019,Aloe Vera Gel,Skincare,5,8,40,C4824,49,Male,Chicago,Mobile Payment,5%
T4971,02-01-2023,P017,Anti-Dandruff Shampoo,Haircare,5,14,70,C4971,30,Female,Denver,Debit Card,10%
T3033,02-01-2023,P014,Calcium Tablets,Supplement,3,15,45,C3033,25,Male,Chicago,Debit Card,5%
T1291,02-01-2023,P040,Hair Conditioner,Haircare,5,13,65,C1291,61,Male,Miami,Credit Card,15%
T0112,03-01-2023,P025,Eye Drops,Medicine,2,12,24,C0112,54,Female,San Francisco,Credit Card,5%
T1439,03-01-2023,P008,Fish Oil Capsules,Supplement,5,18,90,C1439,54,Male,Los Angeles,Credit Card,0%
T0481,04-01-2023,P033,Foot Cream,Skincare,1,15,15,C0481,38,Female,San Francisco,Debit Card,10%
T2781,04-01-2023,P009,Antibacterial Handwash,Hygiene,4,5,20,C2781,34,Male,Los Angeles,Mobile Payment,10%
T2959,04-01-2023,P036,Tea Tree Oil,Skincare,5,12,60,C2959,64,Female,Chicago,Credit Card,0%
T3575,05-01-2023,P044,Joint Health Tablets,Supplement,3,32,96,C3575,36,Male,Seattle,Mobile Payment,0%
T3825,05-01-2023,P019,Aloe Vera Gel,Skincare,5,8,40,C3825,21,Male,Los Angeles,Cash,10%
T1122,07-01-2023,P044,Joint Health Tablets,Supplement,2,32,64,C1122,20,Male,Chicago,Cash,10%
T1886,07-01-2023,P004,Anti-Allergy Cream,Skincare,5,25,125,C1886,46,Male,San Francisco,Credit Card,0%
T0360,09-01-2023,P040,Hair Conditioner,Haircare,5,13,65,C0360,61,Female,New York,Mobile Payment,10%
T4189,10-01-2023,P010,Lip Balm,Skincare,1,7,7,C4189,51,Female,Boston,Debit Card,5%
T0357,10-01-2023,P031,Hydration Powder,Nutrition,3,7,21,C0357,52,Male,Los Angeles,Debit Card,5%
T0583,11-01-2023,P032,Caffeine Pills,Supplement,1,5,5,C0583,19,Female,Los Angeles,Debit Card,5%
T0372,11-01-2023,P036,Tea Tree Oil,Skincare,4,12,48,C0372,23,Female,Chicago,Mobile Payment,15%
T4921,12-01-2023,P034,Hair Growth Serum,Haircare,3,28,84,C4921,53,Female,Los Angeles,Debit Card,5%
T2034,13-01-2023,P031,Hydration Powder,Nutrition,3,7,21,C2034,48,Female,Boston,Mobile Payment,5%
T4911,13-01-2023,P039,Nasal Spray,Medicine,2,8,16,C4911,32,Male,Denver,Credit Card,10%
T1011,13-01-2023,P040,Hair Conditioner,Haircare,4,13,52,C1011,58,Female,Boston,Credit Card,10%
T4138,13-01-2023,P014,Calcium Tablets,Supplement,1,15,15,C4138,63,Female,Seattle,Mobile Payment,5%
T1928,13-01-2023,P015,Protein Powder,Nutrition,4,25,100,C1928,49,Female,New York,Mobile Payment,0%
T2489,14-01-2023,P036,Tea Tree Oil,Skincare,3,12,36,C2489,32,Female,San Francisco,Credit Card,5%
T4670,14-01-2023,P009,Antibacterial Handwash,Hygiene,3,5,15,C4670,42,Male,Chicago,Debit Card,5%
T3698,15-01-2023,P016,Energy Drink,Beverage,3,5,15,C3698,22,Female,Boston,Credit Card,15%
T1341,15-01-2023,P003,Cold Syrup,Medicine,4,8,32,C1341,50,Male,Seattle,Mobile Payment,10%
T0196,15-01-2023,P011,Herbal Shampoo,Haircare,5,12,60,C0196,59,Female,Denver,Credit Card,10%
T3679,15-01-2023,P040,Hair Conditioner,Haircare,2,13,26,C3679,53,Female,Miami,Debit Card,10%
T1516,15-01-2023,P020,Elderberry Syrup,Medicine,1,22,22,C1516,20,Female,San Francisco,Debit Card,0%
T2323,15-01-2023,P049,Antifungal Powder,Medicine,2,10,20,C2323,55,Male,Houston,Mobile Payment,10%
T4186,16-01-2023,P044,Joint Health Tablets,Supplement,3,32,96,C4186,35,Female,Denver,Debit Card,5%
T2406,16-01-2023,P016,Energy Drink,Beverage,4,5,20,C2406,33,Male,Houston,Credit Card,5%
T1248,17-01-2023,P016,Energy Drink,Beverage,2,5,10,C1248,38,Male,New York,Debit Card,15%
T4304,18-01-2023,P041,Digestive Enzymes,Supplement,1,18,18,C4304,39,Female,Houston,Cash,0%
T1733,18-01-2023,P037,Natural Deodorant,Hygiene,5,9,45,C1733,21,Male,San Francisco,Mobile Payment,0%
T4190,18-01-2023,P006,Cough Drops,Medicine,5,2.5,12.5,C4190,63,Female,Seattle,Debit Card,10%
T0671,19-01-2023,P048,Hydrocortisone Cream,Medicine,3,5,15,C0671,24,Female,Miami,Cash,15%
T1591,19-01-2023,P042,Green Tea Capsules,Supplement,1,10,10,C1591,37,Male,Houston,Mobile Payment,15%
T3970,20-01-2023,P043,Pain Relief Patch,Medicine,2,7,14,C3970,46,Female,New York,Credit Card,5%
T3744,20-01-2023,P019,Aloe Vera Gel,Skincare,5,8,40,C3744,41,Male,Houston,Credit Card,10%
T0537,20-01-2023,P046,Sunblock Cream,Skincare,3,20,60,C0537,28,Female,Denver,Credit Card,10%
T4725,21-01-2023,P018,Moisturizing Lotion,Skincare,4,18,72,C4725,61,Female,Houston,Cash,5%
T2875,21-01-2023,P040,Hair Conditioner,Haircare,5,13,65,C2875,18,Male,Houston,Credit Card,10%
T3562,21-01-2023,P036,Tea Tree Oil,Skincare,2,12,24,C3562,34,Male,New York,Cash,10%
T1460,21-01-2023,P031,Hydration Powder,Nutrition,2,7,14,C1460,48,Male,Los Angeles,Debit Card,5%
T0027,22-01-2023,P035,Anti-Wrinkle Cream,Skincare,4,45,180,C0027,63,Male,Houston,Cash,5%
T3538,22-01-2023,P039,Nasal Spray,Medicine,2,8,16,C3538,23,Male,Chicago,Cash,15%
T2379,22-01-2023,P037,Natural Deodorant,Hygiene,5,9,45,C2379,55,Male,Los Angeles,Cash,5%
T4522,23-01-2023,P038,Liver Health Supplement,Supplement,5,20,100,C4522,58,Female,Los Angeles,Cash,0%
T0523,23-01-2023,P045,Vitamin C Serum,Skincare,2,25,50,C0523,52,Male,Denver,Cash,10%
T2729,23-01-2023,P042,Green Tea Capsules,Supplement,4,10,40,C2729,46,Female,San Francisco,Debit Card,5%
T1699,23-01-2023,P042,Green Tea Capsules,Supplement,2,10,20,C1699,44,Male,Los Angeles,Cash,10%
T0440,24-01-2023,P018,Moisturizing Lotion,Skincare,1,18,18,C0440,50,Female,Denver,Credit Card,15%
T0617,24-01-2023,P010,Lip Balm,Skincare,3,7,21,C0617,27,Female,New York,Mobile Payment,15%
T2657,24-01-2023,P024,Collagen Powder,Supplement,3,30,90,C2657,61,Female,Los Angeles,Cash,0%
T2940,25-01-2023,P009,Antibacterial Handwash,Hygiene,2,5,10,C2940,43,Female,Seattle,Debit Card,15%
T1109,25-01-2023,P036,Tea Tree Oil,Skincare,4,12,48,C1109,51,Female,Houston,Cash,10%
T0514,25-01-2023,P007,Diabetic Test Strips,Medical Equipment,3,50,150,C0514,29,Male,New York,Debit Card,10%
T3340,26-01-2023,P027,All-Purpose Ointment,Medicine,4,6,24,C3340,61,Female,Chicago,Mobile Payment,5%
T4659,26-01-2023,P005,Vitamin D3 Supplement,Supplement,5,12,60,C4659,65,Male,Denver,Debit Card,0%
T2876,27-01-2023,P021,Hand Sanitizer,Hygiene,1,3,3,C2876,46,Male,Boston,Cash,5%
T2835,27-01-2023,P020,Elderberry Syrup,Medicine,3,22,66,C2835,31,Male,New York,Cash,0%
T3350,28-01-2023,P037,Natural Deodorant,Hygiene,1,9,9,C3350,21,Female,Boston,Credit Card,10%
T2623,28-01-2023,P018,Moisturizing Lotion,Skincare,1,18,18,C2623,23,Female,Seattle,Debit Card,5%
T1577,28-01-2023,P032,Caffeine Pills,Supplement,3,5,15,C1577,22,Female,Los Angeles,Mobile Payment,0%
T1911,28-01-2023,P022,Toothpaste,Hygiene,4,4,16,C1911,30,Male,Miami,Mobile Payment,15%
T3745,28-01-2023,P021,Hand Sanitizer,Hygiene,2,3,6,C3745,34,Male,Seattle,Cash,15%
T0719,29-01-2023,P032,Caffeine Pills,Supplement,4,5,20,C0719,39,Female,Boston,Cash,5%
T0277,29-01-2023,P015,Protein Powder,Nutrition,1,25,25,C0277,53,Female,Denver,Mobile Payment,0%
T4194,29-01-2023,P033,Foot Cream,Skincare,3,15,45,C4194,22,Female,New York,Credit Card,5%
T2976,01-02-2023,P009,Antibacterial Handwash,Hygiene,4,5,20,C2976,58,Female,Chicago,Mobile Payment,10%
T4397,02-02-2023,P047,Coconut Oil,Haircare,2,12,24,C4397,50,Female,San Francisco,Credit Card,15%
T4951,02-02-2023,P005,Vitamin D3 Supplement,Supplement,5,12,60,C4951,63,Male,Houston,Credit Card,15%
T4582,02-02-2023,P032,Caffeine Pills,Supplement,4,5,20,C4582,26,Female,Seattle,Cash,10%
T1838,02-02-2023,P037,Natural Deodorant,Hygiene,3,9,27,C1838,58,Female,Seattle,Cash,15%
T3530,02-02-2023,P017,Anti-Dandruff Shampoo,Haircare,5,14,70,C3530,45,Male,Seattle,Debit Card,5%
T3261,02-02-2023,P041,Digestive Enzymes,Supplement,2,18,36,C3261,39,Male,San Francisco,Credit Card,10%
T3826,03-02-2023,P011,Herbal Shampoo,Haircare,2,12,24,C3826,29,Male,Houston,Credit Card,10%
T2610,03-02-2023,P022,Toothpaste,Hygiene,1,4,4,C2610,45,Female,Seattle,Credit Card,0%
T4484,05-02-2023,P015,Protein Powder,Nutrition,1,25,25,C4484,51,Male,Boston,Mobile Payment,0%
T2913,05-02-2023,P024,Collagen Powder,Supplement,4,30,120,C2913,64,Female,Miami,Credit Card,0%
T4482,05-02-2023,P029,Zinc Supplement,Supplement,3,10,30,C4482,40,Female,Boston,Debit Card,0%
T4923,05-02-2023,P043,Pain Relief Patch,Medicine,1,7,7,C4923,49,Male,Los Angeles,Debit Card,0%
T2567,06-02-2023,P003,Cold Syrup,Medicine,5,8,40,C2567,51,Male,San Francisco,Cash,0%
T0488,06-02-2023,P024,Collagen Powder,Supplement,5,30,150,C0488,22,Female,Denver,Debit Card,10%
T3638,07-02-2023,P008,Fish Oil Capsules,Supplement,4,18,72,C3638,23,Male,Denver,Debit Card,15%
T1708,07-02-2023,P031,Hydration Powder,Nutrition,1,7,7,C1708,60,Male,Chicago,Cash,15%
T0429,07-02-2023,P014,Calcium Tablets,Supplement,4,15,60,C0429,29,Male,Houston,Mobile Payment,0%
T0213,07-02-2023,P006,Cough Drops,Medicine,1,2.5,2.5,C0213,28,Male,Denver,Mobile Payment,5%
T4709,07-02-2023,P012,Organic Face Wash,Skincare,1,10,10,C4709,22,Female,Los Angeles,Credit Card,0%
T1964,08-02-2023,P034,Hair Growth Serum,Haircare,3,28,84,C1964,56,Female,San Francisco,Debit Card,10%
T2185,08-02-2023,P034,Hair Growth Serum,Haircare,1,28,28,C2185,29,Male,Chicago,Debit Card,0%
T4469,08-02-2023,P049,Antifungal Powder,Medicine,3,10,30,C4469,29,Female,Miami,Credit Card,15%
T4228,09-02-2023,P002,Multivitamin Tablet,Supplement,3,15,45,C4228,42,Female,Houston,Credit Card,10%
T3018,09-02-2023,P045,Vitamin C Serum,Skincare,5,25,125,C3018,52,Male,Denver,Debit Card,0%
T4012,10-02-2023,P036,Tea Tree Oil,Skincare,5,12,60,C4012,46,Female,Boston,Mobile Payment,5%
T2564,10-02-2023,P008,Fish Oil Capsules,Supplement,1,18,18,C2564,51,Male,San Francisco,Debit Card,0%
T3473,10-02-2023,P024,Collagen Powder,Supplement,3,30,90,C3473,27,Female,Boston,Debit Card,10%
T0321,11-02-2023,P005,Vitamin D3 Supplement,Supplement,2,12,24,C0321,41,Female,Chicago,Cash,0%
T4171,11-02-2023,P029,Zinc Supplement,Supplement,2,10,20,C4171,24,Male,Los Angeles,Cash,10%
T4887,12-02-2023,P008,Fish Oil Capsules,Supplement,3,18,54,C4887,35,Male,San Francisco,Credit Card,10%
T0487,12-02-2023,P003,Cold Syrup,Medicine,4,8,32,C0487,34,Male,Miami,Mobile Payment,15%
T2923,12-02-2023,P019,Aloe Vera Gel,Skincare,4,8,32,C2923,32,Male,San Francisco,Cash,15%
T1186,13-02-2023,P002,Multivitamin Tablet,Supplement,3,15,45,C1186,21,Female,Boston,Debit Card,0%
T1776,13-02-2023,P029,Zinc Supplement,Supplement,1,10,10,C1776,39,Female,Denver,Debit Card,15%
T0668,13-02-2023,P032,Caffeine Pills,Supplement,2,5,10,C0668,27,Male,Seattle,Credit Card,0%
T4920,14-02-2023,P043,Pain Relief Patch,Medicine,2,7,14,C4920,60,Male,Chicago,Credit Card,5%
T4263,14-02-2023,P033,Foot Cream,Skincare,4,15,60,C4263,65,Male,New York,Credit Card,10%
T2475,14-02-2023,P011,Herbal Shampoo,Haircare,1,12,12,C2475,25,Female,San Francisco,Cash,15%
T3854,14-02-2023,P013,Probiotic Supplement,Supplement,3,20,60,C3854,49,Female,Boston,Credit Card,5%
T3374,15-02-2023,P043,Pain Relief Patch,Medicine,5,7,35,C3374,44,Female,Chicago,Debit Card,10%
T2436,16-02-2023,P032,Caffeine Pills,Supplement,5,5,25,C2436,60,Female,Boston,Cash,10%
T2800,16-02-2023,P006,Cough Drops,Medicine,4,2.5,10,C2800,25,Female,New York,Credit Card,10%
T0799,16-02-2023,P048,Hydrocortisone Cream,Medicine,1,5,5,C0799,47,Male,Los Angeles,Credit Card,15%
T3661,16-02-2023,P029,Zinc Supplement,Supplement,5,10,50,C3661,60,Male,Boston,Mobile Payment,10%
T0236,17-02-2023,P019,Aloe Vera Gel,Skincare,2,8,16,C0236,48,Female,Seattle,Credit Card,15%
T1226,17-02-2023,P047,Coconut Oil,Haircare,4,12,48,C1226,20,Male,San Francisco,Debit Card,15%
T0205,18-02-2023,P047,Coconut Oil,Haircare,3,12,36,C0205,62,Male,Houston,Credit Card,5%
T4938,18-02-2023,P034,Hair Growth Serum,Haircare,2,28,56,C4938,59,Female,San Francisco,Debit Card,10%
T0124,18-02-2023,P004,Anti-Allergy Cream,Skincare,4,25,100,C0124,22,Female,Los Angeles,Cash,5%
T1245,19-02-2023,P034,Hair Growth Serum,Haircare,5,28,140,C1245,28,Female,Miami,Credit Card,0%
T4985,19-02-2023,P012,Organic Face Wash,Skincare,2,10,20,C4985,18,Female,Denver,Mobile Payment,15%
T3658,19-02-2023,P028,Omega-3 Capsules,Supplement,5,22,110,C3658,24,Female,New York,Cash,10%
T1061,19-02-2023,P023,Acne Treatment Gel,Skincare,2,16,32,C1061,31,Male,Boston,Cash,10%
T1582,20-02-2023,P002,Multivitamin Tablet,Supplement,3,15,45,C1582,19,Female,Boston,Credit Card,0%
T4445,21-02-2023,P033,Foot Cream,Skincare,1,15,15,C4445,59,Female,San Francisco,Credit Card,5%
T2536,21-02-2023,P037,Natural Deodorant,Hygiene,3,9,27,C2536,53,Male,Boston,Debit Card,10%
T0586,22-02-2023,P038,Liver Health Supplement,Supplement,4,20,80,C0586,57,Male,Boston,Cash,5%
T4296,22-02-2023,P017,Anti-Dandruff Shampoo,Haircare,2,14,28,C4296,42,Male,Houston,Debit Card,15%
T0792,22-02-2023,P013,Probiotic Supplement,Supplement,1,20,20,C0792,34,Male,New York,Mobile Payment,15%
T2723,23-02-2023,P050,Ear Drops,Medicine,5,6,30,C2723,28,Female,New York,Cash,5%
T1454,23-02-2023,P009,Antibacterial Handwash,Hygiene,2,5,10,C1454,32,Female,San Francisco,Mobile Payment,15%
T4642,24-02-2023,P032,Caffeine Pills,Supplement,5,5,25,C4642,56,Female,Houston,Debit Card,5%
T0209,24-02-2023,P049,Antifungal Powder,Medicine,2,10,20,C0209,59,Male,Miami,Cash,5%
T3065,25-02-2023,P046,Sunblock Cream,Skincare,4,20,80,C3065,44,Female,Seattle,Debit Card,15%
T1434,25-02-2023,P004,Anti-Allergy Cream,Skincare,2,25,50,C1434,31,Female,New York,Debit Card,10%
T0315,25-02-2023,P009,Antibacterial Handwash,Hygiene,5,5,25,C0315,50,Male,San Francisco,Debit Card,15%
T0979,25-02-2023,P024,Collagen Powder,Supplement,2,30,60,C0979,33,Female,New York,Credit Card,0%
T4089,26-02-2023,P001,Pain Relief Capsule,Medicine,1,10,10,C4089,20,Female,Denver,Mobile Payment,15%
T4555,26-02-2023,P046,Sunblock Cream,Skincare,1,20,20,C4555,36,Female,Denver,Credit Card,10%
T3095,26-02-2023,P002,Multivitamin Tablet,Supplement,3,15,45,C3095,26,Male,San Francisco,Debit Card,15%
T0689,27-02-2023,P015,Protein Powder,Nutrition,1,25,25,C0689,65,Female,Boston,Credit Card,10%
T2928,27-02-2023,P027,All-Purpose Ointment,Medicine,5,6,30,C2928,60,Male,San Francisco,Mobile Payment,15%
T4935,27-02-2023,P036,Tea Tree Oil,Skincare,2,12,24,C4935,23,Female,New York,Cash,15%
T0377,28-02-2023,P028,Omega-3 Capsules,Supplement,3,22,66,C0377,20,Male,Boston,Credit Card,10%
T0198,28-02-2023,P050,Ear Drops,Medicine,3,6,18,C0198,53,Male,New York,Mobile Payment,0%
T4846,01-03-2023,P027,All-Purpose Ointment,Medicine,3,6,18,C4846,52,Female,Houston,Debit Card,10%
T4626,02-03-2023,P008,Fish Oil Capsules,Supplement,4,18,72,C4626,35,Male,New York,Debit Card,0%
T3060,03-03-2023,P024,Collagen Powder,Supplement,1,30,30,C3060,57,Male,San Francisco,Debit Card,10%
T2201,03-03-2023,P048,Hydrocortisone Cream,Medicine,1,5,5,C2201,35,Male,Boston,Cash,0%
T0561,04-03-2023,P047,Coconut Oil,Haircare,5,12,60,C0561,58,Female,Houston,Credit Card,0%
T4578,05-03-2023,P004,Anti-Allergy Cream,Skincare,3,25,75,C4578,41,Female,Seattle,Cash,0%
T1472,05-03-2023,P020,Elderberry Syrup,Medicine,5,22,110,C1472,20,Male,Boston,Credit Card,5%
T3466,07-03-2023,P022,Toothpaste,Hygiene,4,4,16,C3466,54,Female,Los Angeles,Mobile Payment,5%
T1779,07-03-2023,P043,Pain Relief Patch,Medicine,2,7,14,C1779,59,Male,New York,Credit Card,15%
T3091,07-03-2023,P018,Moisturizing Lotion,Skincare,1,18,18,C3091,54,Female,Boston,Debit Card,5%
T4123,07-03-2023,P016,Energy Drink,Beverage,5,5,25,C4123,44,Female,Chicago,Cash,5%
T2904,07-03-2023,P028,Omega-3 Capsules,Supplement,1,22,22,C2904,54,Female,Denver,Mobile Payment,0%
T3927,08-03-2023,P005,Vitamin D3 Supplement,Supplement,2,12,24,C3927,32,Female,Miami,Cash,0%
T2424,09-03-2023,P011,Herbal Shampoo,Haircare,4,12,48,C2424,34,Female,New York,Mobile Payment,10%
T0549,09-03-2023,P010,Lip Balm,Skincare,1,7,7,C0549,22,Female,Boston,Mobile Payment,0%
T0858,09-03-2023,P006,Cough Drops,Medicine,4,2.5,10,C0858,22,Male,Los Angeles,Credit Card,0%
T3671,10-03-2023,P003,Cold Syrup,Medicine,4,8,32,C3671,43,Male,Boston,Credit Card,0%
T2705,10-03-2023,P026,Muscle Relaxant Cream,Medicine,5,25,125,C2705,20,Female,San Francisco,Credit Card,10%
T3967,12-03-2023,P011,Herbal Shampoo,Haircare,4,12,48,C3967,58,Female,Chicago,Mobile Payment,0%
T1856,12-03-2023,P008,Fish Oil Capsules,Supplement,5,18,90,C1856,50,Male,New York,Credit Card,10%
T0701,12-03-2023,P011,Herbal Shampoo,Haircare,2,12,24,C0701,38,Male,Houston,Credit Card,10%
T4763,12-03-2023,P014,Calcium Tablets,Supplement,3,15,45,C4763,31,Female,Houston,Credit Card,0%
T2385,12-03-2023,P041,Digestive Enzymes,Supplement,3,18,54,C2385,19,Male,Los Angeles,Cash,10%
T0498,13-03-2023,P031,Hydration Powder,Nutrition,1,7,7,C0498,29,Female,Seattle,Cash,5%
T3456,13-03-2023,P015,Protein Powder,Nutrition,3,25,75,C3456,37,Female,Los Angeles,Mobile Payment,15%
T2060,14-03-2023,P018,Moisturizing Lotion,Skincare,5,18,90,C2060,27,Male,Denver,Mobile Payment,5%
T3532,15-03-2023,P016,Energy Drink,Beverage,2,5,10,C3532,53,Female,Los Angeles,Cash,10%
T4377,15-03-2023,P005,Vitamin D3 Supplement,Supplement,4,12,48,C4377,56,Male,Seattle,Credit Card,5%
T4010,16-03-2023,P031,Hydration Powder,Nutrition,4,7,28,C4010,49,Male,Boston,Cash,10%
T1876,17-03-2023,P044,Joint Health Tablets,Supplement,2,32,64,C1876,62,Female,Boston,Credit Card,5%
T4907,17-03-2023,P012,Organic Face Wash,Skincare,1,10,10,C4907,24,Male,New York,Debit Card,5%
T0559,17-03-2023,P027,All-Purpose Ointment,Medicine,4,6,24,C0559,21,Female,Seattle,Credit Card,15%
T2303,18-03-2023,P047,Coconut Oil,Haircare,3,12,36,C2303,55,Male,Chicago,Debit Card,0%
T2639,18-03-2023,P006,Cough Drops,Medicine,4,2.5,10,C2639,36,Female,Denver,Debit Card,5%
T4203,19-03-2023,P011,Herbal Shampoo,Haircare,1,12,12,C4203,44,Male,Houston,Cash,0%
T4585,19-03-2023,P047,Coconut Oil,Haircare,1,12,12,C4585,34,Male,San Francisco,Cash,5%
T0588,19-03-2023,P006,Cough Drops,Medicine,3,2.5,7.5,C0588,21,Male,Los Angeles,Credit Card,15%
T4896,20-03-2023,P009,Antibacterial Handwash,Hygiene,4,5,20,C4896,63,Male,Miami,Cash,10%
T3061,20-03-2023,P021,Hand Sanitizer,Hygiene,4,3,12,C3061,61,Male,Boston,Cash,15%
T4616,21-03-2023,P036,Tea Tree Oil,Skincare,4,12,48,C4616,38,Male,Denver,Cash,5%
T2708,22-03-2023,P026,Muscle Relaxant Cream,Medicine,2,25,50,C2708,30,Male,Miami,Cash,10%
T2607,22-03-2023,P035,Anti-Wrinkle Cream,Skincare,3,45,135,C2607,60,Female,Houston,Mobile Payment,15%
T4456,23-03-2023,P031,Hydration Powder,Nutrition,4,7,28,C4456,31,Female,Chicago,Debit Card,10%
T3300,23-03-2023,P041,Digestive Enzymes,Supplement,4,18,72,C3300,19,Male,Los Angeles,Credit Card,15%
T2285,23-03-2023,P016,Energy Drink,Beverage,5,5,25,C2285,46,Male,Los Angeles,Credit Card,5%
T2053,24-03-2023,P023,Acne Treatment Gel,Skincare,4,16,64,C2053,26,Male,Miami,Credit Card,15%
T0704,24-03-2023,P023,Acne Treatment Gel,Skincare,1,16,16,C0704,35,Male,San Francisco,Credit Card,15%
T2496,24-03-2023,P030,Heart Health Supplement,Supplement,1,35,35,C2496,46,Male,Boston,Mobile Payment,15%
T1030,24-03-2023,P036,Tea Tree Oil,Skincare,5,12,60,C1030,21,Male,Denver,Debit Card,10%
T1320,24-03-2023,P049,Antifungal Powder,Medicine,3,10,30,C1320,60,Male,Miami,Debit Card,5%
T4687,25-03-2023,P029,Zinc Supplement,Supplement,4,10,40,C4687,31,Male,Chicago,Credit Card,10%
T3531,26-03-2023,P016,Energy Drink,Beverage,2,5,10,C3531,64,Male,New York,Cash,15%
T2098,26-03-2023,P015,Protein Powder,Nutrition,1,25,25,C2098,64,Female,San Francisco,Mobile Payment,5%
T1533,26-03-2023,P016,Energy Drink,Beverage,1,5,5,C1533,19,Male,Los Angeles,Debit Card,5%
T3696,26-03-2023,P024,Collagen Powder,Supplement,1,30,30,C3696,32,Male,New York,Cash,5%
T2661,27-03-2023,P010,Lip Balm,Skincare,1,7,7,C2661,57,Male,Los Angeles,Cash,15%
T0048,28-03-2023,P030,Heart Health Supplement,Supplement,5,35,175,C0048,34,Female,Denver,Credit Card,0%
T4257,28-03-2023,P011,Herbal Shampoo,Haircare,2,12,24,C4257,22,Male,New York,Cash,10%
T1808,28-03-2023,P001,Pain Relief Capsule,Medicine,2,10,20,C1808,64,Female,Chicago,Cash,10%
T0548,28-03-2023,P007,Diabetic Test Strips,Medical Equipment,3,50,150,C0548,37,Female,Miami,Mobile Payment,0%
T2371,29-03-2023,P042,Green Tea Capsules,Supplement,2,10,20,C2371,22,Female,Houston,Cash,10%
T0392,29-03-2023,P046,Sunblock Cream,Skincare,5,20,100,C0392,61,Female,San Francisco,Credit Card,10%
T1180,30-03-2023,P011,Herbal Shampoo,Haircare,4,12,48,C1180,52,Female,Houston,Cash,10%
T4443,01-04-2023,P004,Anti-Allergy Cream,Skincare,1,25,25,C4443,41,Female,San Francisco,Cash,5%
T3506,01-04-2023,P023,Acne Treatment Gel,Skincare,2,16,32,C3506,65,Male,Los Angeles,Debit Card,0%
T2509,01-04-2023,P038,Liver Health Supplement,Supplement,3,20,60,C2509,35,Male,Miami,Debit Card,10%
T0056,01-04-2023,P006,Cough Drops,Medicine,1,2.5,2.5,C0056,18,Male,Miami,Mobile Payment,5%
T1656,01-04-2023,P039,Nasal Spray,Medicine,2,8,16,C1656,64,Male,Seattle,Debit Card,10%
T2397,02-04-2023,P044,Joint Health Tablets,Supplement,3,32,96,C2397,23,Female,Chicago,Credit Card,10%
T4707,02-04-2023,P035,Anti-Wrinkle Cream,Skincare,4,45,180,C4707,26,Female,Chicago,Mobile Payment,15%
T4325,03-04-2023,P028,Omega-3 Capsules,Supplement,5,22,110,C4325,59,Male,New York,Credit Card,15%
T1315,03-04-2023,P007,Diabetic Test Strips,Medical Equipment,3,50,150,C1315,55,Female,New York,Mobile Payment,0%
T2711,03-04-2023,P008,Fish Oil Capsules,Supplement,2,18,36,C2711,62,Male,Denver,Credit Card,10%
T2886,04-04-2023,P043,Pain Relief Patch,Medicine,4,7,28,C2886,65,Male,Miami,Cash,15%
T4829,05-04-2023,P048,Hydrocortisone Cream,Medicine,3,5,15,C4829,48,Female,Denver,Cash,15%
T4916,06-04-2023,P007,Diabetic Test Strips,Medical Equipment,3,50,150,C4916,63,Female,Denver,Credit Card,0%
T0159,06-04-2023,P020,Elderberry Syrup,Medicine,4,22,88,C0159,33,Male,Los Angeles,Cash,10%
T4899,07-04-2023,P047,Coconut Oil,Haircare,2,12,24,C4899,58,Male,New York,Credit Card,0%
T4465,07-04-2023,P013,Probiotic Supplement,Supplement,4,20,80,C4465,45,Male,San Francisco,Credit Card,15%
T2208,08-04-2023,P001,Pain Relief Capsule,Medicine,2,10,20,C2208,21,Male,San Francisco,Debit Card,0%
T1734,09-04-2023,P040,Hair Conditioner,Haircare,3,13,39,C1734,22,Male,Seattle,Cash,15%
T4945,10-04-2023,P033,Foot Cream,Skincare,2,15,30,C4945,21,Female,Denver,Debit Card,10%
T0472,10-04-2023,P028,Omega-3 Capsules,Supplement,4,22,88,C0472,54,Male,New York,Cash,5%
T2918,10-04-2023,P018,Moisturizing Lotion,Skincare,2,18,36,C2918,45,Male,Chicago,Cash,15%
T3848,10-04-2023,P015,Protein Powder,Nutrition,5,25,125,C3848,55,Male,New York,Debit Card,5%
T0916,10-04-2023,P021,Hand Sanitizer,Hygiene,1,3,3,C0916,49,Female,Boston,Cash,0%
T2133,11-04-2023,P040,Hair Conditioner,Haircare,5,13,65,C2133,32,Male,San Francisco,Cash,5%
T3815,11-04-2023,P015,Protein Powder,Nutrition,2,25,50,C3815,46,Male,Houston,Cash,10%
T3391,12-04-2023,P040,Hair Conditioner,Haircare,5,13,65,C3391,35,Female,San Francisco,Mobile Payment,0%
T2917,12-04-2023,P041,Digestive Enzymes,Supplement,2,18,36,C2917,29,Female,San Francisco,Debit Card,15%
T0109,12-04-2023,P013,Probiotic Supplement,Supplement,1,20,20,C0109,45,Female,Seattle,Mobile Payment,10%
T1139,12-04-2023,P009,Antibacterial Handwash,Hygiene,2,5,10,C1139,22,Male,San Francisco,Cash,15%
T1136,12-04-2023,P014,Calcium Tablets,Supplement,5,15,75,C1136,29,Male,New York,Debit Card,5%
T3823,13-04-2023,P046,Sunblock Cream,Skincare,5,20,100,C3823,62,Male,Miami,Debit Card,15%
T2490,13-04-2023,P034,Hair Growth Serum,Haircare,4,28,112,C2490,35,Female,Denver,Cash,0%
T3470,14-04-2023,P032,Caffeine Pills,Supplement,2,5,10,C3470,20,Male,New York,Cash,15%
T4908,15-04-2023,P037,Natural Deodorant,Hygiene,1,9,9,C4908,30,Male,Denver,Credit Card,5%
T2806,15-04-2023,P049,Antifungal Powder,Medicine,4,10,40,C2806,57,Male,Seattle,Cash,0%
T3719,16-04-2023,P045,Vitamin C Serum,Skincare,5,25,125,C3719,24,Female,Boston,Credit Card,5%
T3495,16-04-2023,P001,Pain Relief Capsule,Medicine,2,10,20,C3495,54,Male,Chicago,Mobile Payment,15%
T1452,16-04-2023,P034,Hair Growth Serum,Haircare,4,28,112,C1452,57,Female,Los Angeles,Cash,10%
T4479,16-04-2023,P045,Vitamin C Serum,Skincare,4,25,100,C4479,19,Female,Seattle,Debit Card,0%
T0744,17-04-2023,P028,Omega-3 Capsules,Supplement,1,22,22,C0744,34,Male,Seattle,Cash,5%
T4381,17-04-2023,P036,Tea Tree Oil,Skincare,1,12,12,C4381,38,Male,Los Angeles,Mobile Payment,5%
T2103,18-04-2023,P008,Fish Oil Capsules,Supplement,4,18,72,C2103,53,Female,Denver,Debit Card,0%
T2396,19-04-2023,P008,Fish Oil Capsules,Supplement,3,18,54,C2396,52,Female,New York,Mobile Payment,0%
T2096,20-04-2023,P047,Coconut Oil,Haircare,2,12,24,C2096,60,Male,Miami,Debit Card,0%
T0421,21-04-2023,P038,Liver Health Supplement,Supplement,3,20,60,C0421,56,Female,Denver,Cash,15%
T2514,21-04-2023,P036,Tea Tree Oil,Skincare,2,12,24,C2514,34,Female,Denver,Mobile Payment,10%
T2675,21-04-2023,P024,Collagen Powder,Supplement,4,30,120,C2675,45,Male,San Francisco,Cash,10%
T1429,22-04-2023,P008,Fish Oil Capsules,Supplement,5,18,90,C1429,54,Female,Los Angeles,Cash,15%
T3360,22-04-2023,P009,Antibacterial Handwash,Hygiene,5,5,25,C3360,52,Male,San Francisco,Credit Card,5%
T3564,23-04-2023,P039,Nasal Spray,Medicine,1,8,8,C3564,49,Male,Boston,Mobile Payment,10%
T3548,25-04-2023,P018,Moisturizing Lotion,Skincare,4,18,72,C3548,37,Female,Boston,Mobile Payment,5%
T0757,25-04-2023,P014,Calcium Tablets,Supplement,1,15,15,C0757,39,Male,New York,Debit Card,10%
T1901,25-04-2023,P006,Cough Drops,Medicine,4,2.5,10,C1901,52,Female,Boston,Credit Card,5%
T4793,26-04-2023,P026,Muscle Relaxant Cream,Medicine,3,25,75,C4793,53,Female,Chicago,Debit Card,10%
T2515,26-04-2023,P027,All-Purpose Ointment,Medicine,2,6,12,C2515,18,Female,Miami,Credit Card,15%
T2920,27-04-2023,P019,Aloe Vera Gel,Skincare,1,8,8,C2920,53,Female,Denver,Mobile Payment,0%
T2880,27-04-2023,P013,Probiotic Supplement,Supplement,1,20,20,C2880,34,Female,Boston,Cash,0%
T2846,27-04-2023,P017,Anti-Dandruff Shampoo,Haircare,3,14,42,C2846,24,Female,New York,Debit Card,0%
T3235,27-04-2023,P021,Hand Sanitizer,Hygiene,1,3,3,C3235,64,Female,New York,Debit Card,5%
T2529,29-04-2023,P043,Pain Relief Patch,Medicine,1,7,7,C2529,62,Male,Miami,Credit Card,0%
T2421,29-04-2023,P013,Probiotic Supplement,Supplement,5,20,100,C2421,39,Male,New York,Mobile Payment,15%
T3965,29-04-2023,P038,Liver Health Supplement,Supplement,2,20,40,C3965,63,Female,Miami,Mobile Payment,15%
T2871,29-04-2023,P048,Hydrocortisone Cream,Medicine,3,5,15,C2871,40,Male,Boston,Mobile Payment,15%
T1962,30-04-2023,P003,Cold Syrup,Medicine,3,8,24,C1962,34,Female,Boston,Credit Card,10%
T4922,30-04-2023,P014,Calcium Tablets,Supplement,1,15,15,C4922,58,Male,Houston,Debit Card,10%
T0781,02-05-2023,P029,Zinc Supplement,Supplement,2,10,20,C0781,45,Female,Denver,Debit Card,0%
T0050,03-05-2023,P014,Calcium Tablets,Supplement,2,15,30,C0050,56,Male,Denver,Debit Card,10%
T1950,03-05-2023,P049,Antifungal Powder,Medicine,1,10,10,C1950,37,Male,San Francisco,Mobile Payment,10%
T3301,03-05-2023,P030,Heart Health Supplement,Supplement,1,35,35,C3301,38,Male,Miami,Cash,5%
T2042,04-05-2023,P043,Pain Relief Patch,Medicine,5,7,35,C2042,65,Female,Seattle,Credit Card,0%
T2433,04-05-2023,P010,Lip Balm,Skincare,2,7,14,C2433,52,Female,Houston,Mobile Payment,10%
T0207,04-05-2023,P040,Hair Conditioner,Haircare,2,13,26,C0207,27,Female,Seattle,Mobile Payment,0%
T2591,05-05-2023,P049,Antifungal Powder,Medicine,1,10,10,C2591,55,Female,Boston,Cash,10%
T3634,05-05-2023,P028,Omega-3 Capsules,Supplement,2,22,44,C3634,30,Male,Houston,Debit Card,0%
T3318,06-05-2023,P027,All-Purpose Ointment,Medicine,4,6,24,C3318,37,Female,Los Angeles,Debit Card,10%
T1925,06-05-2023,P012,Organic Face Wash,Skincare,5,10,50,C1925,38,Male,Boston,Debit Card,10%
T3876,06-05-2023,P041,Digestive Enzymes,Supplement,3,18,54,C3876,39,Male,Los Angeles,Credit Card,0%
T0777,07-05-2023,P016,Energy Drink,Beverage,2,5,10,C0777,39,Male,Chicago,Cash,5%
T4599,07-05-2023,P039,Nasal Spray,Medicine,2,8,16,C4599,33,Female,Boston,Cash,5%
T0267,07-05-2023,P044,Joint Health Tablets,Supplement,1,32,32,C0267,41,Female,San Francisco,Cash,10%
T3644,08-05-2023,P029,Zinc Supplement,Supplement,1,10,10,C3644,25,Male,Los Angeles,Debit Card,0%
T2986,08-05-2023,P040,Hair Conditioner,Haircare,5,13,65,C2986,23,Female,San Francisco,Credit Card,5%
T0494,09-05-2023,P013,Probiotic Supplement,Supplement,2,20,40,C0494,31,Female,Seattle,Mobile Payment,10%
T1256,09-05-2023,P036,Tea Tree Oil,Skincare,5,12,60,C1256,48,Male,Miami,Cash,5%
T4173,09-05-2023,P003,Cold Syrup,Medicine,5,8,40,C4173,36,Female,Chicago,Debit Card,15%
T1706,10-05-2023,P044,Joint Health Tablets,Supplement,3,32,96,C1706,64,Male,New York,Debit Card,0%
T0252,10-05-2023,P012,Organic Face Wash,Skincare,3,10,30,C0252,63,Female,Chicago,Credit Card,15%
T4112,10-05-2023,P012,Organic Face Wash,Skincare,1,10,10,C4112,30,Male,Miami,Credit Card,15%
T2204,10-05-2023,P026,Muscle Relaxant Cream,Medicine,3,25,75,C2204,65,Female,Los Angeles,Debit Card,10%
T2941,10-05-2023,P014,Calcium Tablets,Supplement,4,15,60,C2941,57,Female,New York,Credit Card,15%
T0884,11-05-2023,P043,Pain Relief Patch,Medicine,1,7,7,C0884,40,Male,Los Angeles,Mobile Payment,15%
T2167,11-05-2023,P017,Anti-Dandruff Shampoo,Haircare,5,14,70,C2167,64,Male,Houston,Cash,15%
T2240,11-05-2023,P049,Antifungal Powder,Medicine,4,10,40,C2240,55,Male,Miami,Mobile Payment,0%
T3214,11-05-2023,P010,Lip Balm,Skincare,4,7,28,C3214,38,Female,New York,Mobile Payment,10%
T2674,12-05-2023,P023,Acne Treatment Gel,Skincare,2,16,32,C2674,31,Female,New York,Credit Card,10%
T0968,12-05-2023,P032,Caffeine Pills,Supplement,4,5,20,C0968,39,Male,Chicago,Mobile Payment,15%
T1282,13-05-2023,P034,Hair Growth Serum,Haircare,2,28,56,C1282,63,Male,Miami,Mobile Payment,0%
T2647,13-05-2023,P041,Digestive Enzymes,Supplement,1,18,18,C2647,39,Male,San Francisco,Cash,10%
T2118,13-05-2023,P013,Probiotic Supplement,Supplement,5,20,100,C2118,32,Male,Houston,Credit Card,15%
T2839,15-05-2023,P013,Probiotic Supplement,Supplement,3,20,60,C2839,56,Female,New York,Debit Card,5%
T4339,15-05-2023,P046,Sunblock Cream,Skincare,3,20,60,C4339,43,Male,Los Angeles,Cash,15%
T2669,15-05-2023,P008,Fish Oil Capsules,Supplement,3,18,54,C2669,42,Female,Houston,Debit Card,5%
T3050,15-05-2023,P050,Ear Drops,Medicine,5,6,30,C3050,36,Female,Miami,Cash,5%
T4334,15-05-2023,P030,Heart Health Supplement,Supplement,3,35,105,C4334,57,Female,Seattle,Cash,10%
T1816,16-05-2023,P032,Caffeine Pills,Supplement,1,5,5,C1816,31,Female,San Francisco,Debit Card,0%
T0820,17-05-2023,P003,Cold Syrup,Medicine,1,8,8,C0820,27,Female,Seattle,Debit Card,15%
T1867,17-05-2023,P033,Foot Cream,Skincare,3,15,45,C1867,36,Male,Houston,Cash,0%
T4467,17-05-2023,P016,Energy Drink,Beverage,4,5,20,C4467,34,Male,Miami,Credit Card,0%
T1034,18-05-2023,P019,Aloe Vera Gel,Skincare,5,8,40,C1034,50,Male,Denver,Cash,0%
T0363,19-05-2023,P024,Collagen Powder,Supplement,4,30,120,C0363,31,Female,San Francisco,Debit Card,15%
T3891,19-05-2023,P020,Elderberry Syrup,Medicine,1,22,22,C3891,63,Male,San Francisco,Cash,0%
T3513,19-05-2023,P008,Fish Oil Capsules,Supplement,2,18,36,C3513,57,Female,Seattle,Mobile Payment,15%
T0353,20-05-2023,P036,Tea Tree Oil,Skincare,1,12,12,C0353,52,Female,Chicago,Debit Card,10%
T2225,20-05-2023,P014,Calcium Tablets,Supplement,2,15,30,C2225,35,Female,Chicago,Debit Card,15%
T1457,21-05-2023,P002,Multivitamin Tablet,Supplement,5,15,75,C1457,61,Male,Chicago,Mobile Payment,15%
T4250,21-05-2023,P047,Coconut Oil,Haircare,1,12,12,C4250,50,Male,Los Angeles,Mobile Payment,10%
T0865,22-05-2023,P048,Hydrocortisone Cream,Medicine,4,5,20,C0865,21,Male,Miami,Mobile Payment,5%
T1637,22-05-2023,P030,Heart Health Supplement,Supplement,2,35,70,C1637,65,Female,Seattle,Mobile Payment,10%
T2368,23-05-2023,P003,Cold Syrup,Medicine,2,8,16,C2368,57,Male,Los Angeles,Credit Card,15%
T4166,23-05-2023,P048,Hydrocortisone Cream,Medicine,4,5,20,C4166,53,Male,Miami,Mobile Payment,0%
T1038,23-05-2023,P039,Nasal Spray,Medicine,4,8,32,C1038,41,Female,Chicago,Credit Card,10%
T4340,23-05-2023,P049,Antifungal Powder,Medicine,5,10,50,C4340,60,Female,Boston,Debit Card,5%
T0822,23-05-2023,P042,Green Tea Capsules,Supplement,5,10,50,C0822,46,Female,Denver,Cash,10%
T4122,24-05-2023,P047,Coconut Oil,Haircare,1,12,12,C4122,58,Female,Seattle,Cash,0%
T4579,24-05-2023,P035,Anti-Wrinkle Cream,Skincare,3,45,135,C4579,19,Female,Los Angeles,Credit Card,10%
T4523,24-05-2023,P021,Hand Sanitizer,Hygiene,1,3,3,C4523,24,Male,New York,Cash,15%
T0348,24-05-2023,P046,Sunblock Cream,Skincare,5,20,100,C0348,48,Male,Seattle,Credit Card,0%
T2359,24-05-2023,P022,Toothpaste,Hygiene,5,4,20,C2359,45,Male,San Francisco,Mobile Payment,15%
T0018,25-05-2023,P048,Hydrocortisone Cream,Medicine,2,5,10,C0018,50,Male,Houston,Debit Card,10%
T4525,26-05-2023,P015,Protein Powder,Nutrition,2,25,50,C4525,47,Male,Los Angeles,Debit Card,15%
T3071,26-05-2023,P021,Hand Sanitizer,Hygiene,5,3,15,C3071,62,Male,Boston,Mobile Payment,15%
T3860,26-05-2023,P030,Heart Health Supplement,Supplement,4,35,140,C3860,27,Male,Boston,Credit Card,10%
T3215,26-05-2023,P035,Anti-Wrinkle Cream,Skincare,5,45,225,C3215,61,Male,Boston,Debit Card,15%
T3976,27-05-2023,P026,Muscle Relaxant Cream,Medicine,2,25,50,C3976,62,Female,Miami,Credit Card,0%
T1144,27-05-2023,P046,Sunblock Cream,Skincare,2,20,40,C1144,62,Male,Miami,Cash,0%
T0826,27-05-2023,P006,Cough Drops,Medicine,5,2.5,12.5,C0826,40,Female,Denver,Debit Card,0%
T2268,27-05-2023,P019,Aloe Vera Gel,Skincare,4,8,32,C2268,50,Male,Denver,Debit Card,15%
T1709,28-05-2023,P027,All-Purpose Ointment,Medicine,3,6,18,C1709,48,Female,Denver,Debit Card,15%
T1646,30-05-2023,P021,Hand Sanitizer,Hygiene,4,3,12,C1646,37,Female,Los Angeles,Debit Card,5%
T3447,31-05-2023,P005,Vitamin D3 Supplement,Supplement,5,12,60,C3447,20,Female,Chicago,Debit Card,15%
T2123,01-06-2023,P025,Eye Drops,Medicine,5,12,60,C2123,36,Male,Denver,Cash,0%
T1274,02-06-2023,P012,Organic Face Wash,Skincare,5,10,50,C1274,29,Male,Boston,Debit Card,5%
T4323,02-06-2023,P039,Nasal Spray,Medicine,5,8,40,C4323,40,Female,Houston,Credit Card,15%
T1309,02-06-2023,P027,All-Purpose Ointment,Medicine,2,6,12,C1309,53,Male,Denver,Credit Card,5%
T1580,02-06-2023,P020,Elderberry Syrup,Medicine,4,22,88,C1580,23,Female,San Francisco,Debit Card,5%
T2333,03-06-2023,P033,Foot Cream,Skincare,3,15,45,C2333,36,Male,Seattle,Cash,5%
T4680,03-06-2023,P021,Hand Sanitizer,Hygiene,4,3,12,C4680,39,Female,San Francisco,Cash,0%
T2554,03-06-2023,P042,Green Tea Capsules,Supplement,1,10,10,C2554,43,Male,Chicago,Debit Card,15%
T4337,03-06-2023,P007,Diabetic Test Strips,Medical Equipment,5,50,250,C4337,63,Female,San Francisco,Mobile Payment,15%
T4739,04-06-2023,P023,Acne Treatment Gel,Skincare,1,16,16,C4739,25,Male,Houston,Debit Card,5%
T0932,04-06-2023,P039,Nasal Spray,Medicine,1,8,8,C0932,42,Male,New York,Debit Card,10%
T0105,04-06-2023,P007,Diabetic Test Strips,Medical Equipment,5,50,250,C0105,28,Female,Miami,Cash,0%
T1348,04-06-2023,P034,Hair Growth Serum,Haircare,1,28,28,C1348,48,Female,Denver,Mobile Payment,10%
T4039,04-06-2023,P037,Natural Deodorant,Hygiene,1,9,9,C4039,19,Male,New York,Mobile Payment,15%
T4277,05-06-2023,P027,All-Purpose Ointment,Medicine,3,6,18,C4277,53,Female,San Francisco,Mobile Payment,0%
T4504,05-06-2023,P041,Digestive Enzymes,Supplement,3,18,54,C4504,24,Male,Chicago,Debit Card,15%
T2589,05-06-2023,P049,Antifungal Powder,Medicine,3,10,30,C2589,44,Male,Seattle,Mobile Payment,10%
T4041,05-06-2023,P050,Ear Drops,Medicine,2,6,12,C4041,49,Female,Denver,Cash,15%
T3760,06-06-2023,P034,Hair Growth Serum,Haircare,2,28,56,C3760,20,Male,Houston,Cash,15%
T0965,07-06-2023,P015,Protein Powder,Nutrition,5,25,125,C0965,48,Female,Chicago,Credit Card,5%
T1238,07-06-2023,P033,Foot Cream,Skincare,4,15,60,C1238,28,Female,Boston,Mobile Payment,5%
T3557,07-06-2023,P041,Digestive Enzymes,Supplement,4,18,72,C3557,35,Male,New York,Credit Card,5%
T1021,08-06-2023,P033,Foot Cream,Skincare,2,15,30,C1021,18,Male,Chicago,Cash,15%
T4321,08-06-2023,P020,Elderberry Syrup,Medicine,2,22,44,C4321,19,Male,Chicago,Debit Card,10%
T0983,09-06-2023,P035,Anti-Wrinkle Cream,Skincare,5,45,225,C0983,46,Male,Los Angeles,Mobile Payment,0%
T3162,09-06-2023,P027,All-Purpose Ointment,Medicine,5,6,30,C3162,33,Male,Los Angeles,Credit Card,5%
T0065,10-06-2023,P033,Foot Cream,Skincare,1,15,15,C0065,27,Male,Houston,Credit Card,15%
T0513,10-06-2023,P015,Protein Powder,Nutrition,2,25,50,C0513,58,Female,Los Angeles,Credit Card,5%
T0461,10-06-2023,P026,Muscle Relaxant Cream,Medicine,4,25,100,C0461,45,Male,Boston,Cash,0%
T0402,10-06-2023,P007,Diabetic Test Strips,Medical Equipment,2,50,100,C0402,33,Female,Los Angeles,Cash,10%
T2933,10-06-2023,P034,Hair Growth Serum,Haircare,5,28,140,C2933,51,Female,New York,Cash,15%
T1643,11-06-2023,P015,Protein Powder,Nutrition,3,25,75,C1643,29,Female,Boston,Mobile Payment,10%
T1988,12-06-2023,P040,Hair Conditioner,Haircare,2,13,26,C1988,50,Male,Houston,Credit Card,10%
T1155,12-06-2023,P026,Muscle Relaxant Cream,Medicine,4,25,100,C1155,60,Female,Chicago,Credit Card,0%
T1850,14-06-2023,P040,Hair Conditioner,Haircare,2,13,26,C1850,44,Male,New York,Mobile Payment,0%
T1571,14-06-2023,P031,Hydration Powder,Nutrition,3,7,21,C1571,55,Female,New York,Cash,10%
T3781,14-06-2023,P003,Cold Syrup,Medicine,3,8,24,C3781,52,Female,Boston,Cash,10%
T2261,14-06-2023,P016,Energy Drink,Beverage,2,5,10,C2261,35,Female,Houston,Mobile Payment,0%
T0339,14-06-2023,P050,Ear Drops,Medicine,1,6,6,C0339,61,Female,San Francisco,Credit Card,10%
T1801,14-06-2023,P020,Elderberry Syrup,Medicine,4,22,88,C1801,56,Male,Denver,Cash,5%
T4331,15-06-2023,P050,Ear Drops,Medicine,1,6,6,C4331,21,Male,Boston,Debit Card,0%
T4936,15-06-2023,P014,Calcium Tablets,Supplement,4,15,60,C4936,65,Male,New York,Credit Card,15%
T3932,15-06-2023,P001,Pain Relief Capsule,Medicine,1,10,10,C3932,46,Male,Denver,Mobile Payment,5%
T3369,16-06-2023,P036,Tea Tree Oil,Skincare,4,12,48,C3369,21,Female,New York,Credit Card,5%
T0991,16-06-2023,P023,Acne Treatment Gel,Skincare,2,16,32,C0991,52,Female,Seattle,Cash,15%
T2452,16-06-2023,P019,Aloe Vera Gel,Skincare,5,8,40,C2452,41,Female,New York,Mobile Payment,10%
T2066,17-06-2023,P024,Collagen Powder,Supplement,3,30,90,C2066,39,Female,Chicago,Mobile Payment,5%
T4002,17-06-2023,P021,Hand Sanitizer,Hygiene,4,3,12,C4002,57,Female,Denver,Debit Card,0%
T2418,17-06-2023,P039,Nasal Spray,Medicine,1,8,8,C2418,60,Female,Seattle,Debit Card,0%
T1602,18-06-2023,P021,Hand Sanitizer,Hygiene,5,3,15,C1602,46,Male,Los Angeles,Mobile Payment,15%
T3799,18-06-2023,P041,Digestive Enzymes,Supplement,3,18,54,C3799,43,Female,Los Angeles,Credit Card,15%
T4740,19-06-2023,P004,Anti-Allergy Cream,Skincare,5,25,125,C4740,61,Female,Chicago,Credit Card,10%
T1204,20-06-2023,P028,Omega-3 Capsules,Supplement,5,22,110,C1204,62,Male,Denver,Cash,5%
T3591,20-06-2023,P034,Hair Growth Serum,Haircare,1,28,28,C3591,50,Female,Houston,Debit Card,10%
T3170,20-06-2023,P002,Multivitamin Tablet,Supplement,3,15,45,C3170,34,Male,San Francisco,Credit Card,0%
T0778,20-06-2023,P019,Aloe Vera Gel,Skincare,1,8,8,C0778,48,Male,San Francisco,Cash,0%
T4915,21-06-2023,P036,Tea Tree Oil,Skincare,1,12,12,C4915,25,Male,Boston,Credit Card,5%
T2813,21-06-2023,P019,Aloe Vera Gel,Skincare,1,8,8,C2813,43,Female,Houston,Cash,10%
T2877,22-06-2023,P036,Tea Tree Oil,Skincare,2,12,24,C2877,32,Male,Miami,Mobile Payment,0%
T2264,22-06-2023,P005,Vitamin D3 Supplement,Supplement,1,12,12,C2264,32,Female,Chicago,Credit Card,10%
T4234,22-06-2023,P002,Multivitamin Tablet,Supplement,5,15,75,C4234,32,Female,Chicago,Debit Card,10%
T4157,23-06-2023,P023,Acne Treatment Gel,Skincare,4,16,64,C4157,36,Female,Boston,Mobile Payment,15%
T0176,23-06-2023,P049,Antifungal Powder,Medicine,5,10,50,C0176,31,Male,New York,Credit Card,10%
T3087,23-06-2023,P044,Joint Health Tablets,Supplement,5,32,160,C3087,38,Male,Los Angeles,Mobile Payment,10%
T3230,23-06-2023,P001,Pain Relief Capsule,Medicine,4,10,40,C3230,51,Female,Miami,Cash,0%
T0310,23-06-2023,P030,Heart Health Supplement,Supplement,2,35,70,C0310,33,Female,Chicago,Cash,5%
T0878,25-06-2023,P037,Natural Deodorant,Hygiene,3,9,27,C0878,38,Male,New York,Credit Card,5%
T3995,26-06-2023,P048,Hydrocortisone Cream,Medicine,5,5,25,C3995,43,Male,Seattle,Cash,0%
T2414,26-06-2023,P007,Diabetic Test Strips,Medical Equipment,3,50,150,C2414,52,Female,Seattle,Debit Card,5%
T3178,26-06-2023,P028,Omega-3 Capsules,Supplement,2,22,44,C3178,22,Female,Houston,Credit Card,0%
T1814,26-06-2023,P017,Anti-Dandruff Shampoo,Haircare,1,14,14,C1814,41,Male,Los Angeles,Credit Card,15%
T3664,26-06-2023,P044,Joint Health Tablets,Supplement,3,32,96,C3664,54,Female,Chicago,Mobile Payment,10%
T0783,26-06-2023,P042,Green Tea Capsules,Supplement,3,10,30,C0783,41,Female,Miami,Credit Card,10%
T4818,27-06-2023,P015,Protein Powder,Nutrition,4,25,100,C4818,55,Female,Boston,Credit Card,15%
T1401,28-06-2023,P006,Cough Drops,Medicine,1,2.5,2.5,C1401,64,Male,New York,Mobile Payment,0%
T1863,28-06-2023,P046,Sunblock Cream,Skincare,3,20,60,C1863,59,Female,Denver,Debit Card,0%
T3732,29-06-2023,P047,Coconut Oil,Haircare,4,12,48,C3732,19,Male,New York,Mobile Payment,10%
T4108,29-06-2023,P033,Foot Cream,Skincare,1,15,15,C4108,56,Male,Seattle,Cash,0%
T4872,30-06-2023,P036,Tea Tree Oil,Skincare,4,12,48,C4872,37,Male,Los Angeles,Cash,10%
T1470,30-06-2023,P009,Antibacterial Handwash,Hygiene,1,5,5,C1470,60,Male,New York,Cash,5%
T3931,30-06-2023,P049,Antifungal Powder,Medicine,2,10,20,C3931,31,Female,Seattle,Cash,0%
T2486,30-06-2023,P011,Herbal Shampoo,Haircare,4,12,48,C2486,43,Female,Denver,Mobile Payment,0%
T1105,30-06-2023,P027,All-Purpose Ointment,Medicine,4,6,24,C1105,23,Female,New York,Cash,5%
T3359,01-07-2023,P041,Digestive Enzymes,Supplement,5,18,90,C3359,53,Male,Boston,Cash,15%
T4147,02-07-2023,P030,Heart Health Supplement,Supplement,3,35,105,C4147,53,Male,New York,Credit Card,15%
T4151,02-07-2023,P025,Eye Drops,Medicine,3,12,36,C4151,44,Female,Los Angeles,Cash,5%
T3051,02-07-2023,P024,Collagen Powder,Supplement,2,30,60,C3051,23,Female,San Francisco,Cash,5%
T0173,02-07-2023,P027,All-Purpose Ointment,Medicine,5,6,30,C0173,35,Male,New York,Credit Card,15%
T1212,03-07-2023,P028,Omega-3 Capsules,Supplement,3,22,66,C1212,54,Female,New York,Mobile Payment,0%
T4524,04-07-2023,P017,Anti-Dandruff Shampoo,Haircare,4,14,56,C4524,37,Male,Boston,Credit Card,10%
T2249,04-07-2023,P046,Sunblock Cream,Skincare,3,20,60,C2249,58,Male,Boston,Cash,10%
T1233,05-07-2023,P036,Tea Tree Oil,Skincare,4,12,48,C1233,52,Male,Miami,Mobile Payment,5%
T4117,06-07-2023,P029,Zinc Supplement,Supplement,3,10,30,C4117,53,Male,Miami,Debit Card,5%
T0022,06-07-2023,P011,Herbal Shampoo,Haircare,5,12,60,C0022,46,Female,Denver,Cash,10%
T4161,06-07-2023,P034,Hair Growth Serum,Haircare,4,28,112,C4161,24,Female,Los Angeles,Mobile Payment,15%
T0569,07-07-2023,P021,Hand Sanitizer,Hygiene,3,3,9,C0569,56,Male,New York,Cash,15%
T0261,07-07-2023,P009,Antibacterial Handwash,Hygiene,2,5,10,C0261,60,Female,San Francisco,Credit Card,0%
T0156,08-07-2023,P035,Anti-Wrinkle Cream,Skincare,2,45,90,C0156,21,Male,Houston,Cash,15%
T1624,08-07-2023,P038,Liver Health Supplement,Supplement,2,20,40,C1624,31,Male,Boston,Cash,5%
T3262,08-07-2023,P043,Pain Relief Patch,Medicine,4,7,28,C3262,50,Male,Houston,Mobile Payment,0%
T2157,08-07-2023,P022,Toothpaste,Hygiene,4,4,16,C2157,56,Male,Seattle,Cash,15%
T0725,08-07-2023,P010,Lip Balm,Skincare,3,7,21,C0725,28,Female,Los Angeles,Mobile Payment,5%
T1694,09-07-2023,P009,Antibacterial Handwash,Hygiene,4,5,20,C1694,38,Female,Denver,Debit Card,15%
T0351,10-07-2023,P047,Coconut Oil,Haircare,2,12,24,C0351,33,Male,Boston,Debit Card,0%
T4084,10-07-2023,P040,Hair Conditioner,Haircare,4,13,52,C4084,46,Male,Denver,Debit Card,15%
T3443,11-07-2023,P009,Antibacterial Handwash,Hygiene,5,5,25,C3443,65,Female,Chicago,Cash,0%
T2555,11-07-2023,P025,Eye Drops,Medicine,2,12,24,C2555,28,Male,Houston,Mobile Payment,15%
T3111,12-07-2023,P025,Eye Drops,Medicine,5,12,60,C3111,57,Female,Seattle,Credit Card,0%
T2769,13-07-2023,P003,Cold Syrup,Medicine,2,8,16,C2769,33,Male,San Francisco,Credit Card,15%
T0715,16-07-2023,P004,Anti-Allergy Cream,Skincare,1,25,25,C0715,40,Female,Boston,Cash,0%
T0886,16-07-2023,P036,Tea Tree Oil,Skincare,2,12,24,C0886,29,Male,Boston,Debit Card,10%
T3244,16-07-2023,P023,Acne Treatment Gel,Skincare,2,16,32,C3244,38,Male,San Francisco,Credit Card,10%
T2287,16-07-2023,P012,Organic Face Wash,Skincare,5,10,50,C2287,27,Male,Seattle,Credit Card,15%
T1469,17-07-2023,P043,Pain Relief Patch,Medicine,5,7,35,C1469,26,Female,Houston,Debit Card,15%
T4314,19-07-2023,P039,Nasal Spray,Medicine,4,8,32,C4314,46,Female,Miami,Cash,5%
T4463,19-07-2023,P049,Antifungal Powder,Medicine,1,10,10,C4463,33,Male,Boston,Cash,10%
T1184,19-07-2023,P033,Foot Cream,Skincare,2,15,30,C1184,37,Male,Denver,Credit Card,5%
T1523,19-07-2023,P032,Caffeine Pills,Supplement,3,5,15,C1523,49,Male,Los Angeles,Debit Card,5%
T4135,20-07-2023,P012,Organic Face Wash,Skincare,3,10,30,C4135,23,Male,Seattle,Cash,0%
T3441,21-07-2023,P033,Foot Cream,Skincare,3,15,45,C3441,41,Female,Seattle,Debit Card,15%
T4335,22-07-2023,P044,Joint Health Tablets,Supplement,2,32,64,C4335,46,Male,San Francisco,Debit Card,10%
T2127,22-07-2023,P024,Collagen Powder,Supplement,4,30,120,C2127,32,Female,Boston,Cash,0%
T3730,23-07-2023,P023,Acne Treatment Gel,Skincare,3,16,48,C3730,52,Male,Los Angeles,Debit Card,10%
T1403,25-07-2023,P022,Toothpaste,Hygiene,3,4,12,C1403,32,Male,Chicago,Cash,10%
T3511,25-07-2023,P005,Vitamin D3 Supplement,Supplement,5,12,60,C3511,33,Female,New York,Cash,10%
T2446,25-07-2023,P002,Multivitamin Tablet,Supplement,4,15,60,C2446,59,Female,Denver,Credit Card,15%
T0057,25-07-2023,P019,Aloe Vera Gel,Skincare,4,8,32,C0057,31,Female,Chicago,Mobile Payment,10%
T2347,25-07-2023,P034,Hair Growth Serum,Haircare,4,28,112,C2347,37,Male,New York,Debit Card,10%
T4812,26-07-2023,P005,Vitamin D3 Supplement,Supplement,4,12,48,C4812,54,Female,San Francisco,Cash,10%
T3971,26-07-2023,P039,Nasal Spray,Medicine,2,8,16,C3971,43,Male,New York,Credit Card,10%
T4243,26-07-2023,P025,Eye Drops,Medicine,3,12,36,C4243,48,Female,Los Angeles,Cash,5%
T2709,27-07-2023,P010,Lip Balm,Skincare,2,7,14,C2709,60,Male,Miami,Cash,15%
T2119,27-07-2023,P015,Protein Powder,Nutrition,3,25,75,C2119,56,Female,Los Angeles,Mobile Payment,10%
T4564,27-07-2023,P041,Digestive Enzymes,Supplement,5,18,90,C4564,59,Female,New York,Cash,0%
T1774,28-07-2023,P008,Fish Oil Capsules,Supplement,4,18,72,C1774,56,Male,Seattle,Cash,10%
T4841,28-07-2023,P017,Anti-Dandruff Shampoo,Haircare,2,14,28,C4841,43,Female,Houston,Cash,0%
T0144,28-07-2023,P017,Anti-Dandruff Shampoo,Haircare,2,14,28,C0144,37,Female,Chicago,Credit Card,15%
T1257,28-07-2023,P042,Green Tea Capsules,Supplement,1,10,10,C1257,54,Female,Miami,Credit Card,10%
T3035,29-07-2023,P023,Acne Treatment Gel,Skincare,2,16,32,C3035,56,Male,Denver,Credit Card,0%
T4205,29-07-2023,P043,Pain Relief Patch,Medicine,5,7,35,C4205,44,Male,Los Angeles,Credit Card,5%
T4219,29-07-2023,P050,Ear Drops,Medicine,2,6,12,C4219,33,Female,Boston,Credit Card,5%
T2099,29-07-2023,P003,Cold Syrup,Medicine,4,8,32,C2099,44,Male,San Francisco,Debit Card,0%
T3102,30-07-2023,P021,Hand Sanitizer,Hygiene,2,3,6,C3102,38,Female,Chicago,Debit Card,0%
T3069,30-07-2023,P043,Pain Relief Patch,Medicine,5,7,35,C3069,24,Male,Denver,Credit Card,15%
T4688,30-07-2023,P005,Vitamin D3 Supplement,Supplement,2,12,24,C4688,37,Female,Chicago,Credit Card,15%
T2546,30-07-2023,P018,Moisturizing Lotion,Skincare,4,18,72,C2546,44,Female,San Francisco,Cash,0%
T2470,30-07-2023,P026,Muscle Relaxant Cream,Medicine,3,25,75,C2470,52,Male,Miami,Mobile Payment,5%
T4602,30-07-2023,P048,Hydrocortisone Cream,Medicine,1,5,5,C4602,64,Female,New York,Cash,10%
T0003,31-07-2023,P032,Caffeine Pills,Supplement,4,5,20,C0003,63,Male,New York,Cash,0%
T0132,31-07-2023,P020,Elderberry Syrup,Medicine,3,22,66,C0132,47,Male,Denver,Cash,15%
T2370,01-08-2023,P004,Anti-Allergy Cream,Skincare,3,25,75,C2370,35,Female,Chicago,Credit Card,15%
T3662,01-08-2023,P025,Eye Drops,Medicine,4,12,48,C3662,31,Female,Chicago,Credit Card,0%
T4158,02-08-2023,P038,Liver Health Supplement,Supplement,2,20,40,C4158,28,Male,Boston,Credit Card,10%
T4633,03-08-2023,P025,Eye Drops,Medicine,3,12,36,C4633,62,Male,Houston,Credit Card,0%
T1752,04-08-2023,P039,Nasal Spray,Medicine,3,8,24,C1752,56,Male,San Francisco,Mobile Payment,10%
T1589,04-08-2023,P025,Eye Drops,Medicine,2,12,24,C1589,18,Male,Denver,Cash,5%
T4635,04-08-2023,P044,Joint Health Tablets,Supplement,4,32,128,C4635,64,Male,Los Angeles,Cash,0%
T3824,05-08-2023,P047,Coconut Oil,Haircare,2,12,24,C3824,21,Male,New York,Mobile Payment,5%
T2739,05-08-2023,P009,Antibacterial Handwash,Hygiene,4,5,20,C2739,47,Female,Chicago,Debit Card,0%
T3903,06-08-2023,P010,Lip Balm,Skincare,3,7,21,C3903,43,Female,Denver,Mobile Payment,0%
T2011,06-08-2023,P003,Cold Syrup,Medicine,3,8,24,C2011,28,Female,New York,Debit Card,10%
T0317,06-08-2023,P019,Aloe Vera Gel,Skincare,2,8,16,C0317,36,Female,Houston,Mobile Payment,10%
T4028,06-08-2023,P017,Anti-Dandruff Shampoo,Haircare,4,14,56,C4028,40,Male,Miami,Credit Card,15%
T0408,07-08-2023,P016,Energy Drink,Beverage,1,5,5,C0408,23,Male,Chicago,Credit Card,10%
T4771,07-08-2023,P011,Herbal Shampoo,Haircare,4,12,48,C4771,36,Female,Seattle,Mobile Payment,10%
T3486,08-08-2023,P004,Anti-Allergy Cream,Skincare,4,25,100,C3486,21,Male,Boston,Cash,0%
T1650,08-08-2023,P038,Liver Health Supplement,Supplement,3,20,60,C1650,65,Male,Seattle,Debit Card,15%
T2501,08-08-2023,P044,Joint Health Tablets,Supplement,5,32,160,C2501,22,Male,San Francisco,Credit Card,5%
T3553,09-08-2023,P004,Anti-Allergy Cream,Skincare,2,25,50,C3553,37,Female,Seattle,Debit Card,5%
T3558,11-08-2023,P026,Muscle Relaxant Cream,Medicine,1,25,25,C3558,65,Female,Los Angeles,Cash,5%
T1414,11-08-2023,P039,Nasal Spray,Medicine,4,8,32,C1414,61,Female,Denver,Cash,15%
T1263,11-08-2023,P037,Natural Deodorant,Hygiene,3,9,27,C1263,38,Female,Chicago,Cash,0%
T1113,12-08-2023,P034,Hair Growth Serum,Haircare,1,28,28,C1113,58,Male,Los Angeles,Debit Card,10%
T0872,12-08-2023,P032,Caffeine Pills,Supplement,4,5,20,C0872,37,Male,Los Angeles,Debit Card,5%
T4385,13-08-2023,P023,Acne Treatment Gel,Skincare,1,16,16,C4385,58,Male,Los Angeles,Debit Card,10%
T2428,14-08-2023,P046,Sunblock Cream,Skincare,1,20,20,C2428,37,Female,Chicago,Credit Card,0%
T2611,14-08-2023,P020,Elderberry Syrup,Medicine,4,22,88,C2611,27,Female,Denver,Credit Card,10%
T3406,15-08-2023,P003,Cold Syrup,Medicine,1,8,8,C3406,55,Male,Los Angeles,Debit Card,10%
T1638,16-08-2023,P004,Anti-Allergy Cream,Skincare,4,25,100,C1638,65,Male,Houston,Mobile Payment,10%
T2339,17-08-2023,P008,Fish Oil Capsules,Supplement,4,18,72,C2339,64,Male,New York,Mobile Payment,15%
T0188,17-08-2023,P022,Toothpaste,Hygiene,3,4,12,C0188,40,Male,New York,Cash,0%
T0936,17-08-2023,P027,All-Purpose Ointment,Medicine,1,6,6,C0936,61,Male,Chicago,Cash,0%
T4529,17-08-2023,P014,Calcium Tablets,Supplement,4,15,60,C4529,52,Male,Chicago,Mobile Payment,10%
T0607,17-08-2023,P008,Fish Oil Capsules,Supplement,3,18,54,C0607,30,Female,Boston,Debit Card,10%
T2801,18-08-2023,P034,Hair Growth Serum,Haircare,4,28,112,C2801,26,Male,Denver,Cash,0%
T4217,18-08-2023,P018,Moisturizing Lotion,Skincare,1,18,18,C4217,41,Male,Denver,Cash,10%
T3594,18-08-2023,P016,Energy Drink,Beverage,3,5,15,C3594,21,Female,Miami,Credit Card,0%
T4098,18-08-2023,P009,Antibacterial Handwash,Hygiene,1,5,5,C4098,52,Male,Seattle,Debit Card,15%
T1517,19-08-2023,P024,Collagen Powder,Supplement,1,30,30,C1517,61,Male,Miami,Cash,10%
T0083,20-08-2023,P003,Cold Syrup,Medicine,1,8,8,C0083,26,Female,Seattle,Mobile Payment,15%
T0152,21-08-2023,P014,Calcium Tablets,Supplement,3,15,45,C0152,25,Male,Chicago,Cash,15%
T4366,21-08-2023,P049,Antifungal Powder,Medicine,3,10,30,C4366,51,Male,Boston,Cash,5%
T0868,23-08-2023,P010,Lip Balm,Skincare,1,7,7,C0868,47,Female,New York,Cash,15%
T1382,23-08-2023,P043,Pain Relief Patch,Medicine,2,7,14,C1382,63,Female,Seattle,Mobile Payment,10%
T0729,23-08-2023,P027,All-Purpose Ointment,Medicine,5,6,30,C0729,35,Male,Denver,Credit Card,10%
T2223,23-08-2023,P017,Anti-Dandruff Shampoo,Haircare,2,14,28,C2223,52,Male,Seattle,Debit Card,15%
T2512,23-08-2023,P046,Sunblock Cream,Skincare,1,20,20,C2512,53,Male,Chicago,Mobile Payment,0%
T3330,24-08-2023,P036,Tea Tree Oil,Skincare,4,12,48,C3330,46,Male,New York,Cash,5%
T0532,24-08-2023,P002,Multivitamin Tablet,Supplement,2,15,30,C0532,48,Male,Chicago,Mobile Payment,15%
T1513,25-08-2023,P047,Coconut Oil,Haircare,1,12,12,C1513,27,Female,New York,Debit Card,0%
T4213,25-08-2023,P023,Acne Treatment Gel,Skincare,1,16,16,C4213,62,Female,San Francisco,Mobile Payment,0%
T1979,26-08-2023,P017,Anti-Dandruff Shampoo,Haircare,5,14,70,C1979,38,Female,Seattle,Debit Card,10%
T2746,26-08-2023,P012,Organic Face Wash,Skincare,5,10,50,C2746,54,Female,Houston,Cash,15%
T0808,27-08-2023,P040,Hair Conditioner,Haircare,5,13,65,C0808,43,Female,Seattle,Debit Card,0%
T0794,28-08-2023,P006,Cough Drops,Medicine,4,2.5,10,C0794,32,Female,New York,Credit Card,10%
T1024,28-08-2023,P012,Organic Face Wash,Skincare,3,10,30,C1024,32,Male,Seattle,Cash,10%
T0070,29-08-2023,P010,Lip Balm,Skincare,1,7,7,C0070,43,Male,Houston,Cash,10%
T3588,29-08-2023,P050,Ear Drops,Medicine,4,6,24,C3588,55,Female,Miami,Debit Card,5%
T0862,29-08-2023,P041,Digestive Enzymes,Supplement,2,18,36,C0862,34,Female,New York,Debit Card,5%
T3507,29-08-2023,P010,Lip Balm,Skincare,5,7,35,C3507,60,Male,Miami,Debit Card,0%
T0815,29-08-2023,P012,Organic Face Wash,Skincare,5,10,50,C0815,18,Female,Chicago,Cash,0%
T0643,30-08-2023,P035,Anti-Wrinkle Cream,Skincare,1,45,45,C0643,48,Male,Boston,Cash,0%
T3292,30-08-2023,P037,Natural Deodorant,Hygiene,5,9,45,C3292,27,Male,San Francisco,Credit Card,5%
T1521,30-08-2023,P016,Energy Drink,Beverage,3,5,15,C1521,24,Male,Los Angeles,Credit Card,5%
T4420,30-08-2023,P048,Hydrocortisone Cream,Medicine,3,5,15,C4420,30,Male,San Francisco,Credit Card,15%
T2024,30-08-2023,P037,Natural Deodorant,Hygiene,4,9,36,C2024,36,Male,New York,Cash,0%
T4519,01-09-2023,P021,Hand Sanitizer,Hygiene,1,3,3,C4519,23,Male,San Francisco,Cash,5%
T2853,01-09-2023,P019,Aloe Vera Gel,Skincare,2,8,16,C2853,49,Female,San Francisco,Credit Card,5%
T4400,01-09-2023,P024,Collagen Powder,Supplement,5,30,150,C4400,37,Male,Los Angeles,Debit Card,0%
T1936,01-09-2023,P026,Muscle Relaxant Cream,Medicine,1,25,25,C1936,19,Female,Houston,Mobile Payment,0%
T0503,02-09-2023,P018,Moisturizing Lotion,Skincare,5,18,90,C0503,64,Male,Boston,Cash,5%
T3001,02-09-2023,P005,Vitamin D3 Supplement,Supplement,5,12,60,C3001,32,Male,Denver,Cash,5%
T1056,02-09-2023,P039,Nasal Spray,Medicine,1,8,8,C1056,58,Female,Miami,Credit Card,10%
T1468,02-09-2023,P002,Multivitamin Tablet,Supplement,5,15,75,C1468,24,Female,Boston,Credit Card,5%
T2648,03-09-2023,P036,Tea Tree Oil,Skincare,5,12,60,C2648,45,Female,Seattle,Credit Card,10%
T2388,03-09-2023,P003,Cold Syrup,Medicine,1,8,8,C2388,28,Male,Houston,Debit Card,10%
T4212,04-09-2023,P018,Moisturizing Lotion,Skincare,1,18,18,C4212,37,Male,Houston,Debit Card,15%
T3392,04-09-2023,P010,Lip Balm,Skincare,4,7,28,C3392,47,Female,Houston,Cash,15%
T2508,05-09-2023,P019,Aloe Vera Gel,Skincare,5,8,40,C2508,20,Male,Los Angeles,Cash,10%
T0319,05-09-2023,P001,Pain Relief Capsule,Medicine,1,10,10,C0319,57,Female,Seattle,Cash,15%
T1822,08-09-2023,P049,Antifungal Powder,Medicine,1,10,10,C1822,63,Male,San Francisco,Credit Card,10%
T4199,08-09-2023,P012,Organic Face Wash,Skincare,2,10,20,C4199,18,Female,New York,Mobile Payment,10%
T0076,08-09-2023,P019,Aloe Vera Gel,Skincare,5,8,40,C0076,30,Female,San Francisco,Mobile Payment,5%
T4598,08-09-2023,P023,Acne Treatment Gel,Skincare,1,16,16,C4598,27,Male,New York,Credit Card,5%
T3600,08-09-2023,P006,Cough Drops,Medicine,1,2.5,2.5,C3600,26,Female,Houston,Debit Card,0%
T3723,08-09-2023,P043,Pain Relief Patch,Medicine,4,7,28,C3723,39,Male,Houston,Credit Card,10%
T2494,08-09-2023,P008,Fish Oil Capsules,Supplement,3,18,54,C2494,19,Male,Los Angeles,Debit Card,10%
T1934,08-09-2023,P043,Pain Relief Patch,Medicine,2,7,14,C1934,21,Male,Boston,Cash,10%
T2067,09-09-2023,P017,Anti-Dandruff Shampoo,Haircare,2,14,28,C2067,57,Male,New York,Cash,10%
T3218,09-09-2023,P042,Green Tea Capsules,Supplement,5,10,50,C3218,21,Male,Los Angeles,Credit Card,10%
T4075,12-09-2023,P044,Joint Health Tablets,Supplement,1,32,32,C4075,26,Male,Seattle,Cash,0%
T0578,12-09-2023,P026,Muscle Relaxant Cream,Medicine,5,25,125,C0578,36,Male,Boston,Credit Card,15%
T1995,14-09-2023,P020,Elderberry Syrup,Medicine,4,22,88,C1995,20,Female,Miami,Debit Card,15%
T4897,14-09-2023,P023,Acne Treatment Gel,Skincare,3,16,48,C4897,62,Female,Boston,Debit Card,15%
T3445,14-09-2023,P013,Probiotic Supplement,Supplement,4,20,80,C3445,55,Male,Los Angeles,Credit Card,5%
T0075,14-09-2023,P020,Elderberry Syrup,Medicine,4,22,88,C0075,65,Male,Denver,Mobile Payment,10%
T4683,15-09-2023,P029,Zinc Supplement,Supplement,5,10,50,C4683,27,Female,Houston,Mobile Payment,15%
T0659,15-09-2023,P014,Calcium Tablets,Supplement,2,15,30,C0659,24,Female,Boston,Mobile Payment,5%
T1976,16-09-2023,P022,Toothpaste,Hygiene,4,4,16,C1976,56,Female,Houston,Credit Card,15%
T2069,16-09-2023,P047,Coconut Oil,Haircare,1,12,12,C2069,57,Female,Miami,Cash,0%
T0683,16-09-2023,P002,Multivitamin Tablet,Supplement,4,15,60,C0683,30,Female,Los Angeles,Debit Card,10%
T3313,17-09-2023,P001,Pain Relief Capsule,Medicine,1,10,10,C3313,53,Female,Seattle,Credit Card,15%
T2605,17-09-2023,P018,Moisturizing Lotion,Skincare,1,18,18,C2605,33,Female,Denver,Cash,10%
T1813,20-09-2023,P038,Liver Health Supplement,Supplement,4,20,80,C1813,64,Male,Miami,Credit Card,15%
T4858,20-09-2023,P044,Joint Health Tablets,Supplement,2,32,64,C4858,62,Male,Miami,Debit Card,10%
T3610,21-09-2023,P036,Tea Tree Oil,Skincare,4,12,48,C3610,32,Female,New York,Credit Card,15%
T1120,21-09-2023,P032,Caffeine Pills,Supplement,3,5,15,C1120,49,Female,New York,Mobile Payment,15%
T1999,21-09-2023,P040,Hair Conditioner,Haircare,1,13,13,C1999,40,Male,San Francisco,Credit Card,15%
T1715,21-09-2023,P023,Acne Treatment Gel,Skincare,5,16,80,C1715,58,Male,San Francisco,Credit Card,15%
T1711,21-09-2023,P020,Elderberry Syrup,Medicine,2,22,44,C1711,30,Female,Houston,Debit Card,15%
T4984,21-09-2023,P020,Elderberry Syrup,Medicine,3,22,66,C4984,43,Male,Denver,Debit Card,5%
T0795,22-09-2023,P042,Green Tea Capsules,Supplement,5,10,50,C0795,47,Male,Chicago,Credit Card,15%
T3790,22-09-2023,P014,Calcium Tablets,Supplement,5,15,75,C3790,27,Male,Houston,Credit Card,15%
T2006,23-09-2023,P035,Anti-Wrinkle Cream,Skincare,5,45,225,C2006,59,Female,New York,Mobile Payment,10%
T3687,23-09-2023,P001,Pain Relief Capsule,Medicine,5,10,50,C3687,28,Male,New York,Credit Card,5%
T0813,23-09-2023,P015,Protein Powder,Nutrition,4,25,100,C0813,47,Female,Los Angeles,Debit Card,15%
T0293,23-09-2023,P007,Diabetic Test Strips,Medical Equipment,3,50,150,C0293,39,Female,Chicago,Mobile Payment,15%
T3189,23-09-2023,P020,Elderberry Syrup,Medicine,3,22,66,C3189,30,Male,Los Angeles,Mobile Payment,0%
T4621,23-09-2023,P050,Ear Drops,Medicine,3,6,18,C4621,28,Male,Chicago,Cash,15%
T4528,24-09-2023,P027,All-Purpose Ointment,Medicine,2,6,12,C4528,46,Female,Houston,Cash,0%
T4009,24-09-2023,P005,Vitamin D3 Supplement,Supplement,4,12,48,C4009,30,Female,New York,Debit Card,10%
T1019,24-09-2023,P016,Energy Drink,Beverage,1,5,5,C1019,57,Male,Denver,Debit Card,0%
T2520,26-09-2023,P005,Vitamin D3 Supplement,Supplement,5,12,60,C2520,29,Male,Houston,Debit Card,15%
T0024,26-09-2023,P014,Calcium Tablets,Supplement,3,15,45,C0024,47,Male,San Francisco,Mobile Payment,5%
T2245,27-09-2023,P019,Aloe Vera Gel,Skincare,4,8,32,C2245,57,Male,Los Angeles,Debit Card,15%
T2171,27-09-2023,P046,Sunblock Cream,Skincare,3,20,60,C2171,22,Female,Los Angeles,Debit Card,15%
T4180,27-09-2023,P018,Moisturizing Lotion,Skincare,2,18,36,C4180,59,Female,Boston,Debit Card,5%
T4801,27-09-2023,P011,Herbal Shampoo,Haircare,1,12,12,C4801,23,Female,Chicago,Cash,15%
T4900,27-09-2023,P002,Multivitamin Tablet,Supplement,5,15,75,C4900,58,Male,Denver,Cash,10%
T2235,27-09-2023,P029,Zinc Supplement,Supplement,2,10,20,C2235,62,Female,Los Angeles,Mobile Payment,0%
T4294,28-09-2023,P036,Tea Tree Oil,Skincare,4,12,48,C4294,53,Female,San Francisco,Credit Card,5%
T0941,28-09-2023,P044,Joint Health Tablets,Supplement,3,32,96,C0941,28,Female,New York,Debit Card,10%
T0164,28-09-2023,P020,Elderberry Syrup,Medicine,2,22,44,C0164,63,Female,Los Angeles,Debit Card,0%
T0693,29-09-2023,P043,Pain Relief Patch,Medicine,3,7,21,C0693,52,Female,Denver,Credit Card,15%
T0200,29-09-2023,P013,Probiotic Supplement,Supplement,1,20,20,C0200,24,Male,Miami,Cash,15%
T3429,30-09-2023,P016,Energy Drink,Beverage,2,5,10,C3429,41,Female,New York,Credit Card,10%
T4961,01-10-2023,P031,Hydration Powder,Nutrition,4,7,28,C4961,29,Female,New York,Debit Card,5%
T2050,01-10-2023,P045,Vitamin C Serum,Skincare,4,25,100,C2050,36,Male,Boston,Mobile Payment,10%
T2528,01-10-2023,P013,Probiotic Supplement,Supplement,4,20,80,C2528,38,Male,Chicago,Cash,10%
T0253,02-10-2023,P036,Tea Tree Oil,Skincare,4,12,48,C0253,29,Male,Chicago,Credit Card,0%
T2740,02-10-2023,P046,Sunblock Cream,Skincare,5,20,100,C2740,58,Male,Miami,Cash,0%
T4187,02-10-2023,P004,Anti-Allergy Cream,Skincare,5,25,125,C4187,48,Female,Houston,Credit Card,0%
T1941,02-10-2023,P041,Digestive Enzymes,Supplement,2,18,36,C1941,49,Female,Chicago,Credit Card,15%
T3883,03-10-2023,P020,Elderberry Syrup,Medicine,5,22,110,C3883,59,Female,San Francisco,Cash,0%
T3243,03-10-2023,P003,Cold Syrup,Medicine,4,8,32,C3243,48,Male,Los Angeles,Mobile Payment,0%
T2715,03-10-2023,P033,Foot Cream,Skincare,5,15,75,C2715,62,Male,New York,Cash,5%
T4534,04-10-2023,P026,Muscle Relaxant Cream,Medicine,4,25,100,C4534,44,Male,Denver,Mobile Payment,10%
T0230,05-10-2023,P028,Omega-3 Capsules,Supplement,3,22,66,C0230,62,Male,New York,Cash,0%
T0352,05-10-2023,P014,Calcium Tablets,Supplement,3,15,45,C0352,43,Female,Miami,Credit Card,5%
T1712,06-10-2023,P008,Fish Oil Capsules,Supplement,5,18,90,C1712,47,Female,Houston,Cash,5%
T0640,06-10-2023,P033,Foot Cream,Skincare,3,15,45,C0640,37,Male,Los Angeles,Mobile Payment,5%
T2004,06-10-2023,P027,All-Purpose Ointment,Medicine,4,6,24,C2004,43,Female,Los Angeles,Credit Card,10%
T2161,06-10-2023,P023,Acne Treatment Gel,Skincare,4,16,64,C2161,38,Male,Miami,Mobile Payment,10%
T2344,06-10-2023,P024,Collagen Powder,Supplement,1,30,30,C2344,63,Female,Chicago,Mobile Payment,0%
T2874,07-10-2023,P015,Protein Powder,Nutrition,5,25,125,C2874,57,Male,Boston,Credit Card,5%
T4870,07-10-2023,P021,Hand Sanitizer,Hygiene,3,3,9,C4870,44,Male,Chicago,Credit Card,5%
T1560,07-10-2023,P034,Hair Growth Serum,Haircare,1,28,28,C1560,39,Male,Chicago,Mobile Payment,10%
T2702,08-10-2023,P029,Zinc Supplement,Supplement,4,10,40,C2702,56,Female,Boston,Debit Card,10%
T2471,08-10-2023,P034,Hair Growth Serum,Haircare,3,28,84,C2471,20,Male,Miami,Cash,0%
T0202,08-10-2023,P025,Eye Drops,Medicine,2,12,24,C0202,26,Female,Los Angeles,Mobile Payment,5%
T1529,08-10-2023,P050,Ear Drops,Medicine,3,6,18,C1529,51,Female,Seattle,Debit Card,10%
T1627,09-10-2023,P049,Antifungal Powder,Medicine,4,10,40,C1627,29,Female,Denver,Debit Card,0%
T4639,09-10-2023,P050,Ear Drops,Medicine,5,6,30,C4639,62,Female,Boston,Mobile Payment,10%
T2180,10-10-2023,P039,Nasal Spray,Medicine,4,8,32,C2180,37,Female,Denver,Credit Card,5%
T3478,10-10-2023,P004,Anti-Allergy Cream,Skincare,1,25,25,C3478,35,Male,Boston,Cash,15%
T2960,10-10-2023,P024,Collagen Powder,Supplement,2,30,60,C2960,61,Female,San Francisco,Mobile Payment,0%
T1764,10-10-2023,P002,Multivitamin Tablet,Supplement,4,15,60,C1764,40,Female,Houston,Cash,0%
T0998,10-10-2023,P026,Muscle Relaxant Cream,Medicine,5,25,125,C0998,20,Male,New York,Debit Card,15%
T4164,10-10-2023,P009,Antibacterial Handwash,Hygiene,4,5,20,C4164,37,Male,New York,Mobile Payment,15%
T4620,11-10-2023,P032,Caffeine Pills,Supplement,5,5,25,C4620,65,Male,Seattle,Debit Card,0%
T3449,11-10-2023,P006,Cough Drops,Medicine,4,2.5,10,C3449,65,Female,San Francisco,Debit Card,0%
T0957,11-10-2023,P011,Herbal Shampoo,Haircare,5,12,60,C0957,35,Male,New York,Mobile Payment,0%
T2286,12-10-2023,P047,Coconut Oil,Haircare,4,12,48,C2286,34,Female,San Francisco,Credit Card,5%
T4073,12-10-2023,P001,Pain Relief Capsule,Medicine,3,10,30,C4073,29,Female,San Francisco,Mobile Payment,5%
T0355,12-10-2023,P049,Antifungal Powder,Medicine,2,10,20,C0355,44,Male,Chicago,Mobile Payment,5%
T4511,13-10-2023,P020,Elderberry Syrup,Medicine,2,22,44,C4511,27,Male,Los Angeles,Cash,10%
T2210,14-10-2023,P026,Muscle Relaxant Cream,Medicine,3,25,75,C2210,21,Male,Houston,Debit Card,0%
T2358,14-10-2023,P009,Antibacterial Handwash,Hygiene,5,5,25,C2358,33,Male,Houston,Cash,15%
T4547,14-10-2023,P030,Heart Health Supplement,Supplement,3,35,105,C4547,60,Female,New York,Mobile Payment,5%
T1466,15-10-2023,P014,Calcium Tablets,Supplement,4,15,60,C1466,34,Female,New York,Debit Card,0%
T0994,15-10-2023,P014,Calcium Tablets,Supplement,3,15,45,C0994,26,Female,New York,Credit Card,10%
T1522,15-10-2023,P027,All-Purpose Ointment,Medicine,1,6,6,C1522,29,Male,Los Angeles,Credit Card,0%
T1041,15-10-2023,P026,Muscle Relaxant Cream,Medicine,2,25,50,C1041,53,Male,Seattle,Debit Card,5%
T3851,15-10-2023,P045,Vitamin C Serum,Skincare,2,25,50,C3851,39,Female,Denver,Mobile Payment,5%
T1677,16-10-2023,P043,Pain Relief Patch,Medicine,5,7,35,C1677,22,Male,Houston,Debit Card,10%
T1665,16-10-2023,P037,Natural Deodorant,Hygiene,5,9,45,C1665,39,Male,Miami,Cash,0%
T0520,16-10-2023,P039,Nasal Spray,Medicine,2,8,16,C0520,39,Male,Boston,Debit Card,15%
T0195,16-10-2023,P006,Cough Drops,Medicine,5,2.5,12.5,C0195,31,Male,Denver,Cash,10%
T3467,16-10-2023,P009,Antibacterial Handwash,Hygiene,2,5,10,C3467,29,Female,Boston,Cash,0%
T3151,17-10-2023,P024,Collagen Powder,Supplement,3,30,90,C3151,61,Female,Los Angeles,Mobile Payment,0%
T1402,17-10-2023,P038,Liver Health Supplement,Supplement,1,20,20,C1402,39,Female,Houston,Mobile Payment,10%
T1907,18-10-2023,P038,Liver Health Supplement,Supplement,1,20,20,C1907,30,Female,Boston,Cash,10%
T0946,18-10-2023,P045,Vitamin C Serum,Skincare,1,25,25,C0946,18,Male,Los Angeles,Credit Card,10%
T3987,19-10-2023,P035,Anti-Wrinkle Cream,Skincare,2,45,90,C3987,28,Female,Seattle,Debit Card,15%
T2764,20-10-2023,P006,Cough Drops,Medicine,2,2.5,5,C2764,44,Male,San Francisco,Mobile Payment,0%
T1115,20-10-2023,P005,Vitamin D3 Supplement,Supplement,3,12,36,C1115,58,Female,New York,Mobile Payment,15%
T1252,20-10-2023,P048,Hydrocortisone Cream,Medicine,4,5,20,C1252,50,Female,Denver,Cash,0%
T3172,20-10-2023,P047,Coconut Oil,Haircare,4,12,48,C3172,20,Female,Chicago,Debit Card,5%
T0489,20-10-2023,P021,Hand Sanitizer,Hygiene,5,3,15,C0489,31,Male,Houston,Credit Card,10%
T2058,20-10-2023,P045,Vitamin C Serum,Skincare,3,25,75,C2058,19,Male,San Francisco,Mobile Payment,15%
T2166,21-10-2023,P030,Heart Health Supplement,Supplement,2,35,70,C2166,40,Female,Denver,Debit Card,0%
T2191,21-10-2023,P018,Moisturizing Lotion,Skincare,2,18,36,C2191,56,Male,New York,Debit Card,5%
T2209,21-10-2023,P038,Liver Health Supplement,Supplement,1,20,20,C2209,56,Female,Miami,Cash,10%
T0108,21-10-2023,P029,Zinc Supplement,Supplement,5,10,50,C0108,24,Female,Miami,Cash,10%
T2888,22-10-2023,P015,Protein Powder,Nutrition,2,25,50,C2888,28,Female,San Francisco,Mobile Payment,10%
T1230,22-10-2023,P019,Aloe Vera Gel,Skincare,5,8,40,C1230,63,Male,San Francisco,Mobile Payment,5%
T0031,23-10-2023,P014,Calcium Tablets,Supplement,4,15,60,C0031,41,Female,San Francisco,Cash,10%
T4167,23-10-2023,P044,Joint Health Tablets,Supplement,5,32,160,C4167,53,Female,Seattle,Debit Card,15%
T2033,23-10-2023,P011,Herbal Shampoo,Haircare,1,12,12,C2033,51,Female,Denver,Debit Card,5%
T2895,25-10-2023,P019,Aloe Vera Gel,Skincare,1,8,8,C2895,32,Male,Seattle,Mobile Payment,10%
T3670,25-10-2023,P014,Calcium Tablets,Supplement,1,15,15,C3670,43,Female,Houston,Debit Card,0%
T0949,25-10-2023,P019,Aloe Vera Gel,Skincare,5,8,40,C0949,45,Male,Chicago,Credit Card,5%
T0952,26-10-2023,P029,Zinc Supplement,Supplement,5,10,50,C0952,58,Female,Miami,Credit Card,15%
T0240,26-10-2023,P014,Calcium Tablets,Supplement,2,15,30,C0240,65,Female,Miami,Debit Card,10%
T0142,26-10-2023,P048,Hydrocortisone Cream,Medicine,3,5,15,C0142,39,Male,Los Angeles,Debit Card,5%
T0120,26-10-2023,P023,Acne Treatment Gel,Skincare,2,16,32,C0120,26,Female,Houston,Credit Card,5%
T4891,26-10-2023,P021,Hand Sanitizer,Hygiene,1,3,3,C4891,53,Female,Los Angeles,Mobile Payment,0%
T3376,27-10-2023,P028,Omega-3 Capsules,Supplement,5,22,110,C3376,29,Male,Seattle,Mobile Payment,5%
T2971,27-10-2023,P009,Antibacterial Handwash,Hygiene,2,5,10,C2971,43,Female,Los Angeles,Mobile Payment,0%
T1040,27-10-2023,P040,Hair Conditioner,Haircare,3,13,39,C1040,50,Male,Denver,Mobile Payment,5%
T4081,28-10-2023,P019,Aloe Vera Gel,Skincare,5,8,40,C4081,24,Female,San Francisco,Mobile Payment,0%
T3411,28-10-2023,P029,Zinc Supplement,Supplement,2,10,20,C3411,54,Male,Los Angeles,Mobile Payment,0%
T2391,28-10-2023,P032,Caffeine Pills,Supplement,2,5,10,C2391,37,Female,Boston,Credit Card,15%
T0255,29-10-2023,P014,Calcium Tablets,Supplement,5,15,75,C0255,64,Female,Los Angeles,Credit Card,15%
T1568,29-10-2023,P012,Organic Face Wash,Skincare,1,10,10,C1568,40,Male,Miami,Mobile Payment,5%
T2483,29-10-2023,P002,Multivitamin Tablet,Supplement,5,15,75,C2483,33,Male,San Francisco,Credit Card,10%
T4357,29-10-2023,P026,Muscle Relaxant Cream,Medicine,1,25,25,C4357,29,Female,Seattle,Mobile Payment,5%
T3879,30-10-2023,P020,Elderberry Syrup,Medicine,2,22,44,C3879,41,Male,Boston,Debit Card,5%
T0943,31-10-2023,P018,Moisturizing Lotion,Skincare,4,18,72,C0943,37,Female,Seattle,Cash,5%
T2953,31-10-2023,P020,Elderberry Syrup,Medicine,4,22,88,C2953,40,Male,New York,Cash,5%
T4643,31-10-2023,P042,Green Tea Capsules,Supplement,2,10,20,C4643,39,Male,Chicago,Mobile Payment,10%
T2148,31-10-2023,P007,Diabetic Test Strips,Medical Equipment,4,50,200,C2148,48,Female,Los Angeles,Debit Card,10%
T0849,01-11-2023,P012,Organic Face Wash,Skincare,2,10,20,C0849,31,Male,Houston,Debit Card,5%
T0434,01-11-2023,P034,Hair Growth Serum,Haircare,2,28,56,C0434,40,Male,Miami,Mobile Payment,15%
T2883,01-11-2023,P014,Calcium Tablets,Supplement,5,15,75,C2883,20,Female,Los Angeles,Credit Card,10%
T0367,01-11-2023,P005,Vitamin D3 Supplement,Supplement,3,12,36,C0367,44,Male,Boston,Mobile Payment,10%
T0966,02-11-2023,P049,Antifungal Powder,Medicine,1,10,10,C0966,56,Female,Chicago,Credit Card,10%
T0167,02-11-2023,P042,Green Tea Capsules,Supplement,5,10,50,C0167,19,Female,Chicago,Mobile Payment,0%
T4226,04-11-2023,P015,Protein Powder,Nutrition,1,25,25,C4226,18,Female,Seattle,Mobile Payment,5%
T0505,05-11-2023,P001,Pain Relief Capsule,Medicine,3,10,30,C0505,29,Female,Boston,Cash,15%
T2329,06-11-2023,P028,Omega-3 Capsules,Supplement,1,22,22,C2329,22,Female,Seattle,Debit Card,10%
T4695,06-11-2023,P025,Eye Drops,Medicine,1,12,12,C4695,36,Male,Houston,Debit Card,0%
T0608,06-11-2023,P011,Herbal Shampoo,Haircare,4,12,48,C0608,25,Female,Denver,Cash,15%
T2408,06-11-2023,P013,Probiotic Supplement,Supplement,4,20,80,C2408,55,Female,New York,Cash,0%
T4078,07-11-2023,P015,Protein Powder,Nutrition,5,25,125,C4078,50,Female,Denver,Debit Card,5%
T4646,07-11-2023,P021,Hand Sanitizer,Hygiene,3,3,9,C4646,21,Male,Seattle,Credit Card,0%
T0292,08-11-2023,P026,Muscle Relaxant Cream,Medicine,3,25,75,C0292,55,Female,Seattle,Mobile Payment,15%
T2182,08-11-2023,P022,Toothpaste,Hygiene,1,4,4,C2182,29,Male,Seattle,Credit Card,15%
T4597,09-11-2023,P049,Antifungal Powder,Medicine,5,10,50,C4597,50,Female,New York,Credit Card,5%
T1005,09-11-2023,P032,Caffeine Pills,Supplement,5,5,25,C1005,46,Male,Seattle,Cash,15%
T2000,10-11-2023,P036,Tea Tree Oil,Skincare,2,12,24,C2000,30,Female,Boston,Credit Card,0%
T3962,10-11-2023,P026,Muscle Relaxant Cream,Medicine,3,25,75,C3962,57,Female,Los Angeles,Debit Card,15%
T4015,10-11-2023,P042,Green Tea Capsules,Supplement,5,10,50,C4015,56,Female,Seattle,Credit Card,10%
T4554,10-11-2023,P010,Lip Balm,Skincare,5,7,35,C4554,50,Female,San Francisco,Debit Card,15%
T0735,10-11-2023,P024,Collagen Powder,Supplement,4,30,120,C0735,41,Male,Denver,Cash,0%
T0844,11-11-2023,P006,Cough Drops,Medicine,5,2.5,12.5,C0844,40,Female,New York,Cash,15%
T3136,11-11-2023,P003,Cold Syrup,Medicine,2,8,16,C3136,52,Female,New York,Cash,15%
T4888,11-11-2023,P018,Moisturizing Lotion,Skincare,2,18,36,C4888,58,Male,San Francisco,Debit Card,10%
T3896,12-11-2023,P003,Cold Syrup,Medicine,5,8,40,C3896,57,Female,New York,Credit Card,5%
T2434,12-11-2023,P034,Hair Growth Serum,Haircare,3,28,84,C2434,18,Female,Seattle,Cash,10%
T1919,12-11-2023,P036,Tea Tree Oil,Skincare,5,12,60,C1919,39,Female,New York,Credit Card,15%
T3508,13-11-2023,P041,Digestive Enzymes,Supplement,1,18,18,C3508,57,Female,Seattle,Credit Card,10%
T2076,14-11-2023,P036,Tea Tree Oil,Skincare,1,12,12,C2076,27,Female,Miami,Credit Card,15%
T2243,15-11-2023,P022,Toothpaste,Hygiene,5,4,20,C2243,53,Female,Chicago,Debit Card,5%
T4892,15-11-2023,P013,Probiotic Supplement,Supplement,4,20,80,C4892,37,Male,Houston,Credit Card,10%
T1045,16-11-2023,P014,Calcium Tablets,Supplement,3,15,45,C1045,64,Male,Los Angeles,Cash,10%
T0662,16-11-2023,P008,Fish Oil Capsules,Supplement,5,18,90,C0662,42,Female,New York,Cash,10%
T3302,18-11-2023,P040,Hair Conditioner,Haircare,3,13,39,C3302,39,Female,Los Angeles,Debit Card,15%
T4924,19-11-2023,P029,Zinc Supplement,Supplement,4,10,40,C4924,45,Female,San Francisco,Credit Card,15%
T1561,19-11-2023,P004,Anti-Allergy Cream,Skincare,1,25,25,C1561,56,Female,New York,Mobile Payment,0%
T0733,22-11-2023,P006,Cough Drops,Medicine,2,2.5,5,C0733,49,Male,Chicago,Debit Card,0%
T2672,22-11-2023,P028,Omega-3 Capsules,Supplement,5,22,110,C2672,46,Female,Seattle,Debit Card,10%
T0028,23-11-2023,P015,Protein Powder,Nutrition,5,25,125,C0028,25,Female,Miami,Credit Card,0%
T4356,24-11-2023,P004,Anti-Allergy Cream,Skincare,5,25,125,C4356,27,Male,New York,Debit Card,10%
T1827,24-11-2023,P010,Lip Balm,Skincare,3,7,21,C1827,48,Male,San Francisco,Cash,10%
T3704,25-11-2023,P031,Hydration Powder,Nutrition,4,7,28,C3704,54,Female,Houston,Cash,15%
T4799,26-11-2023,P045,Vitamin C Serum,Skincare,1,25,25,C4799,54,Male,San Francisco,Credit Card,10%
T3357,26-11-2023,P021,Hand Sanitizer,Hygiene,5,3,15,C3357,36,Female,Chicago,Mobile Payment,5%
T4852,26-11-2023,P015,Protein Powder,Nutrition,2,25,50,C4852,48,Female,Houston,Debit Card,0%
T0912,27-11-2023,P036,Tea Tree Oil,Skincare,5,12,60,C0912,35,Female,Chicago,Credit Card,10%
T1216,28-11-2023,P032,Caffeine Pills,Supplement,4,5,20,C1216,54,Male,San Francisco,Credit Card,0%
T0444,29-11-2023,P032,Caffeine Pills,Supplement,4,5,20,C0444,61,Male,Denver,Cash,5%
T0426,30-11-2023,P002,Multivitamin Tablet,Supplement,5,15,75,C0426,65,Male,New York,Cash,0%
T2420,01-12-2023,P013,Probiotic Supplement,Supplement,4,20,80,C2420,23,Female,Seattle,Cash,15%
T1364,01-12-2023,P044,Joint Health Tablets,Supplement,3,32,96,C1364,56,Female,Houston,Debit Card,0%
T4724,01-12-2023,P003,Cold Syrup,Medicine,1,8,8,C4724,32,Female,Denver,Credit Card,10%
T0923,03-12-2023,P006,Cough Drops,Medicine,2,2.5,5,C0923,54,Male,New York,Credit Card,10%
T3294,03-12-2023,P048,Hydrocortisone Cream,Medicine,3,5,15,C3294,56,Male,Chicago,Credit Card,5%
T3432,03-12-2023,P050,Ear Drops,Medicine,2,6,12,C3432,24,Female,Denver,Cash,15%
T4043,03-12-2023,P045,Vitamin C Serum,Skincare,5,25,125,C4043,28,Female,Denver,Debit Card,5%
T1520,04-12-2023,P028,Omega-3 Capsules,Supplement,5,22,110,C1520,65,Female,Houston,Cash,0%
T2211,05-12-2023,P050,Ear Drops,Medicine,1,6,6,C2211,52,Male,Boston,Debit Card,0%
T4227,05-12-2023,P041,Digestive Enzymes,Supplement,1,18,18,C4227,47,Female,Houston,Debit Card,10%
T1368,05-12-2023,P030,Heart Health Supplement,Supplement,2,35,70,C1368,24,Male,Houston,Debit Card,0%
T4328,05-12-2023,P039,Nasal Spray,Medicine,2,8,16,C4328,36,Female,Denver,Mobile Payment,10%
T3914,06-12-2023,P043,Pain Relief Patch,Medicine,2,7,14,C3914,58,Female,Los Angeles,Mobile Payment,0%
T0738,06-12-2023,P004,Anti-Allergy Cream,Skincare,5,25,125,C0738,27,Female,Houston,Cash,15%
T4018,06-12-2023,P021,Hand Sanitizer,Hygiene,4,3,12,C4018,36,Female,Miami,Mobile Payment,0%
T1339,06-12-2023,P041,Digestive Enzymes,Supplement,2,18,36,C1339,34,Male,Miami,Debit Card,10%
T2687,06-12-2023,P012,Organic Face Wash,Skincare,3,10,30,C2687,24,Female,Denver,Mobile Payment,0%
T4176,07-12-2023,P006,Cough Drops,Medicine,5,2.5,12.5,C4176,60,Male,Miami,Credit Card,10%
T1288,07-12-2023,P027,All-Purpose Ointment,Medicine,1,6,6,C1288,54,Male,Seattle,Mobile Payment,0%
T4403,08-12-2023,P002,Multivitamin Tablet,Supplement,3,15,45,C4403,52,Female,New York,Cash,10%
T1329,08-12-2023,P031,Hydration Powder,Nutrition,1,7,7,C1329,38,Female,Seattle,Debit Card,15%
T0333,08-12-2023,P026,Muscle Relaxant Cream,Medicine,2,25,50,C0333,63,Female,Boston,Credit Card,5%
T3648,09-12-2023,P015,Protein Powder,Nutrition,5,25,125,C3648,62,Male,New York,Mobile Payment,5%
T4330,09-12-2023,P030,Heart Health Supplement,Supplement,3,35,105,C4330,35,Female,Seattle,Mobile Payment,10%
T3699,09-12-2023,P007,Diabetic Test Strips,Medical Equipment,2,50,100,C3699,44,Male,San Francisco,Cash,10%
T4884,11-12-2023,P047,Coconut Oil,Haircare,1,12,12,C4884,56,Female,Houston,Credit Card,0%
T2322,11-12-2023,P006,Cough Drops,Medicine,5,2.5,12.5,C2322,23,Male,Boston,Credit Card,0%
T2205,11-12-2023,P039,Nasal Spray,Medicine,1,8,8,C2205,32,Female,Houston,Credit Card,5%
T2637,12-12-2023,P001,Pain Relief Capsule,Medicine,3,10,30,C2637,28,Male,Seattle,Credit Card,5%
T2035,12-12-2023,P014,Calcium Tablets,Supplement,5,15,75,C2035,52,Female,Houston,Mobile Payment,10%
T0259,12-12-2023,P002,Multivitamin Tablet,Supplement,3,15,45,C0259,41,Male,Boston,Debit Card,10%
T1758,13-12-2023,P040,Hair Conditioner,Haircare,2,13,26,C1758,45,Female,Chicago,Credit Card,0%
T1406,14-12-2023,P008,Fish Oil Capsules,Supplement,5,18,90,C1406,40,Female,Seattle,Debit Card,10%
T3240,14-12-2023,P050,Ear Drops,Medicine,1,6,6,C3240,31,Male,Chicago,Credit Card,10%
T2557,14-12-2023,P017,Anti-Dandruff Shampoo,Haircare,1,14,14,C2557,54,Male,New York,Debit Card,10%
T0181,15-12-2023,P044,Joint Health Tablets,Supplement,4,32,128,C0181,32,Female,Denver,Cash,0%
T1249,15-12-2023,P050,Ear Drops,Medicine,3,6,18,C1249,21,Female,Seattle,Credit Card,10%
T4717,16-12-2023,P013,Probiotic Supplement,Supplement,1,20,20,C4717,51,Female,San Francisco,Mobile Payment,5%
T1572,16-12-2023,P014,Calcium Tablets,Supplement,2,15,30,C1572,62,Male,San Francisco,Mobile Payment,15%
T3078,16-12-2023,P025,Eye Drops,Medicine,2,12,24,C3078,40,Male,San Francisco,Debit Card,5%
T4625,16-12-2023,P037,Natural Deodorant,Hygiene,3,9,27,C4625,26,Female,Chicago,Debit Card,0%
T2635,17-12-2023,P025,Eye Drops,Medicine,4,12,48,C2635,26,Male,Miami,Credit Card,5%
T2585,17-12-2023,P038,Liver Health Supplement,Supplement,1,20,20,C2585,39,Female,Houston,Mobile Payment,15%
T1031,17-12-2023,P013,Probiotic Supplement,Supplement,3,20,60,C1031,49,Male,New York,Cash,10%
T3915,17-12-2023,P043,Pain Relief Patch,Medicine,4,7,28,C3915,22,Male,San Francisco,Debit Card,0%
T4731,17-12-2023,P024,Collagen Powder,Supplement,4,30,120,C4731,21,Male,Houston,Credit Card,15%
T0104,17-12-2023,P040,Hair Conditioner,Haircare,1,13,13,C0104,46,Female,Los Angeles,Mobile Payment,15%
T3863,17-12-2023,P048,Hydrocortisone Cream,Medicine,3,5,15,C3863,26,Male,Los Angeles,Credit Card,0%
T4332,17-12-2023,P016,Energy Drink,Beverage,2,5,10,C4332,61,Male,Boston,Credit Card,10%
T4714,18-12-2023,P010,Lip Balm,Skincare,4,7,28,C4714,43,Female,Denver,Credit Card,0%
T4623,18-12-2023,P028,Omega-3 Capsules,Supplement,5,22,110,C4623,40,Female,Denver,Cash,10%
T4472,18-12-2023,P015,Protein Powder,Nutrition,1,25,25,C4472,65,Male,New York,Mobile Payment,5%
T3520,19-12-2023,P023,Acne Treatment Gel,Skincare,4,16,64,C3520,53,Female,Seattle,Debit Card,10%
T0476,19-12-2023,P022,Toothpaste,Hygiene,5,4,20,C0476,48,Male,New York,Debit Card,0%
T1072,19-12-2023,P025,Eye Drops,Medicine,3,12,36,C1072,36,Male,Los Angeles,Credit Card,5%
T0526,20-12-2023,P005,Vitamin D3 Supplement,Supplement,3,12,36,C0526,59,Male,Boston,Cash,5%
T0903,21-12-2023,P043,Pain Relief Patch,Medicine,1,7,7,C0903,40,Male,Miami,Credit Card,5%
T4209,22-12-2023,P007,Diabetic Test Strips,Medical Equipment,1,50,50,C4209,52,Male,San Francisco,Cash,5%
T2974,22-12-2023,P034,Hair Growth Serum,Haircare,2,28,56,C2974,60,Male,New York,Debit Card,15%
T3118,24-12-2023,P020,Elderberry Syrup,Medicine,1,22,22,C3118,38,Female,New York,Debit Card,5%
T4500,24-12-2023,P034,Hair Growth Serum,Haircare,3,28,84,C4500,56,Male,Los Angeles,Debit Card,10%
T2990,24-12-2023,P032,Caffeine Pills,Supplement,4,5,20,C2990,62,Female,Los Angeles,Mobile Payment,0%
T1871,24-12-2023,P041,Digestive Enzymes,Supplement,3,18,54,C1871,41,Female,San Francisco,Cash,15%
T1266,24-12-2023,P008,Fish Oil Capsules,Supplement,2,18,36,C1266,50,Female,Denver,Mobile Payment,5%
T0665,25-12-2023,P046,Sunblock Cream,Skincare,3,20,60,C0665,37,Male,San Francisco,Credit Card,10%
T4480,25-12-2023,P007,Diabetic Test Strips,Medical Equipment,3,50,150,C4480,53,Female,Seattle,Mobile Payment,0%
T3174,25-12-2023,P021,Hand Sanitizer,Hygiene,5,3,15,C3174,31,Female,New York,Cash,5%
T0103,25-12-2023,P043,Pain Relief Patch,Medicine,2,7,14,C0103,26,Male,Boston,Credit Card,10%
T0721,26-12-2023,P047,Coconut Oil,Haircare,1,12,12,C0721,29,Male,Seattle,Credit Card,15%
T1029,26-12-2023,P011,Herbal Shampoo,Haircare,2,12,24,C1029,46,Female,Houston,Credit Card,0%
T3936,27-12-2023,P039,Nasal Spray,Medicine,1,8,8,C3936,28,Female,Denver,Mobile Payment,10%
T3066,28-12-2023,P004,Anti-Allergy Cream,Skincare,3,25,75,C3066,57,Female,San Francisco,Debit Card,0%
T3523,28-12-2023,P031,Hydration Powder,Nutrition,3,7,21,C3523,42,Female,San Francisco,Cash,0%
T2931,28-12-2023,P017,Anti-Dandruff Shampoo,Haircare,5,14,70,C2931,64,Female,Miami,Debit Card,5%
T1424,28-12-2023,P001,Pain Relief Capsule,Medicine,5,10,50,C1424,19,Female,Denver,Credit Card,0%
T2383,29-12-2023,P042,Green Tea Capsules,Supplement,3,10,30,C2383,18,Female,Los Angeles,Debit Card,10%
T0960,30-12-2023,P049,Antifungal Powder,Medicine,5,10,50,C0960,30,Female,Boston,Mobile Payment,5%
T3233,31-12-2023,P025,Eye Drops,Medicine,4,12,48,C3233,50,Female,Los Angeles,Cash,15%
